order_date,product_name,category,region,quantity,month,day,dayofweek,quarter,prev_demand,Predicted_Demand
2024-08-15,Fusion Earbuds,Accessories,East India,1,8,15,3,3,2.0,7.267499
2024-10-20,Fusion Earbuds,Accessories,East India,2,10,20,6,4,1.0,7.549901
2024-12-14,Fusion Earbuds,Accessories,East India,2,12,14,5,4,1.0,9.472387
2021-01-31,Fusion Earbuds,Accessories,North India,60,1,31,6,1,43.0,7.891831
2021-03-04,Fusion Earbuds,Accessories,North India,19,3,4,3,1,4.0,8.977653
2021-04-06,Fusion Earbuds,Accessories,North India,1,4,6,1,2,4.0,8.706651
2021-05-16,Fusion Earbuds,Accessories,North India,2,5,16,6,2,19.0,10.789235
2021-06-25,Fusion Earbuds,Accessories,North India,4,6,25,4,2,1.0,7.529754
2021-08-14,Fusion Earbuds,Accessories,North India,2,8,14,5,3,2.0,4.282113
2021-09-13,Fusion Earbuds,Accessories,North India,30,9,13,0,3,4.0,9.138379
2021-10-25,Fusion Earbuds,Accessories,North India,25,10,25,0,4,6.0,6.171429
2021-12-12,Fusion Earbuds,Accessories,North India,9,12,12,6,4,4.0,5.6358
2022-01-11,Fusion Earbuds,Accessories,North India,5,1,11,1,1,3.0,6.0790462
2022-02-17,Fusion Earbuds,Accessories,North India,5,2,17,3,1,1.0,5.9393597
2022-03-23,Fusion Earbuds,Accessories,North India,1,3,23,2,1,2.0,5.291835
2022-06-21,Fusion Earbuds,Accessories,North India,1,6,21,1,2,2.0,7.81394
2022-09-24,Fusion Earbuds,Accessories,North India,3,9,24,5,3,6.0,5.017138
2022-11-05,Fusion Earbuds,Accessories,North India,5,11,5,5,4,1.0,6.6424465
2022-12-15,Fusion Earbuds,Accessories,North India,10,12,15,3,4,1.0,5.057147
2023-03-14,Fusion Earbuds,Accessories,North India,4,3,14,1,1,2.0,5.9144077
2023-05-03,Fusion Earbuds,Accessories,North India,1,5,3,2,2,1.0,6.25944
2023-06-28,Fusion Earbuds,Accessories,North India,3,6,28,2,2,3.0,11.92537
2023-09-05,Fusion Earbuds,Accessories,North India,27,9,5,1,3,2.0,18.901539
2023-10-12,Fusion Earbuds,Accessories,North India,2,10,12,3,4,2.0,6.4997463
2023-11-14,Fusion Earbuds,Accessories,North India,11,11,14,1,4,57.0,6.2119412
2024-01-08,Fusion Earbuds,Accessories,North India,3,1,8,0,1,1.0,6.3530173
2024-02-13,Fusion Earbuds,Accessories,North India,3,2,13,1,1,14.0,7.0756564
2024-03-22,Fusion Earbuds,Accessories,North India,1,3,22,4,1,3.0,6.823071
2024-05-25,Fusion Earbuds,Accessories,North India,2,5,25,5,2,1.0,9.634463
2024-07-26,Fusion Earbuds,Accessories,North India,1,7,26,4,3,3.0,12.184244
2024-10-19,Fusion Earbuds,Accessories,North India,46,10,19,5,4,2.0,8.555711
2024-11-16,Fusion Earbuds,Accessories,North India,1,11,16,5,4,29.0,12.85521
2021-01-04,Fusion Earbuds,Accessories,South India,14,1,4,0,1,144.0,12.973498
2021-02-02,Fusion Earbuds,Accessories,South India,33,2,2,1,1,6.0,8.170677
2021-03-11,Fusion Earbuds,Accessories,South India,4,3,11,3,1,5.0,10.328163
2021-06-25,Fusion Earbuds,Accessories,South India,1,6,25,4,2,9.0,6.5052657
2021-08-07,Fusion Earbuds,Accessories,South India,5,8,7,5,3,1.0,5.694027
2021-09-18,Fusion Earbuds,Accessories,South India,2,9,18,5,3,2.0,6.7215223
2021-11-03,Fusion Earbuds,Accessories,South India,46,11,3,2,4,27.0,6.7215223
2021-12-25,Fusion Earbuds,Accessories,South India,5,12,25,5,4,5.0,12.187304
2022-02-21,Fusion Earbuds,Accessories,South India,3,2,21,0,1,1.0,11.161317
2022-04-11,Fusion Earbuds,Accessories,South India,1,4,11,0,2,3.0,3.8966863
2022-05-26,Fusion Earbuds,Accessories,South India,2,5,26,3,2,5.0,7.22271
2022-07-13,Fusion Earbuds,Accessories,South India,2,7,13,2,3,1.0,7.918306
2022-09-09,Fusion Earbuds,Accessories,South India,3,9,9,4,3,2.0,6.9754333
2022-10-18,Fusion Earbuds,Accessories,South India,101,10,18,1,4,12.0,5.630577
2022-12-02,Fusion Earbuds,Accessories,South India,2,12,2,4,4,3.0,10.390986
2023-01-13,Fusion Earbuds,Accessories,South India,1,1,13,4,1,1.0,8.964294
2023-04-20,Fusion Earbuds,Accessories,South India,2,4,20,3,2,1.0,6.5605955
2023-06-01,Fusion Earbuds,Accessories,South India,1,6,1,3,2,4.0,8.308041
2023-07-01,Fusion Earbuds,Accessories,South India,11,7,1,5,3,2.0,9.948029
2023-08-11,Fusion Earbuds,Accessories,South India,6,8,11,4,3,1.0,7.4504313
2023-10-01,Fusion Earbuds,Accessories,South India,2,10,1,6,4,3.0,8.5783205
2023-11-12,Fusion Earbuds,Accessories,South India,7,11,12,6,4,51.0,9.469686
2023-12-18,Fusion Earbuds,Accessories,South India,65,12,18,0,4,2.0,6.519186
2024-01-27,Fusion Earbuds,Accessories,South India,3,1,27,5,1,4.0,6.7384343
2024-03-12,Fusion Earbuds,Accessories,South India,4,3,12,1,1,6.0,7.750251
2024-04-15,Fusion Earbuds,Accessories,South India,1,4,15,0,2,4.0,7.8685417
2024-06-03,Fusion Earbuds,Accessories,South India,21,6,3,0,2,5.0,8.695651
2024-07-16,Fusion Earbuds,Accessories,South India,49,7,16,1,3,1.0,9.239415
2024-10-14,Fusion Earbuds,Accessories,South India,1,10,14,0,4,3.0,7.3982573
2024-11-14,Fusion Earbuds,Accessories,South India,1,11,14,3,4,3.0,8.055768
2024-12-18,Fusion Earbuds,Accessories,South India,50,12,18,2,4,21.0,8.279406
2021-01-20,Fusion Earbuds,Accessories,West India,32,1,20,2,1,6.0,6.596385
2021-02-25,Fusion Earbuds,Accessories,West India,58,2,25,3,1,2.0,6.7676444
2021-03-30,Fusion Earbuds,Accessories,West India,5,3,30,1,1,1.0,7.0960784
2021-05-07,Fusion Earbuds,Accessories,West India,2,5,7,4,2,1.0,8.111127
2021-06-20,Fusion Earbuds,Accessories,West India,3,6,20,6,2,4.0,7.186387
2021-08-03,Fusion Earbuds,Accessories,West India,1,8,3,1,3,1.0,6.5995665
2021-09-15,Fusion Earbuds,Accessories,West India,1,9,15,2,3,3.0,7.4860344
2021-10-18,Fusion Earbuds,Accessories,West India,2,10,18,0,4,1.0,6.8202515
2021-11-18,Fusion Earbuds,Accessories,West India,2,11,18,3,4,21.0,8.968469
2022-01-02,Fusion Earbuds,Accessories,West India,2,1,2,6,1,51.0,9.858719
2022-04-18,Fusion Earbuds,Accessories,West India,2,4,18,0,2,4.0,5.409699
2022-09-10,Fusion Earbuds,Accessories,West India,4,9,10,5,3,1.0,6.234078
2022-11-28,Fusion Earbuds,Accessories,West India,3,11,28,0,4,2.0,8.073435
2023-01-16,Fusion Earbuds,Accessories,West India,1,1,16,0,1,4.0,8.941436
2023-04-06,Fusion Earbuds,Accessories,West India,2,4,6,3,2,1.0,12.448571
2023-06-03,Fusion Earbuds,Accessories,West India,2,6,3,5,2,2.0,8.14773
2023-09-17,Fusion Earbuds,Accessories,West India,4,9,17,6,3,4.0,7.4516273
2023-10-27,Fusion Earbuds,Accessories,West India,1,10,27,4,4,1.0,9.007872
2023-12-10,Fusion Earbuds,Accessories,West India,1,12,10,6,4,2.0,10.241544
2024-01-27,Fusion Earbuds,Accessories,West India,5,1,27,5,1,2.0,7.5502243
2024-03-10,Fusion Earbuds,Accessories,West India,2,3,10,6,1,3.0,7.942517
2024-04-26,Fusion Earbuds,Accessories,West India,1,4,26,4,2,1.0,5.508245
2024-08-29,Fusion Earbuds,Accessories,West India,1,8,29,3,3,2.0,5.523622
2024-10-22,Fusion Earbuds,Accessories,West India,63,10,22,1,4,5.0,6.864535
2024-12-29,Fusion Earbuds,Accessories,West India,1,12,29,6,4,1.0,9.403988
2021-07-17,Fusion Keyboard,Accessories,Central India,1,7,17,5,3,1.0,7.1099486
2021-12-15,Fusion Keyboard,Accessories,Central India,1,12,15,2,4,2.0,7.1099486
2022-04-23,Fusion Keyboard,Accessories,Central India,2,4,23,5,2,2.0,7.601188
2022-10-05,Fusion Keyboard,Accessories,Central India,1,10,5,2,4,1.0,6.588709
2023-02-12,Fusion Keyboard,Accessories,Central India,4,2,12,6,1,1.0,7.3727827
2023-09-22,Fusion Keyboard,Accessories,Central India,1,9,22,4,3,1.0,13.559961
2024-02-04,Fusion Keyboard,Accessories,Central India,1,2,4,6,1,1.0,9.657899
2024-08-18,Fusion Keyboard,Accessories,Central India,1,8,18,6,3,1.0,6.923527
2021-05-14,Fusion Keyboard,Accessories,East India,1,5,14,4,2,24.0,6.587054
2021-08-10,Fusion Keyboard,Accessories,East India,7,8,10,1,3,2.0,8.033169
2021-11-09,Fusion Keyboard,Accessories,East India,3,11,9,1,4,2.0,7.802282
2022-02-10,Fusion Keyboard,Accessories,East India,1,2,10,3,1,1.0,15.405008
2023-01-27,Fusion Keyboard,Accessories,East India,2,1,27,4,1,2.0,7.7748847
2023-09-26,Fusion Keyboard,Accessories,East India,1,9,26,1,3,1.0,8.839839
2023-12-05,Fusion Keyboard,Accessories,East India,1,12,5,1,4,1.0,12.861061
2024-03-16,Fusion Keyboard,Accessories,East India,2,3,16,5,1,2.0,11.663122
2024-07-11,Fusion Keyboard,Accessories,East India,1,7,11,3,3,1.0,7.325842
2024-09-30,Fusion Keyboard,Accessories,East India,1,9,30,0,3,1.0,6.954814
2024-11-09,Fusion Keyboard,Accessories,East India,3,11,9,5,4,1.0,8.032369
2021-04-14,Fusion Keyboard,Accessories,North India,21,4,14,2,2,7.0,10.49964
2021-05-13,Fusion Keyboard,Accessories,North India,3,5,13,3,2,1.0,7.7362924
2021-06-20,Fusion Keyboard,Accessories,North India,1,6,20,6,2,2.0,6.784669
2021-07-30,Fusion Keyboard,Accessories,North India,3,7,30,4,3,42.0,6.71127
2021-09-04,Fusion Keyboard,Accessories,North India,21,9,4,5,3,1.0,7.016645
2022-02-21,Fusion Keyboard,Accessories,North India,1,2,21,0,1,1.0,6.9027615
2022-04-18,Fusion Keyboard,Accessories,North India,27,4,18,0,2,5.0,9.0416975
2022-06-15,Fusion Keyboard,Accessories,North India,2,6,15,2,2,1.0,11.701184
2022-07-28,Fusion Keyboard,Accessories,North India,2,7,28,3,3,1.0,7.1713953
2022-09-16,Fusion Keyboard,Accessories,North India,4,9,16,4,3,2.0,10.242296
2022-10-28,Fusion Keyboard,Accessories,North India,2,10,28,4,4,3.0,7.1566725
2022-12-02,Fusion Keyboard,Accessories,North India,3,12,2,4,4,4.0,5.811816
2023-01-21,Fusion Keyboard,Accessories,North India,44,1,21,5,1,1.0,7.4875603
2023-03-24,Fusion Keyboard,Accessories,North India,26,3,24,4,1,1.0,13.874769
2023-06-19,Fusion Keyboard,Accessories,North India,2,6,19,0,2,3.0,11.075212
2023-08-20,Fusion Keyboard,Accessories,North India,35,8,20,6,3,30.0,8.628142
2023-12-02,Fusion Keyboard,Accessories,North India,3,12,2,5,4,5.0,6.977419
2024-03-26,Fusion Keyboard,Accessories,North India,51,3,26,1,1,1.0,7.176182
2024-05-19,Fusion Keyboard,Accessories,North India,1,5,19,6,2,1.0,7.743721
2024-08-06,Fusion Keyboard,Accessories,North India,1,8,6,1,3,1.0,8.661283
2024-09-26,Fusion Keyboard,Accessories,North India,1,9,26,3,3,2.0,8.181474
2024-11-14,Fusion Keyboard,Accessories,North India,39,11,14,3,4,2.0,7.609025
2021-04-10,Fusion Keyboard,Accessories,South India,72,4,10,5,2,0.0,7.694105
2021-05-25,Fusion Keyboard,Accessories,South India,3,5,25,1,2,38.0,6.9100313
2021-07-22,Fusion Keyboard,Accessories,South India,2,7,22,3,3,1.0,7.694105
2021-09-26,Fusion Keyboard,Accessories,South India,3,9,26,6,3,46.0,7.9649744
2021-11-21,Fusion Keyboard,Accessories,South India,48,11,21,6,4,56.0,9.198647
2022-01-09,Fusion Keyboard,Accessories,South India,1,1,9,6,1,11.0,7.788989
2022-02-17,Fusion Keyboard,Accessories,South India,1,2,17,3,1,1.0,7.21654
2022-03-29,Fusion Keyboard,Accessories,South India,2,3,29,1,1,1.0,6.094671
2022-05-05,Fusion Keyboard,Accessories,South India,5,5,5,3,2,47.0,5.9387884
2022-06-21,Fusion Keyboard,Accessories,South India,1,6,21,1,2,2.0,7.5769777
2022-08-05,Fusion Keyboard,Accessories,South India,2,8,5,4,3,2.0,7.7001853
2022-09-29,Fusion Keyboard,Accessories,South India,3,9,29,3,3,1.0,8.85844
2022-11-02,Fusion Keyboard,Accessories,South India,1,11,2,2,4,47.0,7.453831
2023-01-16,Fusion Keyboard,Accessories,South India,3,1,16,0,1,3.0,6.792904
2023-02-22,Fusion Keyboard,Accessories,South India,4,2,22,2,1,3.0,7.8053837
2023-04-18,Fusion Keyboard,Accessories,South India,41,4,18,1,2,4.0,7.046815
2023-06-10,Fusion Keyboard,Accessories,South India,4,6,10,5,2,1.0,8.576036
2023-08-19,Fusion Keyboard,Accessories,South India,4,8,19,5,3,3.0,6.9177938
2023-09-30,Fusion Keyboard,Accessories,South India,1,9,30,5,3,1.0,10.0098095
2023-11-10,Fusion Keyboard,Accessories,South India,53,11,10,4,4,6.0,8.134971
2023-12-06,Fusion Keyboard,Accessories,South India,3,12,6,2,4,3.0,5.1263065
2024-01-27,Fusion Keyboard,Accessories,South India,4,1,27,5,1,6.0,6.4383163
2024-03-15,Fusion Keyboard,Accessories,South India,2,3,15,4,1,3.0,6.1133566
2024-04-23,Fusion Keyboard,Accessories,South India,6,4,23,1,2,2.0,6.740284
2024-06-21,Fusion Keyboard,Accessories,South India,2,6,21,4,2,1.0,6.231999
2024-08-11,Fusion Keyboard,Accessories,South India,3,8,11,6,3,28.0,5.9449477
2024-10-01,Fusion Keyboard,Accessories,South India,1,10,1,1,4,2.0,5.862705
2024-11-08,Fusion Keyboard,Accessories,South India,3,11,8,4,4,1.0,6.08822
2024-12-18,Fusion Keyboard,Accessories,South India,1,12,18,2,4,30.0,5.505096
2021-05-03,Fusion Keyboard,Accessories,West India,1,5,3,0,2,1.0,5.505096
2021-06-23,Fusion Keyboard,Accessories,West India,1,6,23,2,2,1.0,7.004931
2021-08-20,Fusion Keyboard,Accessories,West India,2,8,20,4,3,1.0,6.4206448
2021-10-03,Fusion Keyboard,Accessories,West India,3,10,3,6,4,2.0,5.969249
2021-11-13,Fusion Keyboard,Accessories,West India,3,11,13,5,4,1.0,5.5305505
2022-02-10,Fusion Keyboard,Accessories,West India,1,2,10,3,1,2.0,5.3884835
2022-04-13,Fusion Keyboard,Accessories,West India,2,4,13,2,2,3.0,5.7323613
2022-06-20,Fusion Keyboard,Accessories,West India,2,6,20,0,2,4.0,7.6354427
2022-09-19,Fusion Keyboard,Accessories,West India,27,9,19,0,3,2.0,5.628611
2022-10-30,Fusion Keyboard,Accessories,West India,2,10,30,6,4,2.0,6.6345897
2022-12-29,Fusion Keyboard,Accessories,West India,3,12,29,3,4,4.0,-2.817358
2023-03-17,Fusion Keyboard,Accessories,West India,3,3,17,4,1,1.0,5.6297836
2023-05-29,Fusion Keyboard,Accessories,West India,1,5,29,0,2,17.0,8.353168
2023-08-03,Fusion Keyboard,Accessories,West India,1,8,3,3,3,1.0,6.757736
2023-10-13,Fusion Keyboard,Accessories,West India,7,10,13,4,4,3.0,8.496466
2023-12-30,Fusion Keyboard,Accessories,West India,27,12,30,5,4,1.0,8.2853565
2024-02-24,Fusion Keyboard,Accessories,West India,1,2,24,5,1,1.0,6.6840177
2024-04-19,Fusion Keyboard,Accessories,West India,11,4,19,4,2,2.0,5.0987167
2024-06-20,Fusion Keyboard,Accessories,West India,1,6,20,3,2,1.0,6.5970984
2024-08-11,Fusion Keyboard,Accessories,West India,1,8,11,6,3,2.0,7.4491663
2024-10-11,Fusion Keyboard,Accessories,West India,4,10,11,4,4,1.0,5.835952
2024-12-13,Fusion Keyboard,Accessories,West India,1,12,13,4,4,1.0,10.367025
2021-08-18,Fusion Mouse,Accessories,Central India,27,8,18,2,3,1.0,6.4351735
2021-11-19,Fusion Mouse,Accessories,Central India,1,11,19,4,4,1.0,5.011184
2022-06-14,Fusion Mouse,Accessories,Central India,3,6,14,1,2,1.0,4.6326227
2022-11-21,Fusion Mouse,Accessories,Central India,2,11,21,0,4,1.0,5.584227
2023-08-06,Fusion Mouse,Accessories,Central India,1,8,6,6,3,1.0,5.0733943
2024-01-20,Fusion Mouse,Accessories,Central India,1,1,20,5,1,1.0,5.0733943
2024-08-11,Fusion Mouse,Accessories,Central India,2,8,11,6,3,1.0,8.040689
2021-05-02,Fusion Mouse,Accessories,East India,1,5,2,6,2,1.0,9.586554
2021-10-13,Fusion Mouse,Accessories,East India,3,10,13,2,4,1.0,5.9320617
2022-01-02,Fusion Mouse,Accessories,East India,2,1,2,6,1,1.0,5.408611
2022-04-20,Fusion Mouse,Accessories,East India,46,4,20,2,2,2.0,8.031652
2022-08-31,Fusion Mouse,Accessories,East India,1,8,31,2,3,1.0,5.8401904
2023-03-01,Fusion Mouse,Accessories,East India,1,3,1,2,1,2.0,6.5810814
2023-06-11,Fusion Mouse,Accessories,East India,1,6,11,6,2,3.0,5.9163957
2024-02-09,Fusion Mouse,Accessories,East India,4,2,9,4,1,1.0,5.3990326
2024-04-26,Fusion Mouse,Accessories,East India,1,4,26,4,2,2.0,5.3990326
2024-09-21,Fusion Mouse,Accessories,East India,1,9,21,5,3,1.0,8.992246
2024-11-23,Fusion Mouse,Accessories,East India,3,11,23,5,4,165.0,7.174872
2021-08-17,Fusion Mouse,Accessories,North India,1,8,17,1,3,1.0,4.8220415
2021-11-08,Fusion Mouse,Accessories,North India,3,11,8,0,4,25.0,7.6159325
2022-02-20,Fusion Mouse,Accessories,North India,12,2,20,6,1,23.0,5.044616
2022-04-07,Fusion Mouse,Accessories,North India,1,4,7,3,2,6.0,4.6735883
2022-05-20,Fusion Mouse,Accessories,North India,7,5,20,4,2,1.0,6.119444
2022-08-27,Fusion Mouse,Accessories,North India,2,8,27,5,3,3.0,4.7609944
2022-10-17,Fusion Mouse,Accessories,North India,9,10,17,0,4,65.0,6.403016
2022-11-27,Fusion Mouse,Accessories,North India,15,11,27,6,4,1.0,10.395428
2023-01-08,Fusion Mouse,Accessories,North India,3,1,8,6,1,2.0,5.7667637
2023-02-25,Fusion Mouse,Accessories,North India,23,2,25,5,1,122.0,5.7111316
2023-04-05,Fusion Mouse,Accessories,North India,3,4,5,2,2,1.0,5.1174526
2023-05-19,Fusion Mouse,Accessories,North India,24,5,19,4,2,3.0,5.7046742
2023-10-18,Fusion Mouse,Accessories,North India,1,10,18,2,4,2.0,6.1924515
2023-12-10,Fusion Mouse,Accessories,North India,2,12,10,6,4,2.0,6.0743065
2024-02-03,Fusion Mouse,Accessories,North India,3,2,3,5,1,1.0,5.7223444
2024-04-02,Fusion Mouse,Accessories,North India,1,4,2,1,2,6.0,4.980923
2024-05-18,Fusion Mouse,Accessories,North India,2,5,18,5,2,3.0,5.3641114
2024-07-04,Fusion Mouse,Accessories,North India,1,7,4,3,3,1.0,5.020234
2024-09-06,Fusion Mouse,Accessories,North India,1,9,6,4,3,2.0,8.958457
2024-10-27,Fusion Mouse,Accessories,North India,57,10,27,6,4,2.0,7.606456
2024-12-02,Fusion Mouse,Accessories,North India,1,12,2,0,4,1.0,5.6437335
2021-04-27,Fusion Mouse,Accessories,South India,3,4,27,1,2,1.0,5.931459
2021-06-07,Fusion Mouse,Accessories,South India,2,6,7,0,2,7.0,7.140934
2021-07-17,Fusion Mouse,Accessories,South India,3,7,17,5,3,2.0,6.0137434
2021-08-24,Fusion Mouse,Accessories,South India,2,8,24,1,3,3.0,5.5384264
2021-10-04,Fusion Mouse,Accessories,South India,3,10,4,0,4,2.0,7.45477
2022-01-18,Fusion Mouse,Accessories,South India,3,1,18,1,1,4.0,5.501311
2022-03-16,Fusion Mouse,Accessories,South India,1,3,16,2,1,4.0,6.8161635
2022-05-06,Fusion Mouse,Accessories,South India,5,5,6,4,2,5.0,7.3391037
2022-06-17,Fusion Mouse,Accessories,South India,13,6,17,4,2,2.0,6.574079
2022-07-31,Fusion Mouse,Accessories,South India,3,7,31,6,3,2.0,6.4044476
2022-10-01,Fusion Mouse,Accessories,South India,7,10,1,5,4,1.0,5.8201613
2022-11-03,Fusion Mouse,Accessories,South India,1,11,3,3,4,1.0,5.572559
2022-12-02,Fusion Mouse,Accessories,South India,2,12,2,4,4,42.0,4.723134
2023-02-15,Fusion Mouse,Accessories,South India,3,2,15,2,1,2.0,5.9171877
2023-03-24,Fusion Mouse,Accessories,South India,1,3,24,4,1,3.0,5.414416
2023-06-30,Fusion Mouse,Accessories,South India,2,6,30,4,2,1.0,7.5689735
2023-08-28,Fusion Mouse,Accessories,South India,1,8,28,0,3,5.0,5.970417
2023-10-08,Fusion Mouse,Accessories,South India,46,10,8,6,4,46.0,10.453986
2023-11-20,Fusion Mouse,Accessories,South India,2,11,20,0,4,2.0,5.7164454
2023-12-27,Fusion Mouse,Accessories,South India,1,12,27,2,4,1.0,5.7403793
2024-02-05,Fusion Mouse,Accessories,South India,1,2,5,0,1,5.0,4.7491627
2024-03-21,Fusion Mouse,Accessories,South India,2,3,21,3,1,1.0,5.9456964
2024-05-10,Fusion Mouse,Accessories,South India,3,5,10,4,2,1.0,5.773365
2024-07-02,Fusion Mouse,Accessories,South India,1,7,2,1,3,3.0,5.864488
2024-08-14,Fusion Mouse,Accessories,South India,6,8,14,2,3,40.0,7.7245345
2024-09-13,Fusion Mouse,Accessories,South India,13,9,13,4,3,1.0,6.2073483
2024-11-24,Fusion Mouse,Accessories,South India,27,11,24,6,4,88.0,6.231282
2021-04-24,Fusion Mouse,Accessories,West India,1,4,24,5,2,2.0,8.649811
2021-06-06,Fusion Mouse,Accessories,West India,35,6,6,6,2,4.0,8.381551
2021-07-15,Fusion Mouse,Accessories,West India,4,7,15,3,3,43.0,6.615377
2021-09-10,Fusion Mouse,Accessories,West India,1,9,10,4,3,3.0,7.0415406
2021-10-23,Fusion Mouse,Accessories,West India,3,10,23,5,4,71.0,5.1550403
2021-11-26,Fusion Mouse,Accessories,West India,3,11,26,4,4,2.0,6.5459623
2022-01-16,Fusion Mouse,Accessories,West India,3,1,16,6,1,2.0,7.983782
2022-03-25,Fusion Mouse,Accessories,West India,17,3,25,4,1,3.0,11.3538475
2022-06-19,Fusion Mouse,Accessories,West India,3,6,19,6,2,2.0,10.378091
2022-08-22,Fusion Mouse,Accessories,West India,5,8,22,0,3,1.0,7.4485245
2022-10-18,Fusion Mouse,Accessories,West India,4,10,18,1,4,5.0,8.479727
2022-12-02,Fusion Mouse,Accessories,West India,1,12,2,4,4,2.0,7.2407274
2023-04-16,Fusion Mouse,Accessories,West India,5,4,16,6,2,2.0,9.350495
2023-06-29,Fusion Mouse,Accessories,West India,2,6,29,3,2,1.0,9.112412
2023-09-12,Fusion Mouse,Accessories,West India,2,9,12,1,3,2.0,10.176012
2023-11-03,Fusion Mouse,Accessories,West India,3,11,3,4,4,3.0,15.44819
2024-01-03,Fusion Mouse,Accessories,West India,46,1,3,2,1,1.0,8.572089
2024-03-13,Fusion Mouse,Accessories,West India,3,3,13,2,1,1.0,9.250097
2024-05-04,Fusion Mouse,Accessories,West India,1,5,4,5,2,1.0,9.20963
2024-07-10,Fusion Mouse,Accessories,West India,1,7,10,2,3,40.0,10.690738
2024-10-17,Fusion Mouse,Accessories,West India,1,10,17,3,4,48.0,12.9219265
2022-04-12,Fusion Watch Lite,Wearables,Central India,1,4,12,1,2,1.0,15.831945
2021-12-26,Fusion Watch Lite,Wearables,East India,1,12,26,6,4,1.0,17.204834
2023-06-02,Fusion Watch Lite,Wearables,East India,1,6,2,4,2,109.0,17.065151
2021-11-18,Fusion Watch Lite,Wearables,North India,1,11,18,3,4,1.0,16.497805
2022-06-19,Fusion Watch Lite,Wearables,North India,29,6,19,6,2,1.0,20.471384
2023-04-27,Fusion Watch Lite,Wearables,North India,2,4,27,3,2,1.0,16.947163
2024-05-25,Fusion Watch Lite,Wearables,North India,1,5,25,5,2,2.0,21.377714
2021-10-24,Fusion Watch Lite,Wearables,South India,3,10,24,6,4,1.0,20.348484
2022-05-15,Fusion Watch Lite,Wearables,South India,3,5,15,6,2,1.0,20.022755
2022-11-18,Fusion Watch Lite,Wearables,South India,1,11,18,4,4,1.0,17.098541
2023-08-06,Fusion Watch Lite,Wearables,South India,1,8,6,6,3,1.0,22.602312
2023-12-15,Fusion Watch Lite,Wearables,South India,1,12,15,4,4,2.0,47.90339
2024-06-07,Fusion Watch Lite,Wearables,South India,1,6,7,4,2,1.0,9.4540825
2024-11-05,Fusion Watch Lite,Wearables,South India,1,11,5,1,4,1.0,20.48371
2022-01-31,Fusion Watch Lite,Wearables,West India,1,1,31,0,1,1.0,9.505884
2022-07-17,Fusion Watch Lite,Wearables,West India,1,7,17,6,3,1.0,12.849629
2022-12-28,Fusion Watch Lite,Wearables,West India,1,12,28,2,4,1.0,10.501874
2023-06-06,Fusion Watch Lite,Wearables,West India,1,6,6,1,2,1.0,10.662313
2023-11-25,Fusion Watch Lite,Wearables,West India,1,11,25,5,4,1.0,8.550063
2024-05-23,Fusion Watch Lite,Wearables,West India,1,5,23,3,2,1.0,14.485161
2022-05-05,Fusion Watch Pro,Wearables,Central India,1,5,5,3,2,1.0,19.55208
2022-04-19,Fusion Watch Pro,Wearables,East India,1,4,19,1,2,1.0,9.985174
2023-09-09,Fusion Watch Pro,Wearables,East India,1,9,9,5,3,1.0,9.553589
2024-11-14,Fusion Watch Pro,Wearables,East India,1,11,14,3,4,2.0,9.182559
2022-07-01,Fusion Watch Pro,Wearables,North India,1,7,1,4,3,1.0,10.108271
2023-01-03,Fusion Watch Pro,Wearables,North India,1,1,3,1,1,1.0,9.166484
2023-05-21,Fusion Watch Pro,Wearables,North India,1,5,21,6,2,1.0,9.254456
2023-11-15,Fusion Watch Pro,Wearables,North India,2,11,15,2,4,14.0,12.013117
2024-05-11,Fusion Watch Pro,Wearables,North India,88,5,11,5,2,1.0,16.65243
2024-10-12,Fusion Watch Pro,Wearables,North India,1,10,12,5,4,1.0,9.884954
2022-04-15,Fusion Watch Pro,Wearables,South India,2,4,15,4,2,1.0,19.869825
2022-06-02,Fusion Watch Pro,Wearables,South India,1,6,2,3,2,3.0,7.419855
2022-10-30,Fusion Watch Pro,Wearables,South India,1,10,30,6,4,1.0,6.3221855
2023-04-04,Fusion Watch Pro,Wearables,South India,1,4,4,1,2,1.0,7.913342
2023-08-22,Fusion Watch Pro,Wearables,South India,1,8,22,1,3,1.0,13.6809845
2024-03-08,Fusion Watch Pro,Wearables,South India,1,3,8,4,1,1.0,9.979135
2024-07-17,Fusion Watch Pro,Wearables,South India,2,7,17,2,3,1.0,9.271803
2024-11-20,Fusion Watch Pro,Wearables,South India,2,11,20,2,4,1.0,7.7162986
2022-10-28,Fusion Watch Pro,Wearables,West India,18,10,28,4,4,1.0,7.7660437
2023-05-21,Fusion Watch Pro,Wearables,West India,21,5,21,6,2,1.0,7.9671645
2023-11-18,Fusion Watch Pro,Wearables,West India,1,11,18,5,4,2.0,8.714559
2024-06-25,Fusion Watch Pro,Wearables,West India,47,6,25,1,2,1.0,10.407898
2021-02-05,FusionBook Air,Laptops,Central India,11,2,5,4,1,1.0,8.116435
2021-04-25,FusionBook Air,Laptops,Central India,137,4,25,6,2,136.0,8.292894
2021-08-26,FusionBook Air,Laptops,Central India,1,8,26,3,3,94.0,9.438298
2022-04-15,FusionBook Air,Laptops,Central India,1,4,15,4,2,17.0,7.6414433
2022-08-21,FusionBook Air,Laptops,Central India,33,8,21,6,3,1.0,7.3640447
2023-02-27,FusionBook Air,Laptops,Central India,1,2,27,0,1,37.0,6.271608
2023-08-17,FusionBook Air,Laptops,Central India,44,8,17,3,3,1.0,8.313917
2024-02-02,FusionBook Air,Laptops,Central India,1,2,2,4,1,1.0,7.238421
2024-11-19,FusionBook Air,Laptops,Central India,1,11,19,1,4,71.0,6.711882
2021-02-17,FusionBook Air,Laptops,East India,129,2,17,2,1,28.0,7.3748646
2021-04-09,FusionBook Air,Laptops,East India,41,4,9,4,2,82.0,7.803859
2021-06-06,FusionBook Air,Laptops,East India,108,6,6,6,2,172.0,10.426838
2021-07-21,FusionBook Air,Laptops,East India,42,7,21,2,3,116.0,8.236298
2021-09-24,FusionBook Air,Laptops,East India,21,9,24,4,3,331.0,8.589775
2021-11-20,FusionBook Air,Laptops,East India,1,11,20,5,4,1.0,8.076982
2022-05-03,FusionBook Air,Laptops,East India,1,5,3,1,2,188.0,4.574812
2022-08-07,FusionBook Air,Laptops,East India,1,8,7,6,3,23.0,6.171429
2022-10-31,FusionBook Air,Laptops,East India,119,10,31,0,4,1.0,5.319688
2023-02-27,FusionBook Air,Laptops,East India,24,2,27,0,1,18.0,6.0523734
2023-06-25,FusionBook Air,Laptops,East India,85,6,25,6,2,43.0,5.6320643
2023-09-25,FusionBook Air,Laptops,East India,1,9,25,0,3,50.0,5.450495
2024-03-05,FusionBook Air,Laptops,East India,1,3,5,1,1,1.0,5.032249
2024-10-21,FusionBook Air,Laptops,East India,84,10,21,0,4,84.0,5.017138
2021-03-07,FusionBook Air,Laptops,North India,115,3,7,6,1,213.0,6.50276
2021-04-17,FusionBook Air,Laptops,North India,1,4,17,5,2,179.0,4.5682817
2021-06-07,FusionBook Air,Laptops,North India,138,6,7,0,2,26.0,5.3720727
2021-07-29,FusionBook Air,Laptops,North India,2,7,29,3,3,1.0,5.7393703
2021-10-04,FusionBook Air,Laptops,North India,103,10,4,0,4,36.0,7.3534703
2021-12-05,FusionBook Air,Laptops,North India,37,12,5,6,4,14.0,18.340343
2022-02-13,FusionBook Air,Laptops,North India,43,2,13,6,1,43.0,6.4452505
2022-04-29,FusionBook Air,Laptops,North India,19,4,29,4,2,1.0,6.456869
2022-06-25,FusionBook Air,Laptops,North India,85,6,25,5,2,135.0,6.277016
2022-09-07,FusionBook Air,Laptops,North India,74,9,7,2,3,3.0,7.786384
2022-10-26,FusionBook Air,Laptops,North India,1,10,26,2,4,107.0,15.243399
2022-12-17,FusionBook Air,Laptops,North India,19,12,17,5,4,1.0,9.634463
2023-02-14,FusionBook Air,Laptops,North India,18,2,14,1,1,119.0,9.343732
2023-04-09,FusionBook Air,Laptops,North India,27,4,9,6,2,48.0,7.629325
2023-06-14,FusionBook Air,Laptops,North India,46,6,14,2,2,1.0,8.079915
2023-09-02,FusionBook Air,Laptops,North India,94,9,2,5,3,153.0,8.238348
2023-12-04,FusionBook Air,Laptops,North India,65,12,4,0,4,1.0,10.328163
2024-02-01,FusionBook Air,Laptops,North India,30,2,1,3,1,1.0,10.037432
2024-04-05,FusionBook Air,Laptops,North India,1,4,5,4,2,1.0,6.0687876
2024-06-02,FusionBook Air,Laptops,North India,103,6,2,6,2,3.0,5.6121325
2024-07-12,FusionBook Air,Laptops,North India,23,7,12,4,3,121.0,6.3479347
2024-11-15,FusionBook Air,Laptops,North India,74,11,15,4,4,363.0,7.603835
2021-01-31,FusionBook Air,Laptops,South India,153,1,31,6,1,54.0,12.187304
2021-05-18,FusionBook Air,Laptops,South India,44,5,18,1,2,121.0,6.46696
2021-07-17,FusionBook Air,Laptops,South India,87,7,17,5,3,4.0,6.5008373
2021-09-15,FusionBook Air,Laptops,South India,41,9,15,2,3,91.0,12.851402
2021-11-06,FusionBook Air,Laptops,South India,198,11,6,5,4,233.0,10.119371
2022-01-05,FusionBook Air,Laptops,South India,40,1,5,2,1,2.0,6.9754333
2022-02-27,FusionBook Air,Laptops,South India,20,2,27,6,1,2.0,12.614656
2022-04-15,FusionBook Air,Laptops,South India,7,4,15,4,2,1.0,7.0107884
2022-07-07,FusionBook Air,Laptops,South India,247,7,7,3,3,35.0,6.962912
2023-01-05,FusionBook Air,Laptops,South India,1,1,5,3,1,36.0,8.502318
2023-02-25,FusionBook Air,Laptops,South India,25,2,25,5,1,1.0,10.070147
2023-04-19,FusionBook Air,Laptops,South India,35,4,19,2,2,1.0,6.738561
2023-06-10,FusionBook Air,Laptops,South India,24,6,10,5,2,94.0,7.362068
2023-07-14,FusionBook Air,Laptops,South India,71,7,14,4,3,3.0,7.587583
2023-10-16,FusionBook Air,Laptops,South India,28,10,16,0,4,55.0,11.496143
2023-11-24,FusionBook Air,Laptops,South India,55,11,24,4,4,45.0,10.47107
2024-01-15,FusionBook Air,Laptops,South India,33,1,15,0,1,88.0,10.180339
2024-04-22,FusionBook Air,Laptops,South India,2,4,22,0,2,70.0,8.055768
2024-09-23,FusionBook Air,Laptops,South India,40,9,23,0,3,41.0,8.327733
2024-11-09,FusionBook Air,Laptops,South India,41,11,9,5,4,114.0,10.885951
2021-03-01,FusionBook Air,Laptops,West India,228,3,1,0,1,118.0,6.5995665
2021-04-08,FusionBook Air,Laptops,West India,66,4,8,3,2,60.0,9.048723
2021-05-27,FusionBook Air,Laptops,West India,6,5,27,3,2,1.0,6.8202515
2021-07-06,FusionBook Air,Laptops,West India,1,7,6,1,3,109.0,6.8202515
2021-08-21,FusionBook Air,Laptops,West India,2,8,21,5,3,39.0,8.460264
2021-10-18,FusionBook Air,Laptops,West India,1,10,18,0,4,110.0,9.342783
2021-11-23,FusionBook Air,Laptops,West India,43,11,23,1,4,1.0,7.2118926
2022-01-08,FusionBook Air,Laptops,West India,47,1,8,5,1,1.0,5.6749177
2022-03-06,FusionBook Air,Laptops,West India,61,3,6,6,1,1.0,7.192062
2022-06-11,FusionBook Air,Laptops,West India,2,6,11,5,2,1.0,6.4063993
2022-07-27,FusionBook Air,Laptops,West India,98,7,27,2,3,1.0,9.229088
2022-09-28,FusionBook Air,Laptops,West India,100,9,28,2,3,38.0,7.7593393
2022-11-03,FusionBook Air,Laptops,West India,75,11,3,3,4,2.0,6.5741506
2023-02-04,FusionBook Air,Laptops,West India,18,2,4,5,1,3.0,7.429394
2023-03-25,FusionBook Air,Laptops,West India,35,3,25,5,1,103.0,7.3636556
2023-05-21,FusionBook Air,Laptops,West India,1,5,21,6,2,1.0,8.376135
2023-07-23,FusionBook Air,Laptops,West India,2,7,23,6,3,1.0,9.007872
2023-09-17,FusionBook Air,Laptops,West India,1,9,17,6,3,188.0,8.693777
2023-11-07,FusionBook Air,Laptops,West India,177,11,7,1,4,3.0,8.010187
2024-02-14,FusionBook Air,Laptops,West India,1,2,14,2,1,17.0,7.383957
2024-04-04,FusionBook Air,Laptops,West India,44,4,4,3,2,1.0,5.3523626
2024-05-28,FusionBook Air,Laptops,West India,1,5,28,1,2,19.0,6.3648424
2024-10-03,FusionBook Air,Laptops,West India,76,10,3,3,4,43.0,6.791136
2024-11-25,FusionBook Air,Laptops,West India,44,11,25,0,4,1.0,6.717657
2021-07-08,FusionBook Pro,Laptops,Central India,1,7,8,3,3,1.0,7.1099486
2021-09-30,FusionBook Pro,Laptops,Central India,1,9,30,3,3,34.0,7.601188
2022-01-23,FusionBook Pro,Laptops,Central India,1,1,23,6,1,57.0,9.797772
2022-06-28,FusionBook Pro,Laptops,Central India,42,6,28,1,2,1.0,7.3727827
2022-11-02,FusionBook Pro,Laptops,Central India,40,11,2,2,4,1.0,9.460377
2023-04-29,FusionBook Pro,Laptops,Central India,134,4,29,5,2,10.0,7.856221
2023-08-17,FusionBook Pro,Laptops,Central India,1,8,17,3,3,1.0,7.3638597
2024-02-01,FusionBook Pro,Laptops,Central India,52,2,1,3,1,55.0,5.3953695
2024-07-31,FusionBook Pro,Laptops,Central India,1,7,31,2,3,1.0,6.389435
2021-06-19,FusionBook Pro,Laptops,East India,31,6,19,5,2,62.0,11.216862
2021-09-16,FusionBook Pro,Laptops,East India,1,9,16,3,3,1.0,8.033169
2021-11-22,FusionBook Pro,Laptops,East India,1,11,22,0,4,45.0,9.798483
2022-04-19,FusionBook Pro,Laptops,East India,178,4,19,1,2,1.0,8.755306
2022-07-02,FusionBook Pro,Laptops,East India,2,7,2,5,3,1.0,8.776201
2023-04-15,FusionBook Pro,Laptops,East India,1,4,15,5,2,15.0,7.113718
2023-07-29,FusionBook Pro,Laptops,East India,128,7,29,5,3,1.0,6.7309666
2023-10-29,FusionBook Pro,Laptops,East India,9,10,29,6,4,30.0,7.8535795
2024-02-18,FusionBook Pro,Laptops,East India,152,2,18,6,1,45.0,7.7404356
2024-03-24,FusionBook Pro,Laptops,East India,35,3,24,6,1,1.0,8.032369
2021-07-20,FusionBook Pro,Laptops,North India,1,7,20,1,3,152.0,6.71127
2021-10-15,FusionBook Pro,Laptops,North India,72,10,15,4,4,141.0,6.645617
2021-11-18,FusionBook Pro,Laptops,North India,32,11,18,3,4,39.0,6.2045283
2021-12-27,FusionBook Pro,Laptops,North India,9,12,27,0,4,1.0,8.348001
2022-04-16,FusionBook Pro,Laptops,North India,81,4,16,5,2,48.0,9.0416975
2022-06-17,FusionBook Pro,Laptops,North India,2,6,17,4,2,1.0,7.736644
2022-08-09,FusionBook Pro,Laptops,North India,38,8,9,1,3,79.0,7.56369
2022-11-26,FusionBook Pro,Laptops,North India,1,11,26,5,4,1.0,6.9027615
2023-01-10,FusionBook Pro,Laptops,North India,149,1,10,1,1,1.0,11.13011
2023-03-01,FusionBook Pro,Laptops,North India,1,3,1,2,1,1.0,6.595889
2023-05-10,FusionBook Pro,Laptops,North India,56,5,10,2,2,1.0,10.431212
2023-07-16,FusionBook Pro,Laptops,North India,2,7,16,6,3,61.0,6.619867
2023-09-06,FusionBook Pro,Laptops,North India,1,9,6,2,3,37.0,7.3104296
2023-10-28,FusionBook Pro,Laptops,North India,1,10,28,5,4,238.0,6.3781953
2023-12-09,FusionBook Pro,Laptops,North India,1,12,9,5,4,23.0,7.222347
2024-01-20,FusionBook Pro,Laptops,North India,62,1,20,5,1,1.0,6.193345
2024-03-04,FusionBook Pro,Laptops,North India,15,3,4,0,1,172.0,7.4541473
2024-05-25,FusionBook Pro,Laptops,North India,53,5,25,5,2,58.0,7.794438
2024-07-19,FusionBook Pro,Laptops,North India,162,7,19,4,3,3.0,7.4296265
2024-09-01,FusionBook Pro,Laptops,North India,16,9,1,6,3,50.0,7.3193555
2024-12-13,FusionBook Pro,Laptops,North India,34,12,13,4,4,1.0,8.267301
2021-06-24,FusionBook Pro,Laptops,South India,2,6,24,3,2,1.0,6.9100313
2021-07-29,FusionBook Pro,Laptops,South India,27,7,29,3,3,69.0,7.9225116
2021-09-27,FusionBook Pro,Laptops,South India,222,9,27,0,3,201.0,8.032645
2021-11-06,FusionBook Pro,Laptops,South India,82,11,6,5,4,174.0,11.5722885
2021-12-14,FusionBook Pro,Laptops,South India,2,12,14,1,4,2.0,7.7690144
2022-01-26,FusionBook Pro,Laptops,South India,47,1,26,2,1,59.0,6.3645
2022-03-07,FusionBook Pro,Laptops,South India,3,3,7,0,1,4.0,5.9234114
2022-04-29,FusionBook Pro,Laptops,South India,2,4,29,4,2,136.0,12.856378
2022-07-27,FusionBook Pro,Laptops,South India,46,7,27,2,3,1.0,8.93184
2022-09-27,FusionBook Pro,Laptops,South India,1,9,27,1,3,1.0,8.85844
2022-11-01,FusionBook Pro,Laptops,South India,81,11,1,1,4,65.0,7.453831
2023-01-06,FusionBook Pro,Laptops,South India,174,1,6,4,1,116.0,8.238143
2023-02-16,FusionBook Pro,Laptops,South India,52,2,16,3,1,113.0,12.784765
2023-03-25,FusionBook Pro,Laptops,South India,273,3,25,5,1,1.0,6.792904
2023-05-20,FusionBook Pro,Laptops,South India,1,5,20,5,2,2.0,8.419996
2023-07-06,FusionBook Pro,Laptops,South India,21,7,6,3,3,37.0,6.633485
2023-08-05,FusionBook Pro,Laptops,South India,65,8,5,5,3,47.0,6.8622646
2023-11-10,FusionBook Pro,Laptops,South India,92,11,10,4,4,130.0,8.237366
2024-02-05,FusionBook Pro,Laptops,South India,1,2,5,0,1,2.0,7.341052
2024-03-29,FusionBook Pro,Laptops,South India,18,3,29,4,1,82.0,6.740284
2024-07-06,FusionBook Pro,Laptops,South India,235,7,6,5,3,1.0,5.2583356
2024-11-02,FusionBook Pro,Laptops,South India,90,11,2,5,4,35.0,5.3041453
2024-12-19,FusionBook Pro,Laptops,South India,52,12,19,3,4,124.0,5.505096
2021-07-18,FusionBook Pro,Laptops,West India,131,7,18,6,3,25.0,6.9169593
2021-10-15,FusionBook Pro,Laptops,West India,41,10,15,4,4,48.0,5.8990207
2021-12-31,FusionBook Pro,Laptops,West India,13,12,31,4,4,1.0,6.3797
2022-02-14,FusionBook Pro,Laptops,West India,1,2,14,0,1,50.0,5.5956254
2022-04-10,FusionBook Pro,Laptops,West India,2,4,10,6,2,53.0,6.2793565
2022-08-23,FusionBook Pro,Laptops,West India,1,8,23,1,3,66.0,5.628611
2023-01-13,FusionBook Pro,Laptops,West India,193,1,13,4,1,1.0,5.6297836
2023-03-09,FusionBook Pro,Laptops,West India,1,3,9,3,1,56.0,5.6297836
2023-05-02,FusionBook Pro,Laptops,West India,2,5,2,1,2,50.0,6.757736
2023-07-08,FusionBook Pro,Laptops,West India,112,7,8,5,3,188.0,7.1254187
2023-10-02,FusionBook Pro,Laptops,West India,1,10,2,0,4,65.0,8.7423
2023-11-19,FusionBook Pro,Laptops,West India,39,11,19,6,4,1.0,6.888206
2024-07-04,FusionBook Pro,Laptops,West India,42,7,4,3,3,45.0,7.8052917
2024-09-09,FusionBook Pro,Laptops,West India,33,9,9,0,3,7.0,6.3094177
2022-10-03,FusionBook Ultra,Laptops,Central India,22,10,3,0,4,7.0,5.6337867
2023-05-16,FusionBook Ultra,Laptops,Central India,37,5,16,1,2,47.0,5.491266
2023-10-30,FusionBook Ultra,Laptops,Central India,1,10,30,0,4,1.0,5.0733943
2024-06-08,FusionBook Ultra,Laptops,Central India,25,6,8,5,2,1.0,6.4852576
2022-04-28,FusionBook Ultra,Laptops,East India,8,4,28,3,2,23.0,7.375327
2022-10-25,FusionBook Ultra,Laptops,East India,2,10,25,1,4,1.0,5.273308
2023-07-21,FusionBook Ultra,Laptops,East India,16,7,21,4,3,71.0,5.3648744
2023-11-03,FusionBook Ultra,Laptops,East India,1,11,3,4,4,13.0,9.991712
2024-02-17,FusionBook Ultra,Laptops,East India,10,2,17,5,1,1.0,5.2266006
2024-05-31,FusionBook Ultra,Laptops,East India,47,5,31,4,2,1.0,5.4012585
2024-07-29,FusionBook Ultra,Laptops,East India,52,7,29,0,3,1.0,5.1179543
2022-06-09,FusionBook Ultra,Laptops,North India,5,6,9,3,2,1.0,8.281632
2022-07-17,FusionBook Ultra,Laptops,North India,1,7,17,6,3,2.0,6.5955663
2022-09-12,FusionBook Ultra,Laptops,North India,73,9,12,0,3,247.0,6.2519755
2022-12-02,FusionBook Ultra,Laptops,North India,199,12,2,4,4,3.0,6.0708513
2023-04-29,FusionBook Ultra,Laptops,North India,70,4,29,5,2,1.0,4.3467245
2023-07-01,FusionBook Ultra,Laptops,North India,61,7,1,5,3,51.0,7.7076054
2023-09-05,FusionBook Ultra,Laptops,North India,1,9,5,1,3,181.0,4.865077
2023-10-28,FusionBook Ultra,Laptops,North India,27,10,28,5,4,5.0,9.508441
2023-12-07,FusionBook Ultra,Laptops,North India,32,12,7,3,4,121.0,4.6735883
2024-01-21,FusionBook Ultra,Laptops,North India,88,1,21,6,1,1.0,4.738663
2024-05-10,FusionBook Ultra,Laptops,North India,1,5,10,4,2,124.0,5.504187
2024-07-12,FusionBook Ultra,Laptops,North India,61,7,12,4,3,1.0,10.726562
2024-08-31,FusionBook Ultra,Laptops,North India,1,8,31,5,3,74.0,5.81873
2024-12-10,FusionBook Ultra,Laptops,North India,35,12,10,1,4,81.0,5.166303
2022-05-25,FusionBook Ultra,Laptops,South India,23,5,25,2,2,137.0,5.1413865
2022-07-14,FusionBook Ultra,Laptops,South India,15,7,14,3,3,34.0,5.7046742
2022-09-10,FusionBook Ultra,Laptops,South India,2,9,10,5,3,1.0,9.002724
2022-12-11,FusionBook Ultra,Laptops,South India,10,12,11,6,4,1.0,8.232601
2023-02-18,FusionBook Ultra,Laptops,South India,15,2,18,5,1,1.0,5.2758656
2023-04-18,FusionBook Ultra,Laptops,South India,2,4,18,1,2,10.0,4.980923
2023-06-14,FusionBook Ultra,Laptops,South India,183,6,14,2,2,4.0,4.8489747
2023-10-28,FusionBook Ultra,Laptops,South India,42,10,28,5,4,9.0,7.174872
2023-12-19,FusionBook Ultra,Laptops,South India,1,12,19,1,4,1.0,6.071146
2024-03-15,FusionBook Ultra,Laptops,South India,28,3,15,4,1,1.0,5.8504157
2024-04-21,FusionBook Ultra,Laptops,South India,63,4,21,6,2,48.0,5.3990326
2024-06-04,FusionBook Ultra,Laptops,South India,3,6,4,1,2,161.0,6.0137434
2024-07-17,FusionBook Ultra,Laptops,South India,2,7,17,2,3,98.0,7.200859
2024-09-01,FusionBook Ultra,Laptops,South India,151,9,1,6,3,51.0,7.568176
2024-11-20,FusionBook Ultra,Laptops,South India,48,11,20,2,4,16.0,6.1419373
2024-12-26,FusionBook Ultra,Laptops,South India,1,12,26,3,4,1.0,5.288828
2022-08-21,FusionBook Ultra,Laptops,West India,28,8,21,6,3,14.0,10.904158
2022-10-22,FusionBook Ultra,Laptops,West India,7,10,22,5,4,168.0,6.6462
2022-11-30,FusionBook Ultra,Laptops,West India,142,11,30,2,4,35.0,4.822564
2023-01-18,FusionBook Ultra,Laptops,West India,66,1,18,2,1,29.0,4.7726936
2023-05-02,FusionBook Ultra,Laptops,West India,66,5,2,1,2,1.0,5.6887813
2023-06-25,FusionBook Ultra,Laptops,West India,2,6,25,6,2,31.0,5.213465
2023-08-21,FusionBook Ultra,Laptops,West India,1,8,21,0,3,58.0,6.826279
2023-12-08,FusionBook Ultra,Laptops,West India,18,12,8,4,4,1.0,6.213244
2024-02-04,FusionBook Ultra,Laptops,West India,1,2,4,6,1,2.0,5.5158544
2024-03-26,FusionBook Ultra,Laptops,West India,1,3,26,1,1,110.0,9.30697
2024-05-14,FusionBook Ultra,Laptops,West India,1,5,14,1,2,1.0,6.560997
2024-07-08,FusionBook Ultra,Laptops,West India,1,7,8,0,3,43.0,6.2156954
2024-09-05,FusionBook Ultra,Laptops,West India,2,9,5,3,3,48.0,5.9456964
2024-12-17,FusionBook Ultra,Laptops,West India,1,12,17,1,4,24.0,5.864488
2021-11-27,FusionPhone Lite,Smartphones,Central India,1,11,27,5,4,1.0,6.231282
2022-04-23,FusionPhone Lite,Smartphones,Central India,1,4,23,5,2,1.0,7.427816
2022-09-06,FusionPhone Lite,Smartphones,Central India,1,9,6,1,3,1.0,8.007121
2024-03-03,FusionPhone Lite,Smartphones,Central India,1,3,3,6,1,1.0,6.0706453
2024-09-04,FusionPhone Lite,Smartphones,Central India,1,9,4,2,3,1.0,8.805528
2021-02-23,FusionPhone Lite,Smartphones,East India,1,2,23,1,1,1.0,10.061979
2021-04-26,FusionPhone Lite,Smartphones,East India,59,4,26,0,2,1.0,8.188358
2021-07-01,FusionPhone Lite,Smartphones,East India,1,7,1,3,3,2.0,7.347442
2021-10-16,FusionPhone Lite,Smartphones,East India,1,10,16,5,4,1.0,7.102514
2022-04-28,FusionPhone Lite,Smartphones,East India,1,4,28,3,2,1.0,13.789377
2022-07-30,FusionPhone Lite,Smartphones,East India,2,7,30,5,3,1.0,9.681828
2022-10-26,FusionPhone Lite,Smartphones,East India,2,10,26,2,4,2.0,14.21939
2023-01-15,FusionPhone Lite,Smartphones,East India,1,1,15,6,1,1.0,15.277412
2023-04-30,FusionPhone Lite,Smartphones,East India,1,4,30,6,2,2.0,9.244184
2023-09-09,FusionPhone Lite,Smartphones,East India,1,9,9,5,3,1.0,15.386136
2023-11-24,FusionPhone Lite,Smartphones,East India,2,11,24,4,4,1.0,8.3083105
2024-02-10,FusionPhone Lite,Smartphones,East India,42,2,10,5,1,1.0,14.49412
2024-06-08,FusionPhone Lite,Smartphones,East India,2,6,8,5,2,1.0,9.328306
2024-10-11,FusionPhone Lite,Smartphones,East India,1,10,11,4,4,1.0,11.222141
2021-03-20,FusionPhone Lite,Smartphones,North India,5,3,20,5,1,3.0,11.309329
2021-05-07,FusionPhone Lite,Smartphones,North India,4,5,7,4,2,39.0,10.963604
2021-06-26,FusionPhone Lite,Smartphones,North India,1,6,26,5,2,1.0,8.27981
2021-08-06,FusionPhone Lite,Smartphones,North India,2,8,6,4,3,3.0,10.282471
2021-10-13,FusionPhone Lite,Smartphones,North India,2,10,13,2,4,4.0,10.282716
2021-12-05,FusionPhone Lite,Smartphones,North India,1,12,5,6,4,2.0,21.513409
2022-01-27,FusionPhone Lite,Smartphones,North India,1,1,27,3,1,2.0,12.512678
2022-05-03,FusionPhone Lite,Smartphones,North India,2,5,3,1,2,2.0,13.390307
2022-06-26,FusionPhone Lite,Smartphones,North India,1,6,26,6,2,1.0,10.645785
2022-08-19,FusionPhone Lite,Smartphones,North India,1,8,19,4,3,2.0,10.899695
2022-10-16,FusionPhone Lite,Smartphones,North India,3,10,16,6,4,110.0,12.322837
2022-12-08,FusionPhone Lite,Smartphones,North India,1,12,8,3,4,2.0,11.232114
2023-02-06,FusionPhone Lite,Smartphones,North India,2,2,6,0,1,2.0,22.738272
2023-04-15,FusionPhone Lite,Smartphones,North India,2,4,15,5,2,1.0,10.544576
2023-06-06,FusionPhone Lite,Smartphones,North India,1,6,6,1,2,1.0,9.130649
2023-08-18,FusionPhone Lite,Smartphones,North India,1,8,18,4,3,1.0,18.370663
2023-10-17,FusionPhone Lite,Smartphones,North India,46,10,17,1,4,5.0,9.553476
2023-11-28,FusionPhone Lite,Smartphones,North India,3,11,28,1,4,5.0,12.225046
2024-02-20,FusionPhone Lite,Smartphones,North India,1,2,20,1,1,2.0,17.19612
2024-05-20,FusionPhone Lite,Smartphones,North India,2,5,20,0,2,2.0,20.358118
2024-08-20,FusionPhone Lite,Smartphones,North India,33,8,20,1,3,2.0,15.703827
2024-11-11,FusionPhone Lite,Smartphones,North India,3,11,11,0,4,1.0,19.015238
2021-03-03,FusionPhone Lite,Smartphones,South India,2,3,3,2,1,3.0,15.494288
2021-05-08,FusionPhone Lite,Smartphones,South India,81,5,8,5,2,84.0,16.544733
2021-07-19,FusionPhone Lite,Smartphones,South India,3,7,19,0,3,3.0,11.910641
2021-10-04,FusionPhone Lite,Smartphones,South India,2,10,4,0,4,2.0,17.67056
2021-12-14,FusionPhone Lite,Smartphones,South India,4,12,14,1,4,84.0,15.632684
2022-02-18,FusionPhone Lite,Smartphones,South India,1,2,18,4,1,2.0,11.600397
2022-04-29,FusionPhone Lite,Smartphones,South India,2,4,29,4,2,2.0,11.190793
2022-06-18,FusionPhone Lite,Smartphones,South India,13,6,18,5,2,3.0,7.1532784
2022-08-02,FusionPhone Lite,Smartphones,South India,1,8,2,1,3,3.0,7.913342
2022-09-22,FusionPhone Lite,Smartphones,South India,1,9,22,3,3,2.0,8.914566
2022-11-16,FusionPhone Lite,Smartphones,South India,1,11,16,2,4,3.0,9.050259
2023-01-13,FusionPhone Lite,Smartphones,South India,3,1,13,4,1,3.0,13.140472
2023-03-06,FusionPhone Lite,Smartphones,South India,1,3,6,0,1,2.0,-4.5831046
2023-05-01,FusionPhone Lite,Smartphones,South India,40,5,1,0,2,2.0,7.876737
2023-07-05,FusionPhone Lite,Smartphones,South India,2,7,5,2,3,1.0,6.7121334
2023-09-07,FusionPhone Lite,Smartphones,South India,2,9,7,3,3,2.0,8.526106
2023-10-31,FusionPhone Lite,Smartphones,South India,2,10,31,1,4,3.0,8.54776
2023-12-26,FusionPhone Lite,Smartphones,South India,1,12,26,1,4,173.0,9.979135
2024-02-22,FusionPhone Lite,Smartphones,South India,1,2,22,3,1,4.0,10.217802
2024-04-10,FusionPhone Lite,Smartphones,South India,2,4,10,2,2,1.0,6.5460315
2024-07-16,FusionPhone Lite,Smartphones,South India,1,7,16,1,3,3.0,7.8693423
2024-08-29,FusionPhone Lite,Smartphones,South India,2,8,29,3,3,2.0,7.540884
2024-10-14,FusionPhone Lite,Smartphones,South India,1,10,14,0,4,4.0,9.095649
2024-11-20,FusionPhone Lite,Smartphones,South India,4,11,20,2,4,2.0,6.773954
2021-02-02,FusionPhone Lite,Smartphones,West India,3,2,2,1,1,17.0,6.27556
2021-03-20,FusionPhone Lite,Smartphones,West India,3,3,20,5,1,2.0,7.277041
2021-06-10,FusionPhone Lite,Smartphones,West India,7,6,10,3,2,2.0,7.1796174
2021-10-05,FusionPhone Lite,Smartphones,West India,2,10,5,1,4,2.0,7.626739
2021-11-07,FusionPhone Lite,Smartphones,West India,2,11,7,6,4,90.0,8.354306
2021-12-21,FusionPhone Lite,Smartphones,West India,1,12,21,1,4,6.0,8.1725645
2022-02-01,FusionPhone Lite,Smartphones,West India,1,2,1,1,1,1.0,7.65599
2022-03-06,FusionPhone Lite,Smartphones,West India,2,3,6,6,1,2.0,7.5213666
2022-04-24,FusionPhone Lite,Smartphones,West India,1,4,24,6,2,1.0,7.2440233
2022-06-11,FusionPhone Lite,Smartphones,West India,7,6,11,5,2,1.0,6.171429
2022-07-24,FusionPhone Lite,Smartphones,West India,2,7,24,6,3,2.0,15.330576
2022-09-05,FusionPhone Lite,Smartphones,West India,56,9,5,0,3,1.0,6.1055136
2022-10-23,FusionPhone Lite,Smartphones,West India,11,10,23,6,4,10.0,5.6813455
2022-12-11,FusionPhone Lite,Smartphones,West India,3,12,11,6,4,2.0,5.0055733
2023-01-16,FusionPhone Lite,Smartphones,West India,2,1,16,0,1,1.0,5.362614
2023-05-10,FusionPhone Lite,Smartphones,West India,2,5,10,2,2,2.0,5.6874056
2023-07-07,FusionPhone Lite,Smartphones,West India,2,7,7,4,3,1.0,5.017138
2023-08-16,FusionPhone Lite,Smartphones,West India,1,8,16,2,3,4.0,6.041833
2023-10-11,FusionPhone Lite,Smartphones,West India,2,10,11,2,4,1.0,5.784032
2023-12-21,FusionPhone Lite,Smartphones,West India,30,12,21,3,4,26.0,4.012665
2024-02-02,FusionPhone Lite,Smartphones,West India,1,2,2,4,1,3.0,5.1970353
2024-03-17,FusionPhone Lite,Smartphones,West India,2,3,17,6,1,3.0,7.565223
2024-05-04,FusionPhone Lite,Smartphones,West India,2,5,4,5,2,3.0,6.600252
2024-06-23,FusionPhone Lite,Smartphones,West India,2,6,23,6,2,68.0,16.995699
2024-08-06,FusionPhone Lite,Smartphones,West India,2,8,6,1,3,75.0,7.124247
2024-10-17,FusionPhone Lite,Smartphones,West India,4,10,17,3,4,74.0,9.44867
2024-11-22,FusionPhone Lite,Smartphones,West India,1,11,22,4,4,1.0,7.2975373
2022-10-24,FusionPhone Ultra,Smartphones,Central India,1,10,24,0,4,3.0,10.78667
2023-03-12,FusionPhone Ultra,Smartphones,Central India,2,3,12,6,1,1.0,11.472292
2023-07-19,FusionPhone Ultra,Smartphones,Central India,1,7,19,2,3,1.0,6.420456
2024-03-30,FusionPhone Ultra,Smartphones,Central India,1,3,30,5,1,1.0,7.6515217
2024-09-04,FusionPhone Ultra,Smartphones,Central India,1,9,4,2,3,1.0,7.5844407
2024-12-28,FusionPhone Ultra,Smartphones,Central India,1,12,28,5,4,1.0,13.665073
2022-12-04,FusionPhone Ultra,Smartphones,East India,1,12,4,6,4,2.0,10.395834
2023-06-15,FusionPhone Ultra,Smartphones,East India,1,6,15,3,2,1.0,7.5616546
2023-11-13,FusionPhone Ultra,Smartphones,East India,1,11,13,0,4,3.0,5.5227675
2024-01-27,FusionPhone Ultra,Smartphones,East India,1,1,27,5,1,1.0,5.6564355
2024-09-08,FusionPhone Ultra,Smartphones,East India,1,9,8,6,3,1.0,11.160233
2024-12-13,FusionPhone Ultra,Smartphones,East India,1,12,13,4,4,1.0,11.396107
2022-11-08,FusionPhone Ultra,Smartphones,North India,1,11,8,1,4,1.0,6.9574914
2023-03-04,FusionPhone Ultra,Smartphones,North India,1,3,4,5,1,2.0,7.257139
2023-05-10,FusionPhone Ultra,Smartphones,North India,1,5,10,2,2,1.0,7.37543
2023-07-07,FusionPhone Ultra,Smartphones,North India,4,7,7,4,3,30.0,8.036595
2023-09-25,FusionPhone Ultra,Smartphones,North India,2,9,25,0,3,1.0,15.380394
2024-08-23,FusionPhone Ultra,Smartphones,North India,1,8,23,4,3,1.0,13.192783
2024-10-05,FusionPhone Ultra,Smartphones,North India,5,10,5,5,4,2.0,9.443243
2024-11-20,FusionPhone Ultra,Smartphones,North India,2,11,20,2,4,1.0,6.7881207
2022-10-10,FusionPhone Ultra,Smartphones,South India,3,10,10,0,4,2.0,9.3783245
2023-03-09,FusionPhone Ultra,Smartphones,South India,30,3,9,3,1,3.0,10.656442
2023-06-27,FusionPhone Ultra,Smartphones,South India,3,6,27,1,2,64.0,8.086625
2023-08-08,FusionPhone Ultra,Smartphones,South India,26,8,8,1,3,45.0,7.499804
2023-09-23,FusionPhone Ultra,Smartphones,South India,2,9,23,5,3,2.0,8.509688
2023-11-03,FusionPhone Ultra,Smartphones,South India,2,11,3,4,4,2.0,7.6154995
2023-12-07,FusionPhone Ultra,Smartphones,South India,6,12,7,3,4,3.0,5.583905
2024-01-20,FusionPhone Ultra,Smartphones,South India,5,1,20,5,1,1.0,8.156474
2024-03-15,FusionPhone Ultra,Smartphones,South India,3,3,15,4,1,1.0,8.277698
2024-04-20,FusionPhone Ultra,Smartphones,South India,2,4,20,5,2,2.0,5.8482447
2024-07-07,FusionPhone Ultra,Smartphones,South India,1,7,7,6,3,87.0,7.4860344
2024-08-22,FusionPhone Ultra,Smartphones,South India,8,8,22,3,3,1.0,7.6043253
2024-09-26,FusionPhone Ultra,Smartphones,South India,29,9,26,3,3,39.0,6.8202515
2024-11-12,FusionPhone Ultra,Smartphones,South India,4,11,12,1,4,2.0,10.242822
2024-12-26,FusionPhone Ultra,Smartphones,South India,1,12,26,3,4,4.0,8.111127
2022-12-28,FusionPhone Ultra,Smartphones,West India,3,12,28,2,4,20.0,7.4771113
2023-02-02,FusionPhone Ultra,Smartphones,West India,1,2,2,3,1,1.0,9.689445
2023-03-17,FusionPhone Ultra,Smartphones,West India,2,3,17,4,1,1.0,8.066218
2023-05-03,FusionPhone Ultra,Smartphones,West India,1,5,3,2,2,2.0,7.1284356
2023-07-01,FusionPhone Ultra,Smartphones,West India,1,7,1,5,3,2.0,9.60195
2023-08-14,FusionPhone Ultra,Smartphones,West India,1,8,14,0,3,2.0,7.2703676
2023-11-21,FusionPhone Ultra,Smartphones,West India,1,11,21,1,4,1.0,6.852116
2024-01-07,FusionPhone Ultra,Smartphones,West India,1,1,7,6,1,51.0,6.0155916
2024-02-28,FusionPhone Ultra,Smartphones,West India,1,2,28,2,1,21.0,7.200988
2024-04-13,FusionPhone Ultra,Smartphones,West India,2,4,13,5,2,1.0,6.416914
2024-06-19,FusionPhone Ultra,Smartphones,West India,2,6,19,2,2,1.0,8.9199
2024-08-02,FusionPhone Ultra,Smartphones,West India,16,8,2,4,3,3.0,10.153572
2024-09-10,FusionPhone Ultra,Smartphones,West India,2,9,10,1,3,1.0,8.010187
2021-11-14,FusionPhone X,Smartphones,Central India,70,11,14,6,4,1.0,8.829197
2022-03-10,FusionPhone X,Smartphones,Central India,1,3,10,3,1,2.0,6.6932755
2022-11-02,FusionPhone X,Smartphones,Central India,1,11,2,2,4,2.0,6.620909
2023-02-06,FusionPhone X,Smartphones,Central India,1,2,6,0,1,1.0,7.0536695
2023-05-19,FusionPhone X,Smartphones,Central India,3,5,19,4,2,1.0,7.3727827
2023-10-09,FusionPhone X,Smartphones,Central India,1,10,9,0,4,1.0,6.588709
2024-01-08,FusionPhone X,Smartphones,Central India,1,1,8,0,1,1.0,7.601188
2024-10-16,FusionPhone X,Smartphones,Central India,1,10,16,2,4,1.0,7.856221
2021-08-28,FusionPhone X,Smartphones,East India,1,8,28,5,3,1.0,6.717657
2021-12-15,FusionPhone X,Smartphones,East India,1,12,15,2,4,137.0,7.6266937
2022-02-18,FusionPhone X,Smartphones,East India,1,2,18,4,1,1.0,5.4977636
2022-05-01,FusionPhone X,Smartphones,East India,2,5,1,6,2,1.0,7.1735086
2022-07-23,FusionPhone X,Smartphones,East India,1,7,23,5,3,1.0,10.143006
2022-11-01,FusionPhone X,Smartphones,East India,4,11,1,1,4,1.0,10.176587
2023-01-20,FusionPhone X,Smartphones,East India,2,1,20,4,1,1.0,7.4202867
2023-09-25,FusionPhone X,Smartphones,East India,1,9,25,0,3,1.0,7.0872765
2023-11-12,FusionPhone X,Smartphones,East India,20,11,12,6,4,2.0,6.551525
2024-05-26,FusionPhone X,Smartphones,East India,3,5,26,6,2,2.0,7.0369196
2024-10-31,FusionPhone X,Smartphones,East India,3,10,31,3,4,24.0,8.713975
2021-09-03,FusionPhone X,Smartphones,North India,1,9,3,4,3,4.0,7.019889
2021-10-17,FusionPhone X,Smartphones,North India,6,10,17,6,4,2.0,7.019889
2021-11-30,FusionPhone X,Smartphones,North India,43,11,30,1,4,2.0,12.088357
2022-01-24,FusionPhone X,Smartphones,North India,3,1,24,0,1,59.0,7.760737
2022-03-08,FusionPhone X,Smartphones,North India,2,3,8,1,1,83.0,7.2581716
2022-04-16,FusionPhone X,Smartphones,North India,1,4,16,5,2,1.0,7.0979915
2022-05-28,FusionPhone X,Smartphones,North India,3,5,28,5,2,3.0,6.8173428
2022-07-03,FusionPhone X,Smartphones,North India,2,7,3,6,3,2.0,6.048646
2022-08-15,FusionPhone X,Smartphones,North India,4,8,15,0,3,3.0,6.83272
2022-11-11,FusionPhone X,Smartphones,North India,3,11,11,4,4,1.0,7.736644
2022-12-17,FusionPhone X,Smartphones,North India,2,12,17,5,4,2.0,7.1713953
2023-02-05,FusionPhone X,Smartphones,North India,3,2,5,6,1,4.0,6.8003674
2023-03-26,FusionPhone X,Smartphones,North India,2,3,26,6,1,1.0,7.6868343
2023-05-18,FusionPhone X,Smartphones,North India,2,5,18,3,2,42.0,7.915241
2023-07-16,FusionPhone X,Smartphones,North India,2,7,16,6,3,1.0,11.199839
2023-09-09,FusionPhone X,Smartphones,North India,4,9,9,5,3,1.0,8.529854
2023-10-25,FusionPhone X,Smartphones,North India,2,10,25,2,4,4.0,8.525898
2023-12-10,FusionPhone X,Smartphones,North India,2,12,10,6,4,2.0,7.364416
2024-01-25,FusionPhone X,Smartphones,North India,4,1,25,3,1,2.0,8.526142
2024-03-11,FusionPhone X,Smartphones,North India,4,3,11,0,1,2.0,6.44327
2024-04-25,FusionPhone X,Smartphones,North India,47,4,25,3,2,3.0,6.44327
2024-07-27,FusionPhone X,Smartphones,North India,2,7,27,5,3,1.0,7.7679963
2024-09-21,FusionPhone X,Smartphones,North India,2,9,21,5,3,1.0,7.529903
2024-11-11,FusionPhone X,Smartphones,North India,3,11,11,0,4,4.0,0.8874323
2021-08-17,FusionPhone X,Smartphones,South India,7,8,17,1,3,5.0,6.556034
2021-09-23,FusionPhone X,Smartphones,South India,48,9,23,3,3,66.0,6.621109
2021-10-30,FusionPhone X,Smartphones,South India,26,10,30,5,4,8.0,7.83454
2021-12-08,FusionPhone X,Smartphones,South India,34,12,8,2,4,2.0,6.8220596
2022-01-22,FusionPhone X,Smartphones,South India,4,1,22,5,1,7.0,8.032645
2022-03-03,FusionPhone X,Smartphones,South India,1,3,3,3,1,2.0,7.718549
2022-06-29,FusionPhone X,Smartphones,South India,24,6,29,2,2,1.0,7.626435
2022-08-14,FusionPhone X,Smartphones,South India,4,8,14,6,3,30.0,5.767529
2022-09-28,FusionPhone X,Smartphones,South India,2,9,28,2,3,2.0,5.767529
2022-11-09,FusionPhone X,Smartphones,South India,99,11,9,2,4,1.0,6.84607
2022-12-27,FusionPhone X,Smartphones,South India,3,12,27,1,4,4.0,8.320437
2023-03-14,FusionPhone X,Smartphones,South India,1,3,14,1,1,2.0,7.3141437
2023-04-25,FusionPhone X,Smartphones,South India,2,4,25,1,2,1.0,6.792904
2023-07-28,FusionPhone X,Smartphones,South India,1,7,28,4,3,2.0,7.5769777
2023-11-06,FusionPhone X,Smartphones,South India,66,11,6,0,4,13.0,12.837822
2023-12-18,FusionPhone X,Smartphones,South India,21,12,18,0,4,1.0,10.694847
2024-01-23,FusionPhone X,Smartphones,South India,3,1,23,1,1,66.0,5.5995646
2024-02-24,FusionPhone X,Smartphones,South India,4,2,24,5,1,1.0,7.3777037
2024-04-02,FusionPhone X,Smartphones,South India,14,4,2,1,2,1.0,8.246357
2024-05-13,FusionPhone X,Smartphones,South India,2,5,13,0,2,5.0,8.627344
2024-06-22,FusionPhone X,Smartphones,South India,4,6,22,5,2,6.0,10.66161
2024-11-01,FusionPhone X,Smartphones,South India,11,11,1,4,4,10.0,4.8113065
2021-08-23,FusionPhone X,Smartphones,West India,2,8,23,0,3,1.0,8.384456
2022-01-16,FusionPhone X,Smartphones,West India,4,1,16,6,1,1.0,6.332673
2022-04-11,FusionPhone X,Smartphones,West India,2,4,11,0,2,12.0,5.5279927
2022-05-21,FusionPhone X,Smartphones,West India,3,5,21,5,2,1.0,6.3771424
2022-07-12,FusionPhone X,Smartphones,West India,3,7,12,1,3,1.0,9.201416
2022-08-28,FusionPhone X,Smartphones,West India,2,8,28,6,3,1.0,5.5956254
2022-10-24,FusionPhone X,Smartphones,West India,5,10,24,0,4,66.0,11.490366
2022-12-20,FusionPhone X,Smartphones,West India,20,12,20,1,4,3.0,6.6890078
2023-02-08,FusionPhone X,Smartphones,West India,1,2,8,2,1,1.0,5.964702
2023-04-04,FusionPhone X,Smartphones,West India,1,4,4,1,2,3.0,5.996274
2023-10-04,FusionPhone X,Smartphones,West India,1,10,4,2,4,3.0,5.6297836
2023-11-25,FusionPhone X,Smartphones,West India,3,11,25,5,4,1.0,8.489554
2024-02-03,FusionPhone X,Smartphones,West India,1,2,3,5,1,1.0,7.7143817
2024-03-29,FusionPhone X,Smartphones,West India,1,3,29,4,1,1.0,6.290712
2024-05-27,FusionPhone X,Smartphones,West India,5,5,27,0,2,1.0,6.634295
2024-07-20,FusionPhone X,Smartphones,West India,51,7,20,5,3,2.0,5.7691774
2024-09-19,FusionPhone X,Smartphones,West India,1,9,19,3,3,2.0,7.15104
2024-11-04,FusionPhone X,Smartphones,West India,2,11,4,0,4,36.0,7.2382956
2021-05-30,FusionTab Mini,Tablets,Central India,1,5,30,6,2,1.0,11.914099
2022-06-07,FusionTab Mini,Tablets,Central India,1,6,7,1,2,1.0,4.1729317
2021-07-03,FusionTab Mini,Tablets,East India,49,7,3,5,3,169.0,5.685818
2022-01-17,FusionTab Mini,Tablets,East India,1,1,17,0,1,1.0,4.6456304
2022-08-10,FusionTab Mini,Tablets,East India,1,8,10,2,3,1.0,4.893953
2023-04-24,FusionTab Mini,Tablets,East India,1,4,24,0,2,88.0,7.8904557
2023-12-06,FusionTab Mini,Tablets,East India,1,12,6,2,4,1.0,6.8238688
2024-07-28,FusionTab Mini,Tablets,East India,59,7,28,6,3,27.0,5.7828264
2021-05-29,FusionTab Mini,Tablets,North India,1,5,29,5,2,31.0,5.84409
2021-07-11,FusionTab Mini,Tablets,North India,48,7,11,6,3,3.0,5.725727
2021-10-12,FusionTab Mini,Tablets,North India,98,10,12,1,4,1.0,5.3623166
2022-01-01,FusionTab Mini,Tablets,North India,2,1,1,5,1,44.0,6.2984056
2022-04-21,FusionTab Mini,Tablets,North India,1,4,21,3,2,1.0,7.7673054
2022-07-18,FusionTab Mini,Tablets,North India,23,7,18,0,3,1.0,6.1924515
2023-01-26,FusionTab Mini,Tablets,North India,23,1,26,3,1,1.0,4.946695
2023-07-27,FusionTab Mini,Tablets,North India,2,7,27,3,3,1.0,4.544917
2024-05-10,FusionTab Mini,Tablets,North India,37,5,10,4,2,1.0,7.174872
2024-12-24,FusionTab Mini,Tablets,North India,78,12,24,1,4,87.0,5.3750987
2021-07-03,FusionTab Mini,Tablets,South India,1,7,3,5,3,1.0,5.5384264
2021-09-01,FusionTab Mini,Tablets,South India,46,9,1,2,3,1.0,5.5384264
2021-11-01,FusionTab Mini,Tablets,South India,2,11,1,0,4,102.0,7.45477
2022-01-01,FusionTab Mini,Tablets,South India,16,1,1,5,1,1.0,6.220207
2022-03-14,FusionTab Mini,Tablets,South India,36,3,14,0,1,1.0,5.4518785
2022-08-01,FusionTab Mini,Tablets,South India,1,8,1,0,3,1.0,6.3775954
2022-10-18,FusionTab Mini,Tablets,South India,92,10,18,1,4,45.0,9.523751
2022-12-26,FusionTab Mini,Tablets,South India,45,12,26,0,4,1.0,5.7029934
2023-03-22,FusionTab Mini,Tablets,South India,1,3,22,2,1,1.0,6.3765745
2023-06-11,FusionTab Mini,Tablets,South India,2,6,11,6,2,39.0,6.7151856
2023-10-16,FusionTab Mini,Tablets,South India,1,10,16,0,4,116.0,4.4501047
2023-12-06,FusionTab Mini,Tablets,South India,1,12,6,2,4,1.0,6.800478
2024-02-03,FusionTab Mini,Tablets,South India,2,2,3,5,1,48.0,4.940436
2024-03-26,FusionTab Mini,Tablets,South India,31,3,26,1,1,1.0,5.9605803
2024-08-02,FusionTab Mini,Tablets,South India,48,8,2,4,3,33.0,6.9798326
2024-10-23,FusionTab Mini,Tablets,South India,1,10,23,2,4,1.0,5.5113773
2024-12-03,FusionTab Mini,Tablets,South India,2,12,3,1,4,1.0,5.5254536
2021-06-16,FusionTab Mini,Tablets,West India,97,6,16,2,2,33.0,5.3409405
2021-08-30,FusionTab Mini,Tablets,West India,1,8,30,0,3,1.0,5.8401904
2022-01-26,FusionTab Mini,Tablets,West India,28,1,26,2,1,38.0,9.5725565
2022-05-12,FusionTab Mini,Tablets,West India,1,5,12,3,2,18.0,6.3207574
2022-09-26,FusionTab Mini,Tablets,West India,1,9,26,0,3,1.0,5.931459
2023-01-12,FusionTab Mini,Tablets,West India,1,1,12,3,1,114.0,5.8743496
2023-07-08,FusionTab Mini,Tablets,West India,74,7,8,5,3,3.0,6.8946676
2023-09-19,FusionTab Mini,Tablets,West India,1,9,19,1,3,104.0,7.314265
2023-11-14,FusionTab Mini,Tablets,West India,1,11,14,1,4,146.0,5.7831273
2024-02-25,FusionTab Mini,Tablets,West India,82,2,25,6,1,1.0,5.6660094
2024-05-22,FusionTab Mini,Tablets,West India,22,5,22,2,2,1.0,3.9434743
2024-07-18,FusionTab Mini,Tablets,West India,3,7,18,3,3,1.0,5.2383957
2024-10-10,FusionTab Mini,Tablets,West India,49,10,10,3,4,1.0,6.363604
2021-12-21,FusionTab Pro,Tablets,Central India,99,12,21,1,4,1.0,9.942651
2022-12-08,FusionTab Pro,Tablets,Central India,1,12,8,3,4,85.0,7.597198
2024-11-05,FusionTab Pro,Tablets,Central India,1,11,5,1,4,85.0,4.696464
2022-11-18,FusionTab Pro,Tablets,East India,1,11,18,4,4,1.0,5.45978
2023-07-18,FusionTab Pro,Tablets,East India,86,7,18,1,3,1.0,7.8643384
2024-01-13,FusionTab Pro,Tablets,East India,61,1,13,5,1,1.0,7.2800517
2024-07-23,FusionTab Pro,Tablets,East India,46,7,23,1,3,1.0,9.554744
2021-11-21,FusionTab Pro,Tablets,North India,3,11,21,6,4,1.0,5.325407
2022-02-07,FusionTab Pro,Tablets,North India,1,2,7,0,1,69.0,5.9537697
2022-05-09,FusionTab Pro,Tablets,North India,1,5,9,0,2,1.0,6.3085856
2022-10-06,FusionTab Pro,Tablets,North India,45,10,6,3,4,75.0,7.1522427
2023-04-21,FusionTab Pro,Tablets,North India,44,4,21,4,2,1.0,5.7767634
2023-09-18,FusionTab Pro,Tablets,North India,1,9,18,0,3,1.0,6.599936
2024-05-16,FusionTab Pro,Tablets,North India,1,5,16,3,2,80.0,7.427816
2024-07-30,FusionTab Pro,Tablets,North India,1,7,30,1,3,2.0,8.007121
2024-10-25,FusionTab Pro,Tablets,North India,1,10,25,4,4,3.0,6.90482
2021-11-21,FusionTab Pro,Tablets,South India,1,11,21,6,4,41.0,6.1049542
2022-02-15,FusionTab Pro,Tablets,South India,1,2,15,1,1,1.0,6.346742
2022-04-27,FusionTab Pro,Tablets,South India,32,4,27,2,2,37.0,7.0743976
2022-08-05,FusionTab Pro,Tablets,South India,34,8,5,4,3,1.0,6.7945385
2023-03-23,FusionTab Pro,Tablets,South India,1,3,23,3,1,14.0,9.135052
2023-06-18,FusionTab Pro,Tablets,South India,2,6,18,6,2,1.0,7.8173304
2023-08-24,FusionTab Pro,Tablets,South India,80,8,24,3,3,28.0,7.2367463
2024-05-18,FusionTab Pro,Tablets,South India,164,5,18,5,2,1.0,9.47944
2024-07-16,FusionTab Pro,Tablets,South India,1,7,16,1,3,3.0,8.024618
2024-10-09,FusionTab Pro,Tablets,South India,42,10,9,2,4,14.0,7.9235363
2024-12-26,FusionTab Pro,Tablets,South India,1,12,26,3,4,1.0,13.929047
2022-03-01,FusionTab Pro,Tablets,West India,41,3,1,1,1,18.0,7.7027717
2022-11-23,FusionTab Pro,Tablets,West India,1,11,23,2,4,33.0,9.158016
2023-06-27,FusionTab Pro,Tablets,West India,2,6,27,1,2,1.0,11.9840765
2023-10-02,FusionTab Pro,Tablets,West India,11,10,2,0,4,1.0,10.963604
2024-01-23,FusionTab Pro,Tablets,West India,1,1,23,1,1,66.0,18.1525
2024-05-05,FusionTab Pro,Tablets,West India,1,5,5,6,2,62.0,8.27981
2024-07-29,FusionTab Pro,Tablets,West India,1,7,29,0,3,1.0,11.3698015
2024-11-27,FusionTab Pro,Tablets,West India,1,11,27,2,4,38.0,13.900103
2024-04-13,FusionView 24,Monitors,Central India,1,4,13,5,2,1.0,18.04687
2022-10-10,FusionView 24,Monitors,East India,34,10,10,0,4,34.0,17.620567
2024-11-30,FusionView 24,Monitors,East India,79,11,30,5,4,44.0,20.043507
2022-01-04,FusionView 24,Monitors,North India,36,1,4,1,1,50.0,17.670313
2022-10-14,FusionView 24,Monitors,North India,1,10,14,4,4,1.0,18.379679
2023-08-08,FusionView 24,Monitors,North India,158,8,8,1,3,23.0,21.4146
2024-06-03,FusionView 24,Monitors,North India,22,6,3,0,2,28.0,20.318388
2021-10-21,FusionView 24,Monitors,South India,45,10,21,3,4,194.0,16.769676
2022-06-26,FusionView 24,Monitors,South India,31,6,26,6,2,20.0,18.298279
2023-01-14,FusionView 24,Monitors,South India,38,1,14,5,1,28.0,19.577711
2023-11-17,FusionView 24,Monitors,South India,1,11,17,4,4,183.0,25.305082
2024-09-13,FusionView 24,Monitors,South India,47,9,13,4,3,13.0,11.505547
2021-10-28,FusionView 24,Monitors,West India,28,10,28,3,4,48.0,15.79876
2022-05-29,FusionView 24,Monitors,West India,38,5,29,6,2,10.0,16.461103
2023-02-21,FusionView 24,Monitors,West India,11,2,21,1,1,10.0,8.78686
2023-10-05,FusionView 24,Monitors,West India,1,10,5,3,4,21.0,9.010534
2024-05-16,FusionView 24,Monitors,West India,64,5,16,3,2,50.0,10.278588
2022-10-16,FusionView 27,Monitors,Central India,48,10,16,6,4,1.0,10.663022
2021-08-16,FusionView 27,Monitors,East India,1,8,16,0,3,32.0,17.65434
2022-08-16,FusionView 27,Monitors,East India,186,8,16,1,3,12.0,16.044119
2023-09-10,FusionView 27,Monitors,East India,30,9,10,6,3,1.0,11.5913105
2021-10-28,FusionView 27,Monitors,North India,22,10,28,3,4,117.0,11.129012
2022-05-18,FusionView 27,Monitors,North India,1,5,18,2,2,1.0,9.40323
2022-10-28,FusionView 27,Monitors,North India,43,10,28,4,4,190.0,10.424344
2023-04-05,FusionView 27,Monitors,North India,46,4,5,2,2,2.0,9.230677
2023-10-29,FusionView 27,Monitors,North India,1,10,29,6,4,21.0,7.771589
2024-05-25,FusionView 27,Monitors,North India,1,5,25,5,2,48.0,9.321085
2024-11-30,FusionView 27,Monitors,North India,73,11,30,5,4,26.0,7.765579
2021-10-26,FusionView 27,Monitors,South India,98,10,26,1,4,223.0,9.292555
2022-02-27,FusionView 27,Monitors,South India,186,2,27,6,1,1.0,6.9349504
2022-08-07,FusionView 27,Monitors,South India,1,8,7,6,3,1.0,9.18186
2022-12-15,FusionView 27,Monitors,South India,75,12,15,3,4,1.0,9.52733
2023-11-05,FusionView 27,Monitors,South India,1,11,5,6,4,1.0,8.057107
2024-03-02,FusionView 27,Monitors,South India,1,3,2,5,1,1.0,8.677485
2024-09-07,FusionView 27,Monitors,South India,22,9,7,5,3,34.0,7.9916415
2021-10-29,FusionView 27,Monitors,West India,21,10,29,4,4,1.0,7.3270073
2022-05-21,FusionView 27,Monitors,West India,30,5,21,5,2,1.0,11.405149
2022-12-23,FusionView 27,Monitors,West India,1,12,23,4,4,1.0,7.5331397
2023-07-12,FusionView 27,Monitors,West India,192,7,12,2,3,1.0,7.5789857
2024-07-06,FusionView 27,Monitors,West India,47,7,6,5,3,1.0,6.768741
2024-11-01,FusionView 27,Monitors,West India,1,11,1,4,4,39.0,6.539857
2023-04-29,FusionView 32,Monitors,Central India,29,4,29,5,2,1.0,6.214037
2022-06-10,FusionView 32,Monitors,East India,1,6,10,4,2,14.0,8.348892
2023-06-27,FusionView 32,Monitors,East India,1,6,27,1,2,1.0,7.4235563
2022-05-02,FusionView 32,Monitors,North India,8,5,2,0,2,76.0,8.15279
2022-10-20,FusionView 32,Monitors,North India,12,10,20,3,4,327.0,7.774713
2023-02-16,FusionView 32,Monitors,North India,1,2,16,3,1,1.0,7.59582
2023-08-05,FusionView 32,Monitors,North India,25,8,5,5,3,1.0,7.8379946
2024-03-23,FusionView 32,Monitors,North India,6,3,23,5,1,74.0,9.158377
2024-10-05,FusionView 32,Monitors,North India,69,10,5,5,4,24.0,7.81201
2022-10-16,FusionView 32,Monitors,South India,66,10,16,6,4,29.0,5.042572
2023-05-28,FusionView 32,Monitors,South India,50,5,28,6,2,130.0,4.7198415
2023-10-17,FusionView 32,Monitors,South India,96,10,17,1,4,1.0,6.784194
2024-02-20,FusionView 32,Monitors,South India,15,2,20,1,1,129.0,5.017138
2024-10-25,FusionView 32,Monitors,South India,2,10,25,4,4,8.0,5.757886
2022-01-20,FusionView 32,Monitors,West India,1,1,20,3,1,15.0,5.291835
2022-07-09,FusionView 32,Monitors,West India,31,7,9,5,3,40.0,5.1811404
2023-01-12,FusionView 32,Monitors,West India,47,1,12,3,1,178.0,8.585865
2023-07-01,FusionView 32,Monitors,West India,145,7,1,5,3,20.0,5.4056973
2024-01-21,FusionView 32,Monitors,West India,188,1,21,6,1,90.0,3.9665446
2024-06-21,FusionView 32,Monitors,West India,1,6,21,4,2,1.0,6.0553145
2021-01-27,Fusion Charger,Accessories,North India,8,1,27,2,1,1.0,6.144123
2021-04-01,Fusion Charger,Accessories,North India,5,4,1,3,2,2.0,6.836475
2021-05-23,Fusion Charger,Accessories,North India,35,5,23,6,2,39.0,6.9963307
2021-09-19,Fusion Charger,Accessories,North India,98,9,19,6,3,18.0,10.347468
2021-10-26,Fusion Charger,Accessories,North India,14,10,26,1,4,52.0,10.934345
2021-12-01,Fusion Charger,Accessories,North India,1,12,1,2,4,4.0,7.2557755
2022-02-13,Fusion Charger,Accessories,North India,2,2,13,6,1,1.0,6.366658
2022-04-17,Fusion Charger,Accessories,North India,5,4,17,6,2,18.0,7.32111
2022-06-02,Fusion Charger,Accessories,North India,2,6,2,3,2,2.0,6.294269
2022-07-28,Fusion Charger,Accessories,North India,3,7,28,3,3,2.0,9.722156
2022-08-30,Fusion Charger,Accessories,North India,1,8,30,1,3,3.0,8.457479
2022-10-07,Fusion Charger,Accessories,North India,29,10,7,4,4,5.0,8.072128
2022-11-11,Fusion Charger,Accessories,North India,4,11,11,4,4,2.0,20.195816
2022-12-23,Fusion Charger,Accessories,North India,4,12,23,4,4,1.0,8.485934
2023-01-31,Fusion Charger,Accessories,North India,54,1,31,1,1,1.0,7.489394
2023-03-20,Fusion Charger,Accessories,North India,2,3,20,0,1,3.0,6.224476
2023-05-06,Fusion Charger,Accessories,North India,2,5,6,5,2,1.0,10.225633
2023-06-28,Fusion Charger,Accessories,North India,2,6,28,2,2,1.0,10.344115
2023-08-14,Fusion Charger,Accessories,North India,1,8,14,0,3,4.0,6.603509
2023-09-23,Fusion Charger,Accessories,North India,37,9,23,5,3,1.0,6.09762
2023-11-29,Fusion Charger,Accessories,North India,1,11,29,2,4,3.0,6.2912564
2024-01-08,Fusion Charger,Accessories,North India,1,1,8,0,1,3.0,7.318098
2024-02-22,Fusion Charger,Accessories,North India,33,2,22,3,1,1.0,11.034988
2024-04-30,Fusion Charger,Accessories,North India,1,4,30,1,2,2.0,13.608238
2024-06-15,Fusion Charger,Accessories,North India,2,6,15,5,2,3.0,8.3338175
2024-10-18,Fusion Charger,Accessories,North India,2,10,18,4,4,5.0,7.7346883
2024-11-20,Fusion Charger,Accessories,North India,2,11,20,2,4,4.0,7.045378
2021-01-08,Fusion Charger,Accessories,South India,11,1,8,4,1,46.0,9.205548
2021-02-12,Fusion Charger,Accessories,South India,11,2,12,4,1,5.0,8.241421
2021-03-12,Fusion Charger,Accessories,South India,4,3,12,4,1,163.0,8.150431
2021-04-08,Fusion Charger,Accessories,South India,3,4,8,3,2,48.0,6.8555293
2021-05-16,Fusion Charger,Accessories,South India,20,5,16,6,2,3.0,8.765691
2021-06-26,Fusion Charger,Accessories,South India,1,6,26,5,2,1.0,8.935128
2021-07-28,Fusion Charger,Accessories,South India,3,7,28,2,3,2.0,9.322496
2021-09-10,Fusion Charger,Accessories,South India,5,9,10,4,3,20.0,10.808486
2021-10-21,Fusion Charger,Accessories,South India,53,10,21,3,4,3.0,11.299144
2022-01-03,Fusion Charger,Accessories,South India,3,1,3,0,1,57.0,8.89804
2022-02-03,Fusion Charger,Accessories,South India,4,2,3,3,1,3.0,7.4197106
2022-03-14,Fusion Charger,Accessories,South India,1,3,14,0,1,3.0,8.883665
2022-04-25,Fusion Charger,Accessories,South India,1,4,25,0,2,3.0,11.875531
2022-06-08,Fusion Charger,Accessories,South India,4,6,8,2,2,1.0,14.023015
2022-08-04,Fusion Charger,Accessories,South India,2,8,4,3,3,29.0,11.313531
2022-09-25,Fusion Charger,Accessories,South India,26,9,25,6,3,3.0,14.735623
2022-11-02,Fusion Charger,Accessories,South India,3,11,2,2,4,3.0,13.665623
2022-12-15,Fusion Charger,Accessories,South India,9,12,15,3,4,2.0,14.965522
2023-03-12,Fusion Charger,Accessories,South India,1,3,12,6,1,4.0,15.744108
2023-05-02,Fusion Charger,Accessories,South India,2,5,2,1,2,46.0,11.052465
2023-06-28,Fusion Charger,Accessories,South India,2,6,28,2,2,2.0,14.724975
2023-08-27,Fusion Charger,Accessories,South India,8,8,27,6,3,2.0,16.079006
2023-10-14,Fusion Charger,Accessories,South India,5,10,14,5,4,4.0,12.854269
2023-11-25,Fusion Charger,Accessories,South India,29,11,25,5,4,1.0,13.0147085
2024-01-13,Fusion Charger,Accessories,South India,2,1,13,5,1,1.0,17.199032
2024-02-21,Fusion Charger,Accessories,South India,1,2,21,2,1,4.0,15.323542
2024-04-26,Fusion Charger,Accessories,South India,1,4,26,4,2,3.0,17.302258
2024-06-17,Fusion Charger,Accessories,South India,2,6,17,0,2,1.0,15.138303
2024-08-10,Fusion Charger,Accessories,South India,4,8,10,5,3,4.0,17.48098
2024-09-26,Fusion Charger,Accessories,South India,3,9,26,3,3,1.0,14.115125
2024-11-03,Fusion Charger,Accessories,South India,13,11,3,6,4,40.0,14.717515
2024-12-22,Fusion Charger,Accessories,South India,1,12,22,6,4,1.0,20.818714
2021-02-03,Fusion Charger,Accessories,West India,6,2,3,2,1,4.0,12.183873
2021-03-21,Fusion Charger,Accessories,West India,3,3,21,6,1,44.0,19.237228
2021-05-04,Fusion Charger,Accessories,West India,3,5,4,1,2,5.0,17.206743
2021-07-02,Fusion Charger,Accessories,West India,3,7,2,4,3,1.0,21.798433
2021-09-17,Fusion Charger,Accessories,West India,1,9,17,4,3,6.0,22.771732
2021-11-19,Fusion Charger,Accessories,West India,85,11,19,4,4,118.0,27.36461
2022-01-30,Fusion Charger,Accessories,West India,47,1,30,6,1,1.0,34.951458
2022-04-15,Fusion Charger,Accessories,West India,1,4,15,4,2,2.0,23.355478
2022-06-28,Fusion Charger,Accessories,West India,6,6,28,1,2,3.0,29.630987
2022-09-20,Fusion Charger,Accessories,West India,2,9,20,1,3,1.0,46.585697
2022-11-18,Fusion Charger,Accessories,West India,4,11,18,4,4,1.0,19.606125
2023-01-26,Fusion Charger,Accessories,West India,3,1,26,3,1,2.0,16.876179
2023-04-23,Fusion Charger,Accessories,West India,3,4,23,6,2,1.0,19.251963
2023-07-14,Fusion Charger,Accessories,West India,30,7,14,4,3,3.0,16.371914
2023-10-02,Fusion Charger,Accessories,West India,3,10,2,0,4,119.0,17.393478
2023-11-26,Fusion Charger,Accessories,West India,4,11,26,6,4,2.0,20.069641
2024-01-20,Fusion Charger,Accessories,West India,2,1,20,5,1,1.0,15.8086405
2024-03-15,Fusion Charger,Accessories,West India,1,3,15,4,1,4.0,13.733136
2024-05-07,Fusion Charger,Accessories,West India,2,5,7,1,2,3.0,16.281155
2024-06-29,Fusion Charger,Accessories,West India,1,6,29,5,2,1.0,16.292446
2024-08-15,Fusion Charger,Accessories,West India,2,8,15,3,3,2.0,13.804401
2024-10-10,Fusion Charger,Accessories,West India,1,10,10,3,4,2.0,10.484842
2024-11-24,Fusion Charger,Accessories,West India,2,11,24,6,4,6.0,15.333608
2021-01-26,Fusion Earbuds,Accessories,Central India,1,1,26,1,1,2.0,17.273994
2021-04-04,Fusion Earbuds,Accessories,Central India,2,4,4,6,2,1.0,15.780198
2021-07-20,Fusion Earbuds,Accessories,Central India,1,7,20,1,3,12.0,16.438349
2021-11-02,Fusion Earbuds,Accessories,Central India,3,11,2,1,4,2.0,13.445829
2022-02-04,Fusion Earbuds,Accessories,Central India,1,2,4,4,1,1.0,8.909068
2022-07-30,Fusion Earbuds,Accessories,Central India,47,7,30,5,3,1.0,10.67338
2023-01-15,Fusion Earbuds,Accessories,Central India,3,1,15,6,1,1.0,16.731215
2023-10-11,Fusion Earbuds,Accessories,Central India,1,10,11,2,4,5.0,17.37057
2024-03-24,Fusion Earbuds,Accessories,Central India,1,3,24,6,1,2.0,14.109777
2024-09-21,Fusion Earbuds,Accessories,Central India,2,9,21,5,3,2.0,14.048764
2021-01-11,Fusion Earbuds,Accessories,East India,21,1,11,0,1,176.0,11.327303
2021-03-13,Fusion Earbuds,Accessories,East India,9,3,13,5,1,3.0,14.054164
2021-10-08,Fusion Earbuds,Accessories,East India,2,10,8,4,4,1.0,10.938727
2021-12-30,Fusion Earbuds,Accessories,East India,1,12,30,3,4,2.0,14.049645
2022-05-08,Fusion Earbuds,Accessories,East India,3,5,8,6,2,1.0,12.314525
2022-08-30,Fusion Earbuds,Accessories,East India,9,8,30,1,3,2.0,14.707242
2022-11-11,Fusion Earbuds,Accessories,East India,2,11,11,4,4,23.0,10.180909
2023-02-08,Fusion Earbuds,Accessories,East India,4,2,8,2,1,3.0,11.699208
2023-06-22,Fusion Earbuds,Accessories,East India,1,6,22,3,2,2.0,8.930094
2023-09-13,Fusion Earbuds,Accessories,East India,6,9,13,2,3,1.0,8.777054
2023-11-20,Fusion Earbuds,Accessories,East India,3,11,20,0,4,1.0,10.623956
2024-05-17,Fusion Earbuds,Accessories,East India,1,5,17,4,2,1.0,10.033885
2024-08-17,Fusion Earbuds,Accessories,East India,1,8,17,5,3,1.0,9.193197
2024-10-21,Fusion Earbuds,Accessories,East India,3,10,21,0,4,2.0,10.349339
2024-12-15,Fusion Earbuds,Accessories,East India,1,12,15,6,4,2.0,7.8870587
2021-02-01,Fusion Earbuds,Accessories,North India,19,2,1,0,1,60.0,11.954042
2021-03-05,Fusion Earbuds,Accessories,North India,5,3,5,4,1,19.0,11.964007
2021-04-07,Fusion Earbuds,Accessories,North India,17,4,7,2,2,1.0,11.122433
2021-05-18,Fusion Earbuds,Accessories,North India,1,5,18,1,2,2.0,10.670001
2021-06-26,Fusion Earbuds,Accessories,North India,1,6,26,5,2,4.0,10.563748
2021-09-14,Fusion Earbuds,Accessories,North India,42,9,14,1,3,30.0,6.5826435
2021-12-13,Fusion Earbuds,Accessories,North India,2,12,13,0,4,9.0,8.509398
2022-01-12,Fusion Earbuds,Accessories,North India,3,1,12,2,1,5.0,8.55068
2022-02-18,Fusion Earbuds,Accessories,North India,1,2,18,4,1,5.0,6.988256
2022-03-24,Fusion Earbuds,Accessories,North India,1,3,24,3,1,1.0,8.004363
2022-05-09,Fusion Earbuds,Accessories,North India,1,5,9,0,2,4.0,7.3463154
2022-06-23,Fusion Earbuds,Accessories,North India,2,6,23,3,2,1.0,5.876911
2022-08-05,Fusion Earbuds,Accessories,North India,2,8,5,4,3,1.0,10.881656
2022-09-25,Fusion Earbuds,Accessories,North India,1,9,25,6,3,3.0,8.850941
2022-11-06,Fusion Earbuds,Accessories,North India,4,11,6,6,4,5.0,9.610092
2022-12-16,Fusion Earbuds,Accessories,North India,2,12,16,4,4,10.0,8.859773
2023-01-22,Fusion Earbuds,Accessories,North India,40,1,22,6,1,1.0,8.6010685
2023-03-17,Fusion Earbuds,Accessories,North India,3,3,17,4,1,4.0,3.731997
2023-05-04,Fusion Earbuds,Accessories,North India,3,5,4,3,2,1.0,10.379412
2023-06-30,Fusion Earbuds,Accessories,North India,1,6,30,4,2,3.0,13.833021
2023-09-08,Fusion Earbuds,Accessories,North India,2,9,8,4,3,27.0,11.752753
2023-10-13,Fusion Earbuds,Accessories,North India,3,10,13,4,4,2.0,15.965293
2023-11-15,Fusion Earbuds,Accessories,North India,3,11,15,2,4,11.0,9.791825
2024-01-09,Fusion Earbuds,Accessories,North India,6,1,9,1,1,3.0,7.0825167
2024-02-14,Fusion Earbuds,Accessories,North India,1,2,14,2,1,3.0,14.669832
2024-03-23,Fusion Earbuds,Accessories,North India,1,3,23,5,1,1.0,7.4342794
2024-05-26,Fusion Earbuds,Accessories,North India,13,5,26,6,2,2.0,9.639445
2024-07-27,Fusion Earbuds,Accessories,North India,1,7,27,5,3,1.0,12.508791
2024-09-20,Fusion Earbuds,Accessories,North India,1,9,20,4,3,2.0,9.061246
2024-10-20,Fusion Earbuds,Accessories,North India,53,10,20,6,4,46.0,6.787652
2024-11-17,Fusion Earbuds,Accessories,North India,2,11,17,6,4,1.0,9.003084
2021-01-05,Fusion Earbuds,Accessories,South India,7,1,5,1,1,14.0,8.222158
2021-02-03,Fusion Earbuds,Accessories,South India,6,2,3,2,1,33.0,9.1641445
2021-03-12,Fusion Earbuds,Accessories,South India,59,3,12,4,1,4.0,13.514828
2021-04-20,Fusion Earbuds,Accessories,South India,3,4,20,1,2,4.0,16.150675
2021-05-19,Fusion Earbuds,Accessories,South India,4,5,19,2,2,15.0,6.3325186
2021-06-26,Fusion Earbuds,Accessories,South India,48,6,26,5,2,1.0,6.867367
2021-08-08,Fusion Earbuds,Accessories,South India,1,8,8,6,3,5.0,7.102441
2021-09-19,Fusion Earbuds,Accessories,South India,2,9,19,6,3,2.0,6.0417356
2021-11-04,Fusion Earbuds,Accessories,South India,7,11,4,3,4,46.0,8.011643
2021-12-27,Fusion Earbuds,Accessories,South India,49,12,27,0,4,5.0,18.05867
2022-02-22,Fusion Earbuds,Accessories,South India,1,2,22,1,1,3.0,13.454518
2022-04-12,Fusion Earbuds,Accessories,South India,2,4,12,1,2,1.0,12.748147
2022-05-27,Fusion Earbuds,Accessories,South India,1,5,27,4,2,2.0,4.1739755
2022-07-14,Fusion Earbuds,Accessories,South India,3,7,14,3,3,2.0,6.3206086
2022-09-10,Fusion Earbuds,Accessories,South India,118,9,10,5,3,3.0,8.306968
2022-10-19,Fusion Earbuds,Accessories,South India,48,10,19,2,4,101.0,5.988422
2022-12-03,Fusion Earbuds,Accessories,South India,5,12,3,5,4,2.0,15.428872
2023-01-14,Fusion Earbuds,Accessories,South India,2,1,14,5,1,1.0,15.646734
2023-04-21,Fusion Earbuds,Accessories,South India,1,4,21,4,2,2.0,8.610425
2023-07-02,Fusion Earbuds,Accessories,South India,1,7,2,6,3,11.0,10.562921
2023-08-12,Fusion Earbuds,Accessories,South India,1,8,12,5,3,6.0,9.649848
2023-10-02,Fusion Earbuds,Accessories,South India,2,10,2,0,4,2.0,15.233819
2023-11-13,Fusion Earbuds,Accessories,South India,4,11,13,0,4,7.0,11.108738
2023-12-19,Fusion Earbuds,Accessories,South India,1,12,19,1,4,65.0,8.728835
2024-01-28,Fusion Earbuds,Accessories,South India,4,1,28,6,1,3.0,6.483935
2024-03-13,Fusion Earbuds,Accessories,South India,4,3,13,2,1,4.0,9.776276
2024-04-16,Fusion Earbuds,Accessories,South India,1,4,16,1,2,1.0,10.005007
2024-06-05,Fusion Earbuds,Accessories,South India,79,6,5,2,2,21.0,8.83649
2024-07-17,Fusion Earbuds,Accessories,South India,2,7,17,2,3,49.0,9.605045
2024-09-09,Fusion Earbuds,Accessories,South India,1,9,9,0,3,51.0,9.874634
2024-11-15,Fusion Earbuds,Accessories,South India,19,11,15,4,4,1.0,10.731029
2024-12-20,Fusion Earbuds,Accessories,South India,2,12,20,4,4,50.0,6.893109
2021-01-21,Fusion Earbuds,Accessories,West India,2,1,21,3,1,32.0,8.596396
2021-02-26,Fusion Earbuds,Accessories,West India,21,2,26,4,1,58.0,8.639134
2021-03-31,Fusion Earbuds,Accessories,West India,1,3,31,2,1,5.0,7.3331885
2021-05-08,Fusion Earbuds,Accessories,West India,2,5,8,5,2,2.0,13.858972
2021-06-22,Fusion Earbuds,Accessories,West India,3,6,22,1,2,3.0,8.487956
2021-08-05,Fusion Earbuds,Accessories,West India,1,8,5,3,3,1.0,9.879907
2021-09-16,Fusion Earbuds,Accessories,West India,2,9,16,3,3,1.0,8.140372
2021-10-19,Fusion Earbuds,Accessories,West India,4,10,19,1,4,2.0,8.540029
2021-11-20,Fusion Earbuds,Accessories,West India,1,11,20,5,4,2.0,6.804774
2022-01-04,Fusion Earbuds,Accessories,West India,2,1,4,1,1,2.0,9.432681
2022-02-22,Fusion Earbuds,Accessories,West India,1,2,22,1,1,1.0,15.002885
2022-04-19,Fusion Earbuds,Accessories,West India,3,4,19,1,2,2.0,6.973717
2022-06-12,Fusion Earbuds,Accessories,West India,1,6,12,6,2,1.0,10.232235
2022-07-27,Fusion Earbuds,Accessories,West India,1,7,27,2,3,1.0,8.137443
2022-09-11,Fusion Earbuds,Accessories,West India,1,9,11,6,3,4.0,8.191938
2022-10-19,Fusion Earbuds,Accessories,West India,1,10,19,2,4,38.0,6.604729
2023-01-17,Fusion Earbuds,Accessories,West India,2,1,17,1,1,1.0,12.439213
2023-02-24,Fusion Earbuds,Accessories,West India,4,2,24,4,1,5.0,10.290562
2023-04-07,Fusion Earbuds,Accessories,West India,2,4,7,4,2,2.0,8.815913
2023-06-04,Fusion Earbuds,Accessories,West India,2,6,4,6,2,2.0,9.923437
2023-08-01,Fusion Earbuds,Accessories,West India,1,8,1,1,3,1.0,9.142511
2023-09-18,Fusion Earbuds,Accessories,West India,2,9,18,0,3,4.0,9.764577
2023-10-28,Fusion Earbuds,Accessories,West India,4,10,28,5,4,1.0,11.535388
2023-12-13,Fusion Earbuds,Accessories,West India,3,12,13,2,4,1.0,14.162093
2024-01-28,Fusion Earbuds,Accessories,West India,4,1,28,6,1,5.0,10.762474
2024-03-11,Fusion Earbuds,Accessories,West India,3,3,11,0,1,2.0,10.8968725
2024-04-29,Fusion Earbuds,Accessories,West India,1,4,29,0,2,1.0,5.704671
2024-06-30,Fusion Earbuds,Accessories,West India,2,6,30,6,2,6.0,5.5487885
2024-08-30,Fusion Earbuds,Accessories,West India,3,8,30,4,3,1.0,7.708052
2024-10-23,Fusion Earbuds,Accessories,West India,7,10,23,2,4,63.0,13.033755
2024-12-30,Fusion Earbuds,Accessories,West India,11,12,30,0,4,1.0,11.112083
2021-07-31,Fusion Keyboard,Accessories,Central India,3,7,31,5,3,1.0,8.863849
2021-12-21,Fusion Keyboard,Accessories,Central India,2,12,21,1,4,1.0,6.3902187
2022-05-01,Fusion Keyboard,Accessories,Central India,1,5,1,6,2,2.0,6.9519362
2023-02-14,Fusion Keyboard,Accessories,Central India,1,2,14,1,1,4.0,8.287534
2023-09-26,Fusion Keyboard,Accessories,Central India,1,9,26,1,3,1.0,12.546337
2024-02-05,Fusion Keyboard,Accessories,Central India,1,2,5,0,1,1.0,11.407408
2024-09-02,Fusion Keyboard,Accessories,Central India,1,9,2,0,3,1.0,8.826987
2021-05-17,Fusion Keyboard,Accessories,East India,1,5,17,0,2,1.0,9.8126
2021-08-11,Fusion Keyboard,Accessories,East India,2,8,11,2,3,7.0,9.208261
2021-11-14,Fusion Keyboard,Accessories,East India,3,11,14,6,4,3.0,9.756994
2022-02-13,Fusion Keyboard,Accessories,East India,1,2,13,6,1,1.0,11.697093
2022-05-24,Fusion Keyboard,Accessories,East India,1,5,24,1,2,1.0,12.472198
2022-09-05,Fusion Keyboard,Accessories,East India,47,9,5,0,3,1.0,7.4245977
2022-10-21,Fusion Keyboard,Accessories,East India,1,10,21,4,4,139.0,8.778204
2023-01-29,Fusion Keyboard,Accessories,East India,1,1,29,6,1,2.0,6.772901
2023-05-14,Fusion Keyboard,Accessories,East India,60,5,14,6,2,1.0,10.588663
2023-09-27,Fusion Keyboard,Accessories,East India,1,9,27,2,3,1.0,11.599363
2023-12-07,Fusion Keyboard,Accessories,East India,1,12,7,3,4,1.0,12.527366
2024-03-18,Fusion Keyboard,Accessories,East India,1,3,18,0,1,2.0,12.500629
2024-10-01,Fusion Keyboard,Accessories,East India,38,10,1,1,4,1.0,6.9872394
2024-11-13,Fusion Keyboard,Accessories,East India,3,11,13,2,4,3.0,9.332839
2021-04-15,Fusion Keyboard,Accessories,North India,3,4,15,3,2,21.0,8.484242
2021-06-21,Fusion Keyboard,Accessories,North India,2,6,21,0,2,1.0,9.312184
2021-09-05,Fusion Keyboard,Accessories,North India,18,9,5,6,3,21.0,8.934109
2021-10-10,Fusion Keyboard,Accessories,North India,5,10,10,6,4,5.0,7.7246823
2021-11-29,Fusion Keyboard,Accessories,North India,1,11,29,0,4,1.0,6.970664
2022-02-23,Fusion Keyboard,Accessories,North India,2,2,23,2,1,1.0,8.306262
2022-04-19,Fusion Keyboard,Accessories,North India,2,4,19,1,2,27.0,14.030036
2022-06-16,Fusion Keyboard,Accessories,North India,1,6,16,3,2,2.0,9.504648
2022-07-30,Fusion Keyboard,Accessories,North India,4,7,30,5,3,2.0,7.9068065
2022-09-18,Fusion Keyboard,Accessories,North India,3,9,18,6,3,4.0,6.999594
2022-10-29,Fusion Keyboard,Accessories,North India,8,10,29,5,4,2.0,8.601586
2022-12-04,Fusion Keyboard,Accessories,North India,1,12,4,6,4,3.0,6.933801
2023-01-22,Fusion Keyboard,Accessories,North India,8,1,22,6,1,44.0,10.602365
2023-03-25,Fusion Keyboard,Accessories,North India,20,3,25,5,1,26.0,10.980064
2023-06-20,Fusion Keyboard,Accessories,North India,2,6,20,1,2,2.0,15.216297
2023-08-21,Fusion Keyboard,Accessories,North India,3,8,21,0,3,35.0,10.060842
2023-10-13,Fusion Keyboard,Accessories,North India,2,10,13,4,4,2.0,8.897404
2023-12-03,Fusion Keyboard,Accessories,North India,3,12,3,6,4,3.0,10.621482
2024-02-05,Fusion Keyboard,Accessories,North India,1,2,5,0,1,1.0,6.8224607
2024-03-27,Fusion Keyboard,Accessories,North India,4,3,27,2,1,51.0,9.061748
2024-05-20,Fusion Keyboard,Accessories,North India,2,5,20,0,2,1.0,11.613194
2024-08-07,Fusion Keyboard,Accessories,North India,1,8,7,2,3,1.0,14.8024235
2024-09-27,Fusion Keyboard,Accessories,North India,1,9,27,4,3,1.0,9.759419
2024-11-15,Fusion Keyboard,Accessories,North India,1,11,15,4,4,39.0,8.32126
2021-04-11,Fusion Keyboard,Accessories,South India,3,4,11,6,2,72.0,9.332839
2021-05-26,Fusion Keyboard,Accessories,South India,86,5,26,2,2,3.0,9.56157
2021-07-23,Fusion Keyboard,Accessories,South India,3,7,23,4,3,2.0,9.332839
2021-09-27,Fusion Keyboard,Accessories,South India,1,9,27,0,3,3.0,12.959465
2021-11-22,Fusion Keyboard,Accessories,South India,5,11,22,0,4,48.0,12.086011
2022-01-10,Fusion Keyboard,Accessories,South India,4,1,10,0,1,1.0,9.120102
2022-02-18,Fusion Keyboard,Accessories,South India,2,2,18,4,1,1.0,10.975443
2022-05-06,Fusion Keyboard,Accessories,South India,2,5,6,4,2,5.0,9.311319
2022-06-22,Fusion Keyboard,Accessories,South India,1,6,22,2,2,1.0,6.970664
2022-08-06,Fusion Keyboard,Accessories,South India,1,8,6,5,3,2.0,14.085124
2022-09-30,Fusion Keyboard,Accessories,South India,3,9,30,4,3,3.0,10.992505
2022-11-03,Fusion Keyboard,Accessories,South India,2,11,3,3,4,1.0,9.781895
2022-12-15,Fusion Keyboard,Accessories,South India,1,12,15,3,4,33.0,8.95568
2023-01-17,Fusion Keyboard,Accessories,South India,2,1,17,1,1,3.0,7.265988
2023-06-11,Fusion Keyboard,Accessories,South India,4,6,11,6,2,4.0,12.0784645
2023-08-20,Fusion Keyboard,Accessories,South India,3,8,20,6,3,4.0,9.029335
2023-10-01,Fusion Keyboard,Accessories,South India,6,10,1,6,4,1.0,7.9795837
2023-11-11,Fusion Keyboard,Accessories,South India,41,11,11,5,4,53.0,10.200984
2023-12-08,Fusion Keyboard,Accessories,South India,3,12,8,4,4,3.0,7.090062
2024-01-28,Fusion Keyboard,Accessories,South India,1,1,28,6,1,4.0,7.090062
2024-04-25,Fusion Keyboard,Accessories,South India,50,4,25,3,2,6.0,9.687164
2024-06-22,Fusion Keyboard,Accessories,South India,4,6,22,5,2,2.0,10.712805
2024-08-12,Fusion Keyboard,Accessories,South India,2,8,12,0,3,3.0,6.3115807
2024-10-02,Fusion Keyboard,Accessories,South India,3,10,2,2,4,1.0,6.980851
2024-11-09,Fusion Keyboard,Accessories,South India,4,11,9,5,4,3.0,7.3703656
2024-12-19,Fusion Keyboard,Accessories,South India,2,12,19,3,4,1.0,7.5713162
2021-05-04,Fusion Keyboard,Accessories,West India,2,5,4,1,2,1.0,8.181722
2021-06-24,Fusion Keyboard,Accessories,West India,1,6,24,3,2,1.0,10.387514
2021-08-21,Fusion Keyboard,Accessories,West India,1,8,21,5,3,2.0,7.241508
2021-10-04,Fusion Keyboard,Accessories,West India,7,10,4,0,4,3.0,7.308386
2021-12-26,Fusion Keyboard,Accessories,West India,4,12,26,6,4,4.0,5.8661256
2022-04-14,Fusion Keyboard,Accessories,West India,1,4,14,3,2,2.0,4.87491
2022-06-21,Fusion Keyboard,Accessories,West India,1,6,21,1,2,2.0,8.142352
2022-09-20,Fusion Keyboard,Accessories,West India,12,9,20,1,3,27.0,9.332687
2022-10-31,Fusion Keyboard,Accessories,West India,3,10,31,0,4,2.0,7.5390553
2023-03-18,Fusion Keyboard,Accessories,West India,2,3,18,5,1,3.0,5.7717624
2023-05-30,Fusion Keyboard,Accessories,West India,4,5,30,1,2,1.0,6.067086
2023-08-04,Fusion Keyboard,Accessories,West India,1,8,4,4,3,1.0,8.299084
2023-10-14,Fusion Keyboard,Accessories,West India,9,10,14,5,4,7.0,11.302256
2023-12-31,Fusion Keyboard,Accessories,West India,1,12,31,6,4,27.0,12.115367
2024-02-27,Fusion Keyboard,Accessories,West India,1,2,27,1,1,1.0,8.440148
2024-04-20,Fusion Keyboard,Accessories,West India,3,4,20,5,2,11.0,6.93497
2024-06-21,Fusion Keyboard,Accessories,West India,2,6,21,4,2,1.0,6.2335496
2024-08-13,Fusion Keyboard,Accessories,West India,3,8,13,1,3,1.0,8.507991
2024-10-13,Fusion Keyboard,Accessories,West India,2,10,13,6,4,4.0,13.152183
2024-12-14,Fusion Keyboard,Accessories,West India,3,12,14,5,4,1.0,10.533835
2021-08-22,Fusion Mouse,Accessories,Central India,27,8,22,6,3,27.0,11.312917
2021-11-21,Fusion Mouse,Accessories,Central India,1,11,21,6,4,1.0,6.4453173
2022-06-15,Fusion Mouse,Accessories,Central India,2,6,15,2,2,3.0,4.4122224
2023-08-10,Fusion Mouse,Accessories,Central India,1,8,10,3,3,1.0,7.95866
2024-01-22,Fusion Mouse,Accessories,Central India,1,1,22,0,1,1.0,7.149396
2024-08-15,Fusion Mouse,Accessories,Central India,1,8,15,3,3,2.0,8.168448
2021-05-03,Fusion Mouse,Accessories,East India,3,5,3,0,2,1.0,10.59251
2021-07-28,Fusion Mouse,Accessories,East India,2,7,28,2,3,2.0,7.1598043
2021-10-18,Fusion Mouse,Accessories,East India,4,10,18,0,4,3.0,5.8649006
2022-01-03,Fusion Mouse,Accessories,East India,1,1,3,0,1,2.0,7.0620017
2022-04-23,Fusion Mouse,Accessories,East India,2,4,23,5,2,46.0,8.003793
2022-09-01,Fusion Mouse,Accessories,East India,1,9,1,3,3,1.0,6.980757
2022-11-11,Fusion Mouse,Accessories,East India,2,11,11,4,4,1.0,9.17743
2023-06-17,Fusion Mouse,Accessories,East India,2,6,17,5,2,1.0,7.0188994
2023-09-21,Fusion Mouse,Accessories,East India,2,9,21,3,3,1.0,5.5107965
2023-11-21,Fusion Mouse,Accessories,East India,1,11,21,1,4,3.0,5.9319406
2024-02-18,Fusion Mouse,Accessories,East India,1,2,18,6,1,4.0,7.317475
2024-04-29,Fusion Mouse,Accessories,East India,1,4,29,0,2,1.0,6.886393
2024-09-22,Fusion Mouse,Accessories,East India,1,9,22,6,3,1.0,10.357688
2024-11-26,Fusion Mouse,Accessories,East India,2,11,26,1,4,3.0,9.235556
2021-07-08,Fusion Mouse,Accessories,North India,2,7,8,3,3,2.0,7.393499
2021-08-18,Fusion Mouse,Accessories,North India,4,8,18,2,3,1.0,7.140833
2021-09-30,Fusion Mouse,Accessories,North India,1,9,30,3,3,3.0,6.3213387
2021-11-09,Fusion Mouse,Accessories,North India,2,11,9,1,4,3.0,8.363406
2022-02-22,Fusion Mouse,Accessories,North India,1,2,22,1,1,12.0,8.025783
2022-04-08,Fusion Mouse,Accessories,North India,1,4,8,4,2,1.0,7.891446
2022-05-21,Fusion Mouse,Accessories,North India,2,5,21,5,2,7.0,7.6789904
2022-06-30,Fusion Mouse,Accessories,North India,1,6,30,3,2,2.0,6.4200854
2022-10-18,Fusion Mouse,Accessories,North India,3,10,18,1,4,9.0,10.6584635
2022-11-28,Fusion Mouse,Accessories,North India,4,11,28,0,4,15.0,7.4853945
2023-01-09,Fusion Mouse,Accessories,North India,2,1,9,0,1,3.0,7.1278152
2023-02-26,Fusion Mouse,Accessories,North India,2,2,26,6,1,23.0,8.644353
2023-05-20,Fusion Mouse,Accessories,North India,37,5,20,5,2,24.0,7.8118663
2023-07-04,Fusion Mouse,Accessories,North India,3,7,4,1,3,1.0,5.8886266
2023-09-02,Fusion Mouse,Accessories,North India,1,9,2,5,3,73.0,10.318691
2023-10-21,Fusion Mouse,Accessories,North India,4,10,21,5,4,1.0,10.534317
2023-12-12,Fusion Mouse,Accessories,North India,1,12,12,1,4,2.0,7.901399
2024-04-03,Fusion Mouse,Accessories,North India,1,4,3,2,2,1.0,6.648895
2024-07-06,Fusion Mouse,Accessories,North India,2,7,6,5,3,1.0,5.005436
2024-09-07,Fusion Mouse,Accessories,North India,2,9,7,5,3,1.0,7.2578907
2024-10-28,Fusion Mouse,Accessories,North India,54,10,28,0,4,57.0,8.940231
2021-04-28,Fusion Mouse,Accessories,South India,2,4,28,2,2,3.0,7.7236714
2021-06-08,Fusion Mouse,Accessories,South India,6,6,8,1,2,2.0,8.150499
2021-07-18,Fusion Mouse,Accessories,South India,6,7,18,6,3,3.0,7.32111
2021-08-25,Fusion Mouse,Accessories,South India,2,8,25,2,3,2.0,6.294269
2021-10-05,Fusion Mouse,Accessories,South India,4,10,5,1,4,3.0,10.949259
2021-11-13,Fusion Mouse,Accessories,South India,2,11,13,5,4,2.0,10.306
2021-12-09,Fusion Mouse,Accessories,South India,1,12,9,3,4,100.0,7.729811
2022-01-19,Fusion Mouse,Accessories,South India,2,1,19,2,1,3.0,6.7772245
2022-03-17,Fusion Mouse,Accessories,South India,2,3,17,3,1,1.0,10.943603
2022-05-07,Fusion Mouse,Accessories,South India,6,5,7,5,2,5.0,7.489394
2022-06-18,Fusion Mouse,Accessories,South India,3,6,18,5,2,13.0,8.684053
2022-08-01,Fusion Mouse,Accessories,South India,2,8,1,0,3,3.0,10.476842
2022-10-02,Fusion Mouse,Accessories,South India,40,10,2,6,4,7.0,7.3652244
2022-11-04,Fusion Mouse,Accessories,South India,1,11,4,4,4,1.0,6.6530685
2023-01-06,Fusion Mouse,Accessories,South India,3,1,6,4,1,3.0,7.883331
2023-02-16,Fusion Mouse,Accessories,South India,2,2,16,3,1,3.0,9.854795
2023-05-09,Fusion Mouse,Accessories,South India,2,5,9,1,2,1.0,9.610623
2023-07-01,Fusion Mouse,Accessories,South India,93,7,1,5,3,2.0,11.264432
2023-08-29,Fusion Mouse,Accessories,South India,1,8,29,1,3,1.0,8.246684
2023-10-09,Fusion Mouse,Accessories,South India,2,10,9,0,4,46.0,6.2579865
2023-11-22,Fusion Mouse,Accessories,South India,39,11,22,2,4,2.0,6.3883495
2023-12-28,Fusion Mouse,Accessories,South India,1,12,28,3,4,1.0,6.3159604
2024-02-07,Fusion Mouse,Accessories,South India,56,2,7,2,1,1.0,4.4225826
2024-03-22,Fusion Mouse,Accessories,South India,23,3,22,4,1,2.0,8.240691
2024-05-11,Fusion Mouse,Accessories,South India,1,5,11,5,2,3.0,9.358293
2024-07-03,Fusion Mouse,Accessories,South India,2,7,3,2,3,1.0,8.112674
2024-08-15,Fusion Mouse,Accessories,South India,4,8,15,3,3,6.0,8.502857
2024-10-22,Fusion Mouse,Accessories,South India,10,10,22,1,4,7.0,8.124103
2024-11-25,Fusion Mouse,Accessories,South India,5,11,25,0,4,27.0,7.180858
2021-04-25,Fusion Mouse,Accessories,West India,46,4,25,6,2,1.0,11.567301
2021-06-07,Fusion Mouse,Accessories,West India,2,6,7,0,2,35.0,10.400934
2021-07-17,Fusion Mouse,Accessories,West India,2,7,17,5,3,4.0,8.1974535
2021-09-11,Fusion Mouse,Accessories,West India,3,9,11,5,3,1.0,8.850443
2021-10-24,Fusion Mouse,Accessories,West India,43,10,24,6,4,3.0,8.2392025
2021-11-27,Fusion Mouse,Accessories,West India,2,11,27,5,4,3.0,8.374161
2022-01-17,Fusion Mouse,Accessories,West India,1,1,17,0,1,3.0,9.024054
2022-03-26,Fusion Mouse,Accessories,West India,2,3,26,5,1,17.0,17.869581
2022-06-20,Fusion Mouse,Accessories,West India,2,6,20,0,2,3.0,18.736769
2022-08-23,Fusion Mouse,Accessories,West India,1,8,23,1,3,5.0,15.141081
2022-10-19,Fusion Mouse,Accessories,West India,3,10,19,2,4,4.0,4.036156
2022-12-03,Fusion Mouse,Accessories,West India,4,12,3,5,4,1.0,11.093308
2023-02-02,Fusion Mouse,Accessories,West India,3,2,2,3,1,7.0,8.880458
2023-04-17,Fusion Mouse,Accessories,West India,1,4,17,0,2,5.0,11.690936
2023-07-01,Fusion Mouse,Accessories,West India,2,7,1,5,3,2.0,11.162535
2023-09-13,Fusion Mouse,Accessories,West India,2,9,13,2,3,2.0,15.832547
2023-11-04,Fusion Mouse,Accessories,West India,4,11,4,5,4,3.0,16.349115
2024-01-04,Fusion Mouse,Accessories,West India,1,1,4,3,1,46.0,11.024114
2024-03-14,Fusion Mouse,Accessories,West India,2,3,14,3,1,3.0,16.887438
2024-05-05,Fusion Mouse,Accessories,West India,3,5,5,6,2,1.0,16.932587
2024-07-11,Fusion Mouse,Accessories,West India,3,7,11,3,3,1.0,12.872979
2024-10-18,Fusion Mouse,Accessories,West India,5,10,18,4,4,1.0,20.358732
2022-05-04,Fusion Watch Lite,Wearables,Central India,87,5,4,2,2,1.0,21.887243
2022-01-05,Fusion Watch Lite,Wearables,East India,1,1,5,2,1,1.0,19.15638
2023-07-03,Fusion Watch Lite,Wearables,East India,1,7,3,0,3,1.0,16.84788
2021-11-20,Fusion Watch Lite,Wearables,North India,1,11,20,5,4,1.0,16.502155
2022-06-21,Fusion Watch Lite,Wearables,North India,46,6,21,1,2,29.0,20.9952
2023-04-29,Fusion Watch Lite,Wearables,North India,4,4,29,5,2,2.0,24.062212
2024-05-26,Fusion Watch Lite,Wearables,North India,1,5,26,6,2,1.0,20.41261
2021-10-25,Fusion Watch Lite,Wearables,South India,4,10,25,0,4,3.0,25.893446
2022-05-17,Fusion Watch Lite,Wearables,South India,2,5,17,1,2,3.0,23.1266
2022-11-20,Fusion Watch Lite,Wearables,South India,1,11,20,6,4,1.0,22.724274
2023-08-10,Fusion Watch Lite,Wearables,South India,42,8,10,3,3,1.0,21.819187
2023-12-16,Fusion Watch Lite,Wearables,South India,1,12,16,5,4,1.0,22.677696
2024-06-08,Fusion Watch Lite,Wearables,South India,1,6,8,5,2,1.0,17.752445
2022-02-07,Fusion Watch Lite,Wearables,West India,1,2,7,0,1,1.0,15.266478
2022-07-18,Fusion Watch Lite,Wearables,West India,1,7,18,0,3,1.0,21.53627
2023-01-04,Fusion Watch Lite,Wearables,West India,1,1,4,2,1,1.0,21.7345
2023-11-30,Fusion Watch Lite,Wearables,West India,1,11,30,3,4,1.0,16.64852
2024-05-25,Fusion Watch Lite,Wearables,West India,48,5,25,5,2,1.0,13.469277
2022-05-10,Fusion Watch Pro,Wearables,Central India,1,5,10,1,2,1.0,14.780251
2022-04-26,Fusion Watch Pro,Wearables,East India,2,4,26,1,2,1.0,15.765551
2023-09-21,Fusion Watch Pro,Wearables,East India,1,9,21,3,3,1.0,11.401976
2022-02-23,Fusion Watch Pro,Wearables,North India,1,2,23,2,1,0.0,14.110262
2022-07-02,Fusion Watch Pro,Wearables,North India,49,7,2,5,3,1.0,10.589383
2023-01-08,Fusion Watch Pro,Wearables,North India,1,1,8,6,1,1.0,18.246931
2023-05-22,Fusion Watch Pro,Wearables,North India,2,5,22,0,2,1.0,13.352676
2023-11-19,Fusion Watch Pro,Wearables,North India,1,11,19,6,4,2.0,15.333608
2024-05-14,Fusion Watch Pro,Wearables,North India,1,5,14,1,2,88.0,19.516947
2024-10-13,Fusion Watch Pro,Wearables,North India,1,10,13,6,4,1.0,16.996428
2022-04-17,Fusion Watch Pro,Wearables,South India,2,4,17,6,2,2.0,11.59517
2022-06-03,Fusion Watch Pro,Wearables,South India,1,6,3,4,2,1.0,9.400489
2022-11-04,Fusion Watch Pro,Wearables,South India,2,11,4,4,4,1.0,9.03759
2023-04-05,Fusion Watch Pro,Wearables,South India,2,4,5,2,2,1.0,12.954409
2023-08-28,Fusion Watch Pro,Wearables,South India,1,8,28,0,3,1.0,10.3846855
2024-03-12,Fusion Watch Pro,Wearables,South India,44,3,12,1,1,1.0,13.03504
2024-07-23,Fusion Watch Pro,Wearables,South India,34,7,23,1,3,2.0,11.516691
2024-11-23,Fusion Watch Pro,Wearables,South India,1,11,23,5,4,2.0,9.963513
2022-05-17,Fusion Watch Pro,Wearables,West India,1,5,17,1,2,1.0,11.327303
2022-10-30,Fusion Watch Pro,Wearables,West India,1,10,30,6,4,18.0,14.211974
2023-05-23,Fusion Watch Pro,Wearables,West India,2,5,23,1,2,21.0,11.773135
2023-11-20,Fusion Watch Pro,Wearables,West India,1,11,20,0,4,1.0,12.553066
2024-06-30,Fusion Watch Pro,Wearables,West India,2,6,30,6,2,47.0,17.940205
2021-02-06,FusionBook Air,Laptops,Central India,1,2,6,5,1,11.0,10.794591
2021-04-27,FusionBook Air,Laptops,Central India,27,4,27,1,2,137.0,10.573436
2021-08-31,FusionBook Air,Laptops,Central India,1,8,31,1,3,1.0,11.276211
2021-12-07,FusionBook Air,Laptops,Central India,1,12,7,1,4,2.0,8.94406
2022-04-21,FusionBook Air,Laptops,Central India,1,4,21,3,2,1.0,9.516207
2023-03-04,FusionBook Air,Laptops,Central India,1,3,4,5,1,1.0,7.9197598
2023-08-19,FusionBook Air,Laptops,Central India,65,8,19,5,3,44.0,9.260508
2024-02-03,FusionBook Air,Laptops,Central India,1,2,3,5,1,1.0,9.16412
2024-06-25,FusionBook Air,Laptops,Central India,94,6,25,1,2,1.0,7.8988285
2024-11-20,FusionBook Air,Laptops,Central India,194,11,20,2,4,1.0,9.700218
2021-02-18,FusionBook Air,Laptops,East India,97,2,18,3,1,129.0,9.181427
2021-04-10,FusionBook Air,Laptops,East India,1,4,10,5,2,41.0,11.789089
2021-06-08,FusionBook Air,Laptops,East India,161,6,8,1,2,108.0,11.0967455
2021-07-22,FusionBook Air,Laptops,East India,41,7,22,3,3,42.0,12.508609
2021-09-25,FusionBook Air,Laptops,East India,19,9,25,5,3,21.0,10.693931
2022-01-13,FusionBook Air,Laptops,East India,13,1,13,3,1,1.0,9.157123
2022-08-11,FusionBook Air,Laptops,East India,1,8,11,3,3,1.0,8.424248
2022-11-02,FusionBook Air,Laptops,East India,120,11,2,2,4,119.0,8.509398
2023-03-12,FusionBook Air,Laptops,East India,35,3,12,6,1,24.0,8.922476
2023-06-28,FusionBook Air,Laptops,East India,1,6,28,2,2,85.0,9.36669
2024-03-09,FusionBook Air,Laptops,East India,31,3,9,5,1,1.0,7.700985
2024-06-17,FusionBook Air,Laptops,East India,46,6,17,0,2,2.0,9.123399
2024-10-22,FusionBook Air,Laptops,East India,50,10,22,1,4,84.0,8.530153
2021-01-27,FusionBook Air,Laptops,North India,124,1,27,2,1,100.0,8.977587
2021-03-08,FusionBook Air,Laptops,North India,34,3,8,0,1,115.0,8.884979
2021-04-18,FusionBook Air,Laptops,North India,52,4,18,6,2,1.0,8.3937235
2021-06-08,FusionBook Air,Laptops,North India,54,6,8,1,2,138.0,8.3940525
2021-07-30,FusionBook Air,Laptops,North India,36,7,30,4,3,2.0,9.04891
2021-10-05,FusionBook Air,Laptops,North India,184,10,5,1,4,103.0,9.289807
2021-12-07,FusionBook Air,Laptops,North India,1,12,7,1,4,37.0,21.743141
2022-02-14,FusionBook Air,Laptops,North India,98,2,14,0,1,43.0,11.165267
2022-05-02,FusionBook Air,Laptops,North India,160,5,2,0,2,19.0,5.995939
2022-06-26,FusionBook Air,Laptops,North India,2,6,26,6,2,85.0,8.01617
2022-10-27,FusionBook Air,Laptops,North India,29,10,27,3,4,1.0,11.444422
2022-12-19,FusionBook Air,Laptops,North India,1,12,19,0,4,19.0,12.982704
2023-02-15,FusionBook Air,Laptops,North India,1,2,15,2,1,18.0,9.909034
2023-06-15,FusionBook Air,Laptops,North India,47,6,15,3,2,46.0,8.772431
2023-07-21,FusionBook Air,Laptops,North India,2,7,21,4,3,1.0,17.146523
2023-09-05,FusionBook Air,Laptops,North India,36,9,5,1,3,94.0,9.231815
2024-02-02,FusionBook Air,Laptops,North India,199,2,2,4,1,30.0,12.0941725
2024-04-06,FusionBook Air,Laptops,North India,1,4,6,5,2,1.0,7.3421764
2024-06-04,FusionBook Air,Laptops,North India,1,6,4,1,2,103.0,4.9987097
2024-07-13,FusionBook Air,Laptops,North India,71,7,13,5,3,23.0,6.3215146
2024-09-27,FusionBook Air,Laptops,North India,18,9,27,4,3,1.0,6.1656322
2024-11-16,FusionBook Air,Laptops,North India,96,11,16,5,4,74.0,8.011643
2021-02-01,FusionBook Air,Laptops,South India,9,2,1,0,1,153.0,13.390071
2021-03-27,FusionBook Air,Laptops,South India,140,3,27,5,1,107.0,14.637363
2021-07-18,FusionBook Air,Laptops,South India,204,7,18,6,3,87.0,13.447909
2021-09-16,FusionBook Air,Laptops,South India,192,9,16,3,3,41.0,6.3206086
2021-11-07,FusionBook Air,Laptops,South India,54,11,7,6,4,198.0,9.7041645
2022-01-06,FusionBook Air,Laptops,South India,74,1,6,3,1,40.0,0.61255753
2022-02-28,FusionBook Air,Laptops,South India,55,2,28,0,1,20.0,15.33121
2022-04-16,FusionBook Air,Laptops,South India,37,4,16,5,2,7.0,7.8527656
2022-05-29,FusionBook Air,Laptops,South India,130,5,29,6,2,64.0,8.684359
2022-07-08,FusionBook Air,Laptops,South India,17,7,8,4,3,247.0,9.469236
2022-08-21,FusionBook Air,Laptops,South India,27,8,21,6,3,41.0,7.9902816
2022-10-11,FusionBook Air,Laptops,South India,101,10,11,1,4,16.0,10.499127
2022-11-15,FusionBook Air,Laptops,South India,13,11,15,1,4,67.0,6.881499
2023-01-06,FusionBook Air,Laptops,South India,76,1,6,4,1,1.0,10.812707
2023-02-26,FusionBook Air,Laptops,South India,89,2,26,6,1,25.0,12.341611
2023-04-22,FusionBook Air,Laptops,South India,2,4,22,5,2,35.0,9.116945
2023-06-11,FusionBook Air,Laptops,South India,2,6,11,6,2,24.0,7.6590962
2023-07-15,FusionBook Air,Laptops,South India,63,7,15,5,3,71.0,8.048608
2023-10-17,FusionBook Air,Laptops,South India,58,10,17,1,4,28.0,10.854522
2023-11-25,FusionBook Air,Laptops,South India,6,11,25,5,4,55.0,12.602301
2024-01-17,FusionBook Air,Laptops,South India,2,1,17,2,1,33.0,9.874634
2024-02-29,FusionBook Air,Laptops,South India,26,2,29,3,1,27.0,8.735791
2024-04-23,FusionBook Air,Laptops,South India,1,4,23,1,2,2.0,8.379306
2024-06-04,FusionBook Air,Laptops,South India,1,6,4,1,2,100.0,9.549745
2024-07-10,FusionBook Air,Laptops,South India,53,7,10,2,3,84.0,7.0065928
2024-08-10,FusionBook Air,Laptops,South India,2,8,10,5,3,13.0,5.401626
2024-09-24,FusionBook Air,Laptops,South India,1,9,24,1,3,40.0,9.116368
2024-12-29,FusionBook Air,Laptops,South India,44,12,29,6,4,86.0,7.7070327
2021-03-02,FusionBook Air,Laptops,West India,1,3,2,1,1,228.0,6.2430563
2021-04-09,FusionBook Air,Laptops,West India,8,4,9,4,2,66.0,7.845051
2021-05-28,FusionBook Air,Laptops,West India,1,5,28,4,2,6.0,8.921298
2021-07-07,FusionBook Air,Laptops,West India,2,7,7,2,3,1.0,6.804774
2021-08-22,FusionBook Air,Laptops,West India,1,8,22,6,3,2.0,11.049064
2021-10-19,FusionBook Air,Laptops,West India,2,10,19,1,4,1.0,13.334805
2022-01-09,FusionBook Air,Laptops,West India,9,1,9,6,1,47.0,6.2061934
2022-03-08,FusionBook Air,Laptops,West India,49,3,8,1,1,61.0,8.137443
2022-04-24,FusionBook Air,Laptops,West India,19,4,24,6,2,1.0,8.137443
2022-06-12,FusionBook Air,Laptops,West India,21,6,12,6,2,2.0,9.145185
2022-07-28,FusionBook Air,Laptops,West India,1,7,28,3,3,98.0,9.176687
2022-09-30,FusionBook Air,Laptops,West India,1,9,30,4,3,100.0,9.522278
2022-11-04,FusionBook Air,Laptops,West India,22,11,4,4,4,75.0,7.251721
2022-12-12,FusionBook Air,Laptops,West India,1,12,12,0,4,89.0,6.6310973
2023-03-26,FusionBook Air,Laptops,West India,1,3,26,6,1,35.0,9.923437
2023-05-22,FusionBook Air,Laptops,West India,1,5,22,0,2,1.0,9.923437
2023-07-24,FusionBook Air,Laptops,West India,1,7,24,0,3,2.0,11.535388
2023-09-18,FusionBook Air,Laptops,West India,32,9,18,0,3,1.0,14.8303385
2023-11-08,FusionBook Air,Laptops,West India,59,11,8,2,4,177.0,9.663878
2023-12-28,FusionBook Air,Laptops,West India,1,12,28,3,4,1.0,8.526467
2024-02-16,FusionBook Air,Laptops,West India,36,2,16,4,1,1.0,7.580383
2024-04-05,FusionBook Air,Laptops,West India,2,4,5,4,2,44.0,9.368691
2024-07-31,FusionBook Air,Laptops,West India,1,7,31,2,3,1.0,7.48035
2024-10-05,FusionBook Air,Laptops,West India,10,10,5,5,4,76.0,7.9906325
2024-11-27,FusionBook Air,Laptops,West India,2,11,27,2,4,44.0,8.863849
2021-07-09,FusionBook Pro,Laptops,Central India,1,7,9,4,3,1.0,8.346303
2022-07-02,FusionBook Pro,Laptops,Central India,1,7,2,5,3,42.0,6.9519362
2022-11-15,FusionBook Pro,Laptops,Central India,1,11,15,1,4,40.0,11.196225
2023-04-30,FusionBook Pro,Laptops,Central India,63,4,30,6,2,134.0,16.610579
2023-08-27,FusionBook Pro,Laptops,Central India,1,8,27,6,3,1.0,7.4530663
2024-02-03,FusionBook Pro,Laptops,Central India,1,2,3,5,1,52.0,8.516418
2024-08-04,FusionBook Pro,Laptops,Central India,46,8,4,6,3,1.0,6.827096
2021-06-20,FusionBook Pro,Laptops,East India,150,6,20,6,2,31.0,7.024713
2021-11-23,FusionBook Pro,Laptops,East India,27,11,23,1,4,1.0,12.880406
2022-07-03,FusionBook Pro,Laptops,East India,1,7,3,6,3,2.0,9.554637
2023-01-02,FusionBook Pro,Laptops,East India,46,1,2,0,1,1.0,8.15806
2023-04-16,FusionBook Pro,Laptops,East India,1,4,16,6,2,1.0,8.1085005
2023-08-08,FusionBook Pro,Laptops,East India,1,8,8,1,3,128.0,7.1742234
2023-10-31,FusionBook Pro,Laptops,East India,32,10,31,1,4,9.0,9.032834
2024-02-19,FusionBook Pro,Laptops,East India,1,2,19,0,1,152.0,12.469869
2024-06-19,FusionBook Pro,Laptops,East India,3,6,19,2,2,90.0,7.216314
2024-09-15,FusionBook Pro,Laptops,East India,1,9,15,6,3,91.0,8.484242
2024-12-27,FusionBook Pro,Laptops,East India,140,12,27,4,4,174.0,11.785662
2021-07-21,FusionBook Pro,Laptops,North India,17,7,21,2,3,1.0,9.822468
2021-10-16,FusionBook Pro,Laptops,North India,19,10,16,5,4,72.0,10.80829
2021-11-20,FusionBook Pro,Laptops,North India,42,11,20,5,4,32.0,9.467201
2021-12-28,FusionBook Pro,Laptops,North India,112,12,28,1,4,9.0,6.970664
2022-02-15,FusionBook Pro,Laptops,North India,143,2,15,1,1,2.0,12.198121
2022-04-17,FusionBook Pro,Laptops,North India,9,4,17,6,2,81.0,11.696296
2022-06-18,FusionBook Pro,Laptops,North India,98,6,18,5,2,2.0,13.604161
2022-08-12,FusionBook Pro,Laptops,North India,28,8,12,4,3,38.0,9.384182
2022-10-04,FusionBook Pro,Laptops,North India,1,10,4,1,4,34.0,6.999594
2022-11-27,FusionBook Pro,Laptops,North India,108,11,27,6,4,1.0,8.601586
2023-03-02,FusionBook Pro,Laptops,North India,49,3,2,3,1,1.0,8.269401
2023-05-13,FusionBook Pro,Laptops,North India,217,5,13,5,2,56.0,9.288556
2023-07-17,FusionBook Pro,Laptops,North India,48,7,17,0,3,2.0,10.563604
2023-10-30,FusionBook Pro,Laptops,North India,2,10,30,0,4,1.0,8.061982
2023-12-10,FusionBook Pro,Laptops,North India,146,12,10,6,4,1.0,7.1703916
2024-01-21,FusionBook Pro,Laptops,North India,1,1,21,6,1,62.0,8.082058
2024-05-26,FusionBook Pro,Laptops,North India,1,5,26,6,2,53.0,12.050046
2024-09-04,FusionBook Pro,Laptops,North India,94,9,4,2,3,16.0,9.558468
2024-10-24,FusionBook Pro,Laptops,North India,71,10,24,3,4,34.0,8.32126
2024-12-14,FusionBook Pro,Laptops,North India,84,12,14,5,4,34.0,8.710773
2021-07-31,FusionBook Pro,Laptops,South India,160,7,31,5,3,27.0,7.216314
2021-09-28,FusionBook Pro,Laptops,South India,2,9,28,1,3,222.0,13.744523
2021-12-15,FusionBook Pro,Laptops,South India,51,12,15,2,4,2.0,7.8267813
2022-01-27,FusionBook Pro,Laptops,South India,1,1,27,3,1,47.0,7.6819453
2022-05-01,FusionBook Pro,Laptops,South India,54,5,1,6,2,2.0,7.4521503
2022-06-06,FusionBook Pro,Laptops,South India,37,6,6,0,2,25.0,7.4521503
2022-07-28,FusionBook Pro,Laptops,South India,18,7,28,3,3,46.0,8.69904
2022-12-02,FusionBook Pro,Laptops,South India,1,12,2,4,4,23.0,10.033926
2023-01-07,FusionBook Pro,Laptops,South India,1,1,7,5,1,174.0,8.601586
2023-02-17,FusionBook Pro,Laptops,South India,1,2,17,4,1,52.0,8.601586
2023-05-21,FusionBook Pro,Laptops,South India,53,5,21,6,2,1.0,9.460264
2023-07-07,FusionBook Pro,Laptops,South India,1,7,7,4,3,21.0,9.270106
2023-08-06,FusionBook Pro,Laptops,South India,44,8,6,6,3,65.0,9.259343
2023-09-10,FusionBook Pro,Laptops,South India,223,9,10,6,3,1.0,7.072373
2023-11-11,FusionBook Pro,Laptops,South India,67,11,11,5,4,92.0,12.251026
2023-12-20,FusionBook Pro,Laptops,South India,107,12,20,2,4,43.0,7.090062
2024-02-06,FusionBook Pro,Laptops,South India,1,2,6,1,1,1.0,7.979421
2024-03-30,FusionBook Pro,Laptops,South India,1,3,30,5,1,18.0,10.077007
2024-05-20,FusionBook Pro,Laptops,South India,40,5,20,0,2,1.0,7.554839
2024-08-15,FusionBook Pro,Laptops,South India,83,8,15,3,3,1.0,7.3887963
2024-09-28,FusionBook Pro,Laptops,South India,2,9,28,5,3,27.0,8.266764
2024-12-20,FusionBook Pro,Laptops,South India,50,12,20,4,4,52.0,8.181722
2021-07-19,FusionBook Pro,Laptops,West India,1,7,19,0,3,131.0,8.080659
2021-09-05,FusionBook Pro,Laptops,West India,70,9,5,6,3,9.0,7.241508
2021-11-21,FusionBook Pro,Laptops,West India,3,11,21,6,4,46.0,8.361473
2022-01-01,FusionBook Pro,Laptops,West India,51,1,1,5,1,13.0,5.8661256
2022-02-16,FusionBook Pro,Laptops,West India,1,2,16,2,1,1.0,8.098123
2022-04-11,FusionBook Pro,Laptops,West India,8,4,11,0,2,2.0,4.87491
2022-06-14,FusionBook Pro,Laptops,West India,86,6,14,1,2,1.0,6.3164363
2022-08-25,FusionBook Pro,Laptops,West India,28,8,25,3,3,1.0,9.332687
2022-10-14,FusionBook Pro,Laptops,West India,2,10,14,4,4,16.0,7.8506813
2022-11-23,FusionBook Pro,Laptops,West India,35,11,23,2,4,2.0,6.68053
2023-01-15,FusionBook Pro,Laptops,West India,1,1,15,6,1,193.0,8.5413
2023-03-11,FusionBook Pro,Laptops,West India,35,3,11,5,1,1.0,7.1073627
2023-05-05,FusionBook Pro,Laptops,West India,35,5,5,4,2,2.0,7.4026866
2023-07-09,FusionBook Pro,Laptops,West India,103,7,9,6,3,112.0,8.080897
2023-09-02,FusionBook Pro,Laptops,West India,2,9,2,5,3,47.0,11.081179
2023-10-03,FusionBook Pro,Laptops,West India,1,10,3,1,4,1.0,7.853481
2024-01-01,FusionBook Pro,Laptops,West India,33,1,1,0,1,2.0,8.258203
2024-04-30,FusionBook Pro,Laptops,West India,1,4,30,1,2,29.0,7.861694
2024-07-05,FusionBook Pro,Laptops,West India,41,7,5,4,3,42.0,10.326989
2024-09-13,FusionBook Pro,Laptops,West India,59,9,13,4,3,33.0,11.534184
2024-11-10,FusionBook Pro,Laptops,West India,1,11,10,6,4,43.0,7.6981363
2022-03-31,FusionBook Ultra,Laptops,Central India,20,3,31,3,1,1.0,5.538106
2022-10-04,FusionBook Ultra,Laptops,Central India,1,10,4,1,4,22.0,5.8431807
2023-05-18,FusionBook Ultra,Laptops,Central India,21,5,18,3,2,37.0,7.55734
2023-11-05,FusionBook Ultra,Laptops,Central India,119,11,5,6,4,1.0,7.149396
2024-06-11,FusionBook Ultra,Laptops,Central India,1,6,11,1,2,25.0,10.441878
2022-04-29,FusionBook Ultra,Laptops,East India,31,4,29,4,2,8.0,10.307407
2022-08-03,FusionBook Ultra,Laptops,East India,36,8,3,2,3,194.0,7.4617243
2023-04-24,FusionBook Ultra,Laptops,East India,1,4,24,0,2,2.0,7.0484276
2023-07-23,FusionBook Ultra,Laptops,East India,48,7,23,6,3,16.0,6.980757
2024-02-18,FusionBook Ultra,Laptops,East India,1,2,18,6,1,10.0,9.06898
2024-06-01,FusionBook Ultra,Laptops,East India,1,6,1,5,2,47.0,6.375272
2024-11-09,FusionBook Ultra,Laptops,East India,44,11,9,5,4,24.0,5.2337074
2022-04-18,FusionBook Ultra,Laptops,North India,2,4,18,0,2,2.0,6.886393
2022-06-10,FusionBook Ultra,Laptops,North India,4,6,10,4,2,5.0,5.4924655
2022-07-18,FusionBook Ultra,Laptops,North India,1,7,18,0,3,1.0,10.062364
2022-11-01,FusionBook Ultra,Laptops,North India,21,11,1,1,4,205.0,8.152173
2022-12-03,FusionBook Ultra,Laptops,North India,97,12,3,5,4,199.0,6.1002645
2023-01-14,FusionBook Ultra,Laptops,North India,2,1,14,5,1,2.0,6.366658
2023-04-30,FusionBook Ultra,Laptops,North India,99,4,30,6,2,70.0,7.140833
2023-07-02,FusionBook Ultra,Laptops,North India,2,7,2,6,3,61.0,8.455078
2023-09-06,FusionBook Ultra,Laptops,North India,34,9,6,2,3,1.0,7.176695
2023-12-08,FusionBook Ultra,Laptops,North India,28,12,8,4,4,32.0,7.118565
2024-01-22,FusionBook Ultra,Laptops,North India,1,1,22,0,1,88.0,6.583396
2024-03-09,FusionBook Ultra,Laptops,North India,127,3,9,5,1,1.0,6.196601
2024-05-13,FusionBook Ultra,Laptops,North India,2,5,13,0,2,1.0,7.263007
2024-07-13,FusionBook Ultra,Laptops,North India,46,7,13,5,3,61.0,7.934816
2024-09-01,FusionBook Ultra,Laptops,North India,10,9,1,6,3,1.0,7.5361114
2024-10-27,FusionBook Ultra,Laptops,North India,4,10,27,6,4,22.0,7.1278152
2024-12-11,FusionBook Ultra,Laptops,North India,1,12,11,2,4,35.0,8.578018
2022-04-12,FusionBook Ultra,Laptops,South India,81,4,12,1,2,1.0,6.2629356
2022-05-28,FusionBook Ultra,Laptops,South India,2,5,28,5,2,23.0,9.488896
2022-07-15,FusionBook Ultra,Laptops,South India,50,7,15,4,3,15.0,6.915469
2022-09-11,FusionBook Ultra,Laptops,South India,209,9,11,6,3,2.0,9.019905
2022-10-28,FusionBook Ultra,Laptops,South India,49,10,28,4,4,2.0,8.670759
2022-12-13,FusionBook Ultra,Laptops,South India,32,12,13,1,4,10.0,7.092134
2023-02-21,FusionBook Ultra,Laptops,South India,21,2,21,1,1,15.0,6.663632
2023-04-19,FusionBook Ultra,Laptops,South India,87,4,19,2,2,2.0,5.6703873
2023-06-15,FusionBook Ultra,Laptops,South India,2,6,15,3,2,183.0,6.885938
2023-09-07,FusionBook Ultra,Laptops,South India,93,9,7,3,3,1.0,6.4469624
2023-10-29,FusionBook Ultra,Laptops,South India,2,10,29,6,4,42.0,9.940189
2023-12-21,FusionBook Ultra,Laptops,South India,38,12,21,3,4,1.0,6.572759
2024-02-05,FusionBook Ultra,Laptops,South India,39,2,5,0,1,1.0,5.665547
2024-04-22,FusionBook Ultra,Laptops,South India,1,4,22,0,2,63.0,6.1548753
2024-07-18,FusionBook Ultra,Laptops,South India,1,7,18,3,3,2.0,11.248085
2024-11-22,FusionBook Ultra,Laptops,South India,14,11,22,4,4,48.0,7.8901362
2024-12-27,FusionBook Ultra,Laptops,South India,1,12,27,4,4,1.0,7.8352213
2022-06-22,FusionBook Ultra,Laptops,West India,1,6,22,2,2,1.0,8.684053
2022-08-24,FusionBook Ultra,Laptops,West India,1,8,24,2,3,28.0,10.943831
2022-10-23,FusionBook Ultra,Laptops,West India,13,10,23,6,4,7.0,7.7550654
2022-12-02,FusionBook Ultra,Laptops,West India,1,12,2,4,4,142.0,6.331911
2023-01-19,FusionBook Ultra,Laptops,West India,2,1,19,3,1,66.0,5.7458572
2023-05-04,FusionBook Ultra,Laptops,West India,1,5,4,3,2,66.0,7.898075
2023-06-27,FusionBook Ultra,Laptops,West India,48,6,27,1,2,2.0,7.1171474
2023-08-22,FusionBook Ultra,Laptops,West India,1,8,22,1,3,1.0,8.1362
2023-10-28,FusionBook Ultra,Laptops,West India,87,10,28,5,4,16.0,7.7870545
2023-12-09,FusionBook Ultra,Laptops,West India,1,12,9,5,4,18.0,7.4504156
2024-02-05,FusionBook Ultra,Laptops,West India,80,2,5,0,1,1.0,6.2579865
2024-03-29,FusionBook Ultra,Laptops,West India,22,3,29,4,1,1.0,6.3230615
2024-05-15,FusionBook Ultra,Laptops,West India,2,5,15,2,2,1.0,7.342803
2024-07-09,FusionBook Ultra,Laptops,West India,144,7,9,1,3,1.0,6.3159604
2024-09-07,FusionBook Ultra,Laptops,West India,2,9,7,5,3,2.0,6.766271
2024-10-30,FusionBook Ultra,Laptops,West India,4,10,30,2,4,137.0,6.6578207
2024-12-18,FusionBook Ultra,Laptops,West India,44,12,18,2,4,1.0,6.944053
2021-08-30,FusionPhone Lite,Smartphones,Central India,2,8,30,0,3,1.0,7.912376
2021-11-28,FusionPhone Lite,Smartphones,Central India,1,11,28,6,4,1.0,7.912376
2022-04-24,FusionPhone Lite,Smartphones,Central India,1,4,24,6,2,1.0,10.36999
2022-09-09,FusionPhone Lite,Smartphones,Central India,1,9,9,4,3,1.0,8.787118
2023-04-13,FusionPhone Lite,Smartphones,Central India,1,4,13,3,2,1.0,8.156645
2023-08-04,FusionPhone Lite,Smartphones,Central India,1,8,4,4,3,1.0,7.392641
2023-11-13,FusionPhone Lite,Smartphones,Central India,2,11,13,0,4,1.0,8.754852
2024-09-09,FusionPhone Lite,Smartphones,Central India,1,9,9,0,3,1.0,9.7467375
2021-02-24,FusionPhone Lite,Smartphones,East India,3,2,24,2,1,1.0,15.160001
2021-04-27,FusionPhone Lite,Smartphones,East India,1,4,27,1,2,59.0,13.072243
2021-07-02,FusionPhone Lite,Smartphones,East India,20,7,2,4,3,1.0,10.469031
2021-10-18,FusionPhone Lite,Smartphones,East India,1,10,18,0,4,1.0,11.528654
2022-01-06,FusionPhone Lite,Smartphones,East India,1,1,6,3,1,1.0,11.708764
2022-04-29,FusionPhone Lite,Smartphones,East India,1,4,29,4,2,1.0,9.052779
2022-07-31,FusionPhone Lite,Smartphones,East India,1,7,31,6,3,2.0,18.386639
2022-10-27,FusionPhone Lite,Smartphones,East India,1,10,27,3,4,2.0,11.292673
2023-01-16,FusionPhone Lite,Smartphones,East India,2,1,16,0,1,1.0,11.452616
2023-05-01,FusionPhone Lite,Smartphones,East India,1,5,1,0,2,1.0,12.3367
2023-09-10,FusionPhone Lite,Smartphones,East India,1,9,10,6,3,1.0,12.948865
2023-11-25,FusionPhone Lite,Smartphones,East India,1,11,25,5,4,2.0,9.837381
2024-02-11,FusionPhone Lite,Smartphones,East India,21,2,11,6,1,42.0,13.259417
2024-06-13,FusionPhone Lite,Smartphones,East India,1,6,13,3,2,2.0,11.032142
2024-10-12,FusionPhone Lite,Smartphones,East India,47,10,12,5,4,1.0,20.473116
2021-02-06,FusionPhone Lite,Smartphones,North India,6,2,6,5,1,6.0,14.672148
2021-03-21,FusionPhone Lite,Smartphones,North India,7,3,21,6,1,5.0,12.105
2021-06-27,FusionPhone Lite,Smartphones,North India,3,6,27,6,2,1.0,18.542192
2021-08-08,FusionPhone Lite,Smartphones,North India,3,8,8,6,3,2.0,24.23164
2021-10-14,FusionPhone Lite,Smartphones,North India,2,10,14,3,4,2.0,17.877827
2022-01-28,FusionPhone Lite,Smartphones,North India,1,1,28,4,1,1.0,23.76885
2022-03-21,FusionPhone Lite,Smartphones,North India,2,3,21,0,1,2.0,15.247578
2022-05-04,FusionPhone Lite,Smartphones,North India,2,5,4,2,2,2.0,13.951418
2022-06-27,FusionPhone Lite,Smartphones,North India,4,6,27,0,2,1.0,23.697613
2022-08-20,FusionPhone Lite,Smartphones,North India,9,8,20,5,3,1.0,15.402124
2022-10-17,FusionPhone Lite,Smartphones,North India,9,10,17,0,4,3.0,22.010767
2022-12-11,FusionPhone Lite,Smartphones,North India,2,12,11,6,4,1.0,21.942604
2023-02-07,FusionPhone Lite,Smartphones,North India,2,2,7,1,1,2.0,16.29808
2023-04-16,FusionPhone Lite,Smartphones,North India,1,4,16,6,2,2.0,16.678617
2023-06-08,FusionPhone Lite,Smartphones,North India,1,6,8,3,2,1.0,13.569536
2023-08-19,FusionPhone Lite,Smartphones,North India,1,8,19,5,3,1.0,16.623154
2023-10-18,FusionPhone Lite,Smartphones,North India,2,10,18,2,4,46.0,10.32811
2023-11-29,FusionPhone Lite,Smartphones,North India,3,11,29,2,4,3.0,15.363812
2024-02-21,FusionPhone Lite,Smartphones,North India,42,2,21,2,1,1.0,14.910389
2024-05-21,FusionPhone Lite,Smartphones,North India,1,5,21,1,2,2.0,16.409163
2024-08-22,FusionPhone Lite,Smartphones,North India,40,8,22,3,3,33.0,21.815786
2024-11-12,FusionPhone Lite,Smartphones,North India,5,11,12,1,4,3.0,21.941301
2021-03-04,FusionPhone Lite,Smartphones,South India,36,3,4,3,1,2.0,16.444365
2021-05-09,FusionPhone Lite,Smartphones,South India,26,5,9,6,2,81.0,16.521193
2021-07-21,FusionPhone Lite,Smartphones,South India,38,7,21,2,3,3.0,13.794064
2021-10-05,FusionPhone Lite,Smartphones,South India,1,10,5,1,4,2.0,25.675913
2021-12-15,FusionPhone Lite,Smartphones,South India,2,12,15,2,4,4.0,17.031553
2022-02-19,FusionPhone Lite,Smartphones,South India,3,2,19,5,1,1.0,17.155197
2022-04-30,FusionPhone Lite,Smartphones,South India,4,4,30,5,2,2.0,15.80095
2022-06-19,FusionPhone Lite,Smartphones,South India,2,6,19,6,2,13.0,16.169712
2022-09-23,FusionPhone Lite,Smartphones,South India,1,9,23,4,3,1.0,10.91535
2022-11-17,FusionPhone Lite,Smartphones,South India,2,11,17,3,4,1.0,11.286184
2023-01-14,FusionPhone Lite,Smartphones,South India,78,1,14,5,1,3.0,11.046126
2023-03-08,FusionPhone Lite,Smartphones,South India,1,3,8,2,1,1.0,8.278318
2023-05-02,FusionPhone Lite,Smartphones,South India,1,5,2,1,2,40.0,11.248629
2023-07-06,FusionPhone Lite,Smartphones,South India,4,7,6,3,3,2.0,5.29726
2023-09-08,FusionPhone Lite,Smartphones,South India,3,9,8,4,3,2.0,11.572011
2023-11-01,FusionPhone Lite,Smartphones,South India,5,11,1,2,4,2.0,13.823336
2023-12-27,FusionPhone Lite,Smartphones,South India,3,12,27,2,4,1.0,16.78512
2024-02-24,FusionPhone Lite,Smartphones,South India,3,2,24,5,1,1.0,14.731393
2024-04-11,FusionPhone Lite,Smartphones,South India,34,4,11,3,2,2.0,11.678676
2024-05-28,FusionPhone Lite,Smartphones,South India,1,5,28,1,2,3.0,14.779216
2024-07-17,FusionPhone Lite,Smartphones,South India,72,7,17,2,3,1.0,9.41147
2024-10-15,FusionPhone Lite,Smartphones,South India,3,10,15,1,4,1.0,10.859421
2024-11-21,FusionPhone Lite,Smartphones,South India,1,11,21,3,4,4.0,10.538583
2021-02-04,FusionPhone Lite,Smartphones,West India,9,2,4,3,1,3.0,9.566179
2021-03-21,FusionPhone Lite,Smartphones,West India,3,3,21,6,1,3.0,8.353296
2021-04-29,FusionPhone Lite,Smartphones,West India,38,4,29,3,2,3.0,9.072705
2021-07-14,FusionPhone Lite,Smartphones,West India,30,7,14,2,3,2.0,8.811144
2021-08-18,FusionPhone Lite,Smartphones,West India,38,8,18,2,3,2.0,9.216869
2021-10-06,FusionPhone Lite,Smartphones,West India,2,10,6,2,4,2.0,10.10152
2021-11-08,FusionPhone Lite,Smartphones,West India,40,11,8,0,4,2.0,10.83267
2021-12-22,FusionPhone Lite,Smartphones,West India,2,12,22,2,4,1.0,10.946178
2022-03-07,FusionPhone Lite,Smartphones,West India,1,3,7,0,1,2.0,9.727166
2022-04-25,FusionPhone Lite,Smartphones,West India,43,4,25,0,2,1.0,7.957487
2022-06-12,FusionPhone Lite,Smartphones,West India,4,6,12,6,2,7.0,9.607563
2022-07-26,FusionPhone Lite,Smartphones,West India,1,7,26,1,3,2.0,6.065707
2022-09-09,FusionPhone Lite,Smartphones,West India,1,9,9,4,3,56.0,7.737557
2022-10-24,FusionPhone Lite,Smartphones,West India,4,10,24,0,4,11.0,10.540744
2022-12-12,FusionPhone Lite,Smartphones,West India,1,12,12,0,4,3.0,8.185837
2023-01-18,FusionPhone Lite,Smartphones,West India,1,1,18,2,1,2.0,7.8237514
2023-03-03,FusionPhone Lite,Smartphones,West India,30,3,3,4,1,1.0,7.6223106
2023-05-11,FusionPhone Lite,Smartphones,West India,2,5,11,3,2,2.0,10.469383
2023-07-08,FusionPhone Lite,Smartphones,West India,2,7,8,5,3,2.0,7.109001
2023-08-17,FusionPhone Lite,Smartphones,West India,1,8,17,3,3,1.0,7.8264804
2023-10-12,FusionPhone Lite,Smartphones,West India,2,10,12,3,4,2.0,6.8854566
2023-11-12,FusionPhone Lite,Smartphones,West India,116,11,12,6,4,33.0,8.044294
2023-12-22,FusionPhone Lite,Smartphones,West India,38,12,22,4,4,30.0,6.3626347
2024-02-03,FusionPhone Lite,Smartphones,West India,1,2,3,5,1,1.0,6.394943
2024-03-18,FusionPhone Lite,Smartphones,West India,20,3,18,0,1,2.0,8.895397
2024-05-05,FusionPhone Lite,Smartphones,West India,2,5,5,6,2,2.0,47.260853
2024-06-25,FusionPhone Lite,Smartphones,West India,1,6,25,1,2,2.0,7.275254
2024-09-08,FusionPhone Lite,Smartphones,West India,1,9,8,6,3,4.0,13.381657
2024-10-18,FusionPhone Lite,Smartphones,West India,4,10,18,4,4,4.0,7.0065155
2024-11-23,FusionPhone Lite,Smartphones,West India,4,11,23,5,4,1.0,8.035762
2022-10-25,FusionPhone Ultra,Smartphones,Central India,1,10,25,1,4,1.0,11.343178
2023-03-13,FusionPhone Ultra,Smartphones,Central India,1,3,13,0,1,2.0,9.909034
2023-07-24,FusionPhone Ultra,Smartphones,Central India,1,7,24,0,3,1.0,7.333581
2023-11-16,FusionPhone Ultra,Smartphones,Central India,2,11,16,3,4,2.0,8.772431
2024-03-31,FusionPhone Ultra,Smartphones,Central India,1,3,31,6,1,1.0,8.38102
2024-09-07,FusionPhone Ultra,Smartphones,Central India,1,9,7,5,3,1.0,9.003084
2022-12-06,FusionPhone Ultra,Smartphones,East India,2,12,6,1,4,1.0,13.551738
2023-02-23,FusionPhone Ultra,Smartphones,East India,1,2,23,3,1,1.0,10.441157
2023-06-17,FusionPhone Ultra,Smartphones,East India,1,6,17,5,2,1.0,7.4875054
2023-08-29,FusionPhone Ultra,Smartphones,East India,1,8,29,1,3,3.0,7.0533614
2023-11-14,FusionPhone Ultra,Smartphones,East India,1,11,14,1,4,1.0,7.059704
2024-01-28,FusionPhone Ultra,Smartphones,East India,2,1,28,6,1,1.0,6.1656322
2024-04-22,FusionPhone Ultra,Smartphones,East India,1,4,22,0,2,1.0,6.1656322
2024-09-09,FusionPhone Ultra,Smartphones,East India,2,9,9,0,3,1.0,10.046812
2024-12-14,FusionPhone Ultra,Smartphones,East India,1,12,14,5,4,1.0,13.159194
2022-11-09,FusionPhone Ultra,Smartphones,North India,3,11,9,2,4,1.0,8.982008
2023-01-03,FusionPhone Ultra,Smartphones,North India,4,1,3,1,1,2.0,6.966723
2023-03-05,FusionPhone Ultra,Smartphones,North India,1,3,5,6,1,1.0,8.306968
2023-05-11,FusionPhone Ultra,Smartphones,North India,29,5,11,3,2,1.0,6.3206086
2023-07-08,FusionPhone Ultra,Smartphones,North India,3,7,8,5,3,4.0,7.5260434
2023-09-28,FusionPhone Ultra,Smartphones,North India,1,9,28,3,3,2.0,13.379374
2023-11-15,FusionPhone Ultra,Smartphones,North India,52,11,15,2,4,21.0,17.59246
2024-01-04,FusionPhone Ultra,Smartphones,North India,2,1,4,3,1,2.0,5.7654195
2024-02-02,FusionPhone Ultra,Smartphones,North India,101,2,2,4,1,2.0,7.171989
2024-03-24,FusionPhone Ultra,Smartphones,North India,2,3,24,6,1,2.0,8.763853
2024-05-16,FusionPhone Ultra,Smartphones,North India,46,5,16,3,2,5.0,8.999938
2024-07-04,FusionPhone Ultra,Smartphones,North India,1,7,4,3,3,54.0,13.027681
2024-08-24,FusionPhone Ultra,Smartphones,North India,5,8,24,5,3,1.0,10.991713
2024-10-06,FusionPhone Ultra,Smartphones,North India,29,10,6,6,4,5.0,11.082295
2024-11-22,FusionPhone Ultra,Smartphones,North India,3,11,22,4,4,2.0,6.899696
2022-10-11,FusionPhone Ultra,Smartphones,South India,5,10,11,1,4,3.0,7.257774
2022-11-14,FusionPhone Ultra,Smartphones,South India,1,11,14,0,4,3.0,8.048608
2022-12-17,FusionPhone Ultra,Smartphones,South India,4,12,17,5,4,2.0,6.7130094
2023-01-29,FusionPhone Ultra,Smartphones,South India,3,1,29,6,1,3.0,7.659751
2023-03-10,FusionPhone Ultra,Smartphones,South India,1,3,10,4,1,30.0,9.951993
2023-05-12,FusionPhone Ultra,Smartphones,South India,2,5,12,4,2,1.0,12.841128
2023-06-28,FusionPhone Ultra,Smartphones,South India,1,6,28,2,2,3.0,8.03934
2023-08-09,FusionPhone Ultra,Smartphones,South India,3,8,9,2,3,26.0,7.271817
2023-09-24,FusionPhone Ultra,Smartphones,South India,1,9,24,6,3,2.0,10.752136
2023-12-08,FusionPhone Ultra,Smartphones,South India,23,12,8,4,4,6.0,6.7372265
2024-01-21,FusionPhone Ultra,Smartphones,South India,3,1,21,6,1,5.0,7.2904506
2024-03-16,FusionPhone Ultra,Smartphones,South India,2,3,16,5,1,3.0,9.626652
2024-04-21,FusionPhone Ultra,Smartphones,South India,1,4,21,6,2,2.0,8.559943
2024-06-02,FusionPhone Ultra,Smartphones,South India,3,6,2,6,2,3.0,7.418217
2024-07-08,FusionPhone Ultra,Smartphones,South India,1,7,8,0,3,1.0,6.50945
2024-08-23,FusionPhone Ultra,Smartphones,South India,2,8,23,4,3,8.0,18.857857
2024-09-27,FusionPhone Ultra,Smartphones,South India,1,9,27,4,3,29.0,8.140372
2024-11-13,FusionPhone Ultra,Smartphones,South India,32,11,13,2,4,4.0,9.2658825
2024-12-27,FusionPhone Ultra,Smartphones,South India,1,12,27,4,4,1.0,12.47432
2022-11-08,FusionPhone Ultra,Smartphones,West India,2,11,8,1,4,1.0,7.739133
2023-02-03,FusionPhone Ultra,Smartphones,West India,100,2,3,4,1,1.0,6.472587
2023-03-18,FusionPhone Ultra,Smartphones,West India,3,3,18,5,1,2.0,6.6799335
2023-05-04,FusionPhone Ultra,Smartphones,West India,1,5,4,3,2,1.0,8.593992
2023-07-02,FusionPhone Ultra,Smartphones,West India,1,7,2,6,3,1.0,11.301067
2023-08-15,FusionPhone Ultra,Smartphones,West India,2,8,15,1,3,1.0,11.408463
2023-10-10,FusionPhone Ultra,Smartphones,West India,204,10,10,1,4,3.0,8.448233
2023-11-22,FusionPhone Ultra,Smartphones,West India,2,11,22,2,4,1.0,6.2793345
2024-01-08,FusionPhone Ultra,Smartphones,West India,1,1,8,0,1,1.0,8.804105
2024-03-01,FusionPhone Ultra,Smartphones,West India,1,3,1,4,1,1.0,9.205426
2024-04-14,FusionPhone Ultra,Smartphones,West India,1,4,14,6,2,2.0,6.860172
2024-06-21,FusionPhone Ultra,Smartphones,West India,2,6,21,4,2,2.0,10.099154
2024-08-03,FusionPhone Ultra,Smartphones,West India,20,8,3,5,3,16.0,13.3352375
2024-09-13,FusionPhone Ultra,Smartphones,West India,26,9,13,4,3,2.0,8.882953
2024-10-22,FusionPhone Ultra,Smartphones,West India,3,10,22,1,4,5.0,7.4189796
2024-11-25,FusionPhone Ultra,Smartphones,West India,2,11,25,0,4,4.0,7.648053
2021-09-18,FusionPhone X,Smartphones,Central India,1,9,18,5,3,1.0,8.91598
2021-11-15,FusionPhone X,Smartphones,Central India,1,11,15,0,4,70.0,7.580383
2022-03-13,FusionPhone X,Smartphones,Central India,1,3,13,6,1,1.0,9.220792
2022-07-29,FusionPhone X,Smartphones,Central India,1,7,29,4,3,1.0,10.914389
2022-11-03,FusionPhone X,Smartphones,Central India,1,11,3,3,4,1.0,4.6847887
2023-02-08,FusionPhone X,Smartphones,Central India,1,2,8,2,1,1.0,9.332238
2023-05-20,FusionPhone X,Smartphones,Central India,2,5,20,5,2,3.0,6.7622523
2023-10-13,FusionPhone X,Smartphones,Central India,1,10,13,4,4,1.0,7.992209
2024-01-14,FusionPhone X,Smartphones,Central India,2,1,14,6,1,1.0,6.6566124
2024-06-30,FusionPhone X,Smartphones,Central India,1,6,30,6,2,1.0,9.113942
2024-10-20,FusionPhone X,Smartphones,Central India,1,10,20,6,4,1.0,13.975677
2021-08-30,FusionPhone X,Smartphones,East India,2,8,30,0,3,1.0,9.719873
2021-10-29,FusionPhone X,Smartphones,East India,2,10,29,4,4,1.0,7.8607035
2022-02-20,FusionPhone X,Smartphones,East India,1,2,20,6,1,1.0,6.6197495
2022-07-24,FusionPhone X,Smartphones,East India,1,7,24,6,3,1.0,9.316462
2022-11-03,FusionPhone X,Smartphones,East India,1,11,3,3,4,4.0,12.762801
2023-01-21,FusionPhone X,Smartphones,East India,5,1,21,5,1,2.0,10.060842
2023-03-26,FusionPhone X,Smartphones,East India,59,3,26,6,1,2.0,7.7896113
2023-06-13,FusionPhone X,Smartphones,East India,18,6,13,1,2,1.0,11.024135
2023-09-28,FusionPhone X,Smartphones,East India,1,9,28,3,3,1.0,9.091715
2023-11-13,FusionPhone X,Smartphones,East India,3,11,13,0,4,20.0,6.994782
2024-01-19,FusionPhone X,Smartphones,East India,1,1,19,4,1,1.0,14.396304
2024-03-09,FusionPhone X,Smartphones,East India,1,3,9,5,1,1.0,11.085604
2024-08-17,FusionPhone X,Smartphones,East India,1,8,17,5,3,2.0,8.32126
2024-11-01,FusionPhone X,Smartphones,East India,2,11,1,4,4,3.0,7.375174
2021-09-04,FusionPhone X,Smartphones,North India,14,9,4,5,3,1.0,8.551913
2021-10-18,FusionPhone X,Smartphones,North India,4,10,18,0,4,6.0,7.216314
2021-12-01,FusionPhone X,Smartphones,North India,2,12,1,2,4,43.0,8.886838
2022-01-25,FusionPhone X,Smartphones,North India,4,1,25,1,1,3.0,10.871937
2022-03-09,FusionPhone X,Smartphones,North India,1,3,9,2,1,2.0,9.304157
2022-04-17,FusionPhone X,Smartphones,North India,1,4,17,6,2,1.0,6.506783
2022-05-29,FusionPhone X,Smartphones,North India,26,5,29,6,2,3.0,7.5652957
2022-07-04,FusionPhone X,Smartphones,North India,1,7,4,0,3,2.0,8.233073
2022-08-16,FusionPhone X,Smartphones,North India,2,8,16,1,3,4.0,8.791754
2022-09-29,FusionPhone X,Smartphones,North India,4,9,29,3,3,2.0,8.69904
2022-11-12,FusionPhone X,Smartphones,North India,6,11,12,5,4,3.0,9.209324
2022-12-18,FusionPhone X,Smartphones,North India,1,12,18,6,4,2.0,9.317589
2023-02-06,FusionPhone X,Smartphones,North India,2,2,6,0,1,3.0,8.174754
2023-03-27,FusionPhone X,Smartphones,North India,1,3,27,0,1,2.0,9.611243
2023-07-17,FusionPhone X,Smartphones,North India,1,7,17,0,3,2.0,8.601586
2023-09-11,FusionPhone X,Smartphones,North India,1,9,11,0,3,4.0,12.426759
2023-10-26,FusionPhone X,Smartphones,North India,2,10,26,3,4,2.0,11.0532875
2023-12-11,FusionPhone X,Smartphones,North India,2,12,11,0,4,2.0,9.259343
2024-01-26,FusionPhone X,Smartphones,North India,5,1,26,4,1,4.0,8.247535
2024-03-15,FusionPhone X,Smartphones,North India,1,3,15,4,1,4.0,10.935801
2024-04-26,FusionPhone X,Smartphones,North India,1,4,26,4,2,47.0,8.0186825
2024-07-28,FusionPhone X,Smartphones,North India,4,7,28,6,3,2.0,9.057109
2024-09-22,FusionPhone X,Smartphones,North India,4,9,22,6,3,2.0,11.185881
2024-11-13,FusionPhone X,Smartphones,North India,1,11,13,2,4,3.0,8.928415
2021-08-18,FusionPhone X,Smartphones,South India,3,8,18,2,3,7.0,9.129966
2022-01-23,FusionPhone X,Smartphones,South India,16,1,23,6,1,4.0,10.670019
2022-03-04,FusionPhone X,Smartphones,South India,3,3,4,4,1,1.0,10.939608
2022-04-16,FusionPhone X,Smartphones,South India,3,4,16,5,2,2.0,10.16126
2022-05-29,FusionPhone X,Smartphones,South India,1,5,29,6,2,2.0,8.094729
2022-06-30,FusionPhone X,Smartphones,South India,38,6,30,3,2,24.0,9.265168
2022-08-15,FusionPhone X,Smartphones,South India,16,8,15,0,3,4.0,6.0738115
2022-09-29,FusionPhone X,Smartphones,South India,2,9,29,3,3,2.0,8.419066
2022-11-10,FusionPhone X,Smartphones,South India,3,11,10,3,4,99.0,10.538236
2023-02-07,FusionPhone X,Smartphones,South India,2,2,7,1,1,2.0,7.611484
2023-04-26,FusionPhone X,Smartphones,South India,2,4,26,2,2,2.0,8.306262
2023-06-13,FusionPhone X,Smartphones,South India,1,6,13,1,2,40.0,8.601586
2023-07-29,FusionPhone X,Smartphones,South India,2,7,29,5,3,1.0,9.382512
2023-09-17,FusionPhone X,Smartphones,South India,1,9,17,6,3,1.0,11.076647
2023-11-07,FusionPhone X,Smartphones,South India,61,11,7,1,4,66.0,14.918799
2023-12-19,FusionPhone X,Smartphones,South India,3,12,19,1,4,21.0,9.842181
2024-01-24,FusionPhone X,Smartphones,South India,1,1,24,2,1,3.0,6.6674075
2024-02-25,FusionPhone X,Smartphones,South India,45,2,25,6,1,4.0,7.1411476
2024-04-03,FusionPhone X,Smartphones,South India,4,4,3,2,2,14.0,8.674367
2024-05-14,FusionPhone X,Smartphones,South India,3,5,14,1,2,2.0,12.251026
2024-06-23,FusionPhone X,Smartphones,South India,49,6,23,6,2,4.0,10.754805
2024-08-10,FusionPhone X,Smartphones,South India,4,8,10,5,3,42.0,11.114405
2024-11-02,FusionPhone X,Smartphones,South India,40,11,2,5,4,11.0,7.2719254
2021-08-24,FusionPhone X,Smartphones,West India,1,8,24,1,3,2.0,6.9690433
2021-10-03,FusionPhone X,Smartphones,West India,3,10,3,6,4,2.0,7.3703656
2021-11-25,FusionPhone X,Smartphones,West India,2,11,25,3,4,2.0,7.8797083
2022-01-17,FusionPhone X,Smartphones,West India,1,1,17,0,1,4.0,7.731515
2022-02-26,FusionPhone X,Smartphones,West India,1,2,26,5,1,1.0,6.9138536
2022-04-12,FusionPhone X,Smartphones,West India,96,4,12,1,2,2.0,6.879884
2022-05-23,FusionPhone X,Smartphones,West India,2,5,23,0,2,3.0,5.933796
2022-07-13,FusionPhone X,Smartphones,West India,2,7,13,2,3,3.0,7.2693973
2022-08-29,FusionPhone X,Smartphones,West India,2,8,29,0,3,2.0,8.098123
2022-10-25,FusionPhone X,Smartphones,West India,4,10,25,1,4,5.0,9.306162
2022-12-21,FusionPhone X,Smartphones,West India,1,12,21,2,4,20.0,7.9911637
2023-02-09,FusionPhone X,Smartphones,West India,1,2,9,3,1,1.0,6.911545
2023-06-06,FusionPhone X,Smartphones,West India,2,6,6,1,2,1.0,6.4091306
2023-08-08,FusionPhone X,Smartphones,West India,1,8,8,1,3,3.0,7.1073627
2023-10-05,FusionPhone X,Smartphones,West India,37,10,5,3,4,1.0,7.916628
2023-11-26,FusionPhone X,Smartphones,West India,3,11,26,6,4,3.0,11.438344
2024-02-04,FusionPhone X,Smartphones,West India,3,2,4,6,1,1.0,10.470206
2024-03-30,FusionPhone X,Smartphones,West India,43,3,30,5,1,1.0,6.992764
2024-07-21,FusionPhone X,Smartphones,West India,2,7,21,6,3,51.0,6.20648
2024-09-20,FusionPhone X,Smartphones,West India,2,9,20,4,3,1.0,6.20648
2024-11-05,FusionPhone X,Smartphones,West India,36,11,5,1,4,2.0,8.656348
2021-06-01,FusionTab Mini,Tablets,Central India,24,6,1,1,2,1.0,8.367288
2022-06-09,FusionTab Mini,Tablets,Central India,29,6,9,3,2,1.0,9.139075
2021-07-05,FusionTab Mini,Tablets,East India,28,7,5,0,3,49.0,8.468413
2022-01-23,FusionTab Mini,Tablets,East India,1,1,23,6,1,1.0,7.618032
2023-05-01,FusionTab Mini,Tablets,East India,1,5,1,0,2,1.0,11.104624
2023-12-29,FusionTab Mini,Tablets,East India,1,12,29,4,4,1.0,10.106456
2024-07-29,FusionTab Mini,Tablets,East India,16,7,29,0,3,59.0,8.157172
2021-05-30,FusionTab Mini,Tablets,North India,102,5,30,6,2,1.0,7.9296227
2021-07-12,FusionTab Mini,Tablets,North India,2,7,12,0,3,48.0,7.391374
2021-10-15,FusionTab Mini,Tablets,North India,1,10,15,4,4,98.0,7.944825
2022-01-03,FusionTab Mini,Tablets,North India,98,1,3,0,1,2.0,7.0484276
2022-04-22,FusionTab Mini,Tablets,North India,1,4,22,4,2,1.0,7.678443
2022-07-19,FusionTab Mini,Tablets,North India,1,7,19,1,3,23.0,10.034833
2022-10-25,FusionTab Mini,Tablets,North India,1,10,25,1,4,3.0,5.2600884
2023-01-29,FusionTab Mini,Tablets,North India,64,1,29,6,1,23.0,7.2308593
2023-06-03,FusionTab Mini,Tablets,North India,2,6,3,5,2,51.0,5.1909704
2023-07-28,FusionTab Mini,Tablets,North India,1,7,28,4,3,2.0,5.005436
2023-10-31,FusionTab Mini,Tablets,North India,1,10,31,1,4,1.0,6.8415413
2024-01-19,FusionTab Mini,Tablets,North India,1,1,19,4,1,1.0,7.5742626
2024-05-12,FusionTab Mini,Tablets,North India,21,5,12,6,2,37.0,7.4399195
2024-07-18,FusionTab Mini,Tablets,North India,1,7,18,3,3,3.0,7.7697167
2024-12-25,FusionTab Mini,Tablets,North India,1,12,25,2,4,78.0,6.2272644
2021-07-04,FusionTab Mini,Tablets,South India,58,7,4,6,3,1.0,6.294269
2021-11-02,FusionTab Mini,Tablets,South India,2,11,2,1,4,2.0,9.949301
2022-01-03,FusionTab Mini,Tablets,South India,6,1,3,0,1,16.0,7.8178964
2022-03-16,FusionTab Mini,Tablets,South India,78,3,16,2,1,36.0,8.318639
2022-06-12,FusionTab Mini,Tablets,South India,10,6,12,6,2,179.0,6.419877
2022-08-02,FusionTab Mini,Tablets,South India,1,8,2,1,3,1.0,8.86982
2022-10-19,FusionTab Mini,Tablets,South India,17,10,19,2,4,92.0,8.065347
2023-03-24,FusionTab Mini,Tablets,South India,136,3,24,4,1,1.0,9.72308
2023-06-14,FusionTab Mini,Tablets,South India,1,6,14,2,2,2.0,10.638522
2023-10-17,FusionTab Mini,Tablets,South India,3,10,17,1,4,1.0,7.2568207
2023-12-07,FusionTab Mini,Tablets,South India,75,12,7,3,4,1.0,6.061985
2024-03-30,FusionTab Mini,Tablets,South India,10,3,30,5,1,31.0,7.217388
2024-06-15,FusionTab Mini,Tablets,South India,44,6,15,5,2,1.0,11.131062
2024-08-03,FusionTab Mini,Tablets,South India,2,8,3,5,3,48.0,9.684441
2021-06-17,FusionTab Mini,Tablets,West India,3,6,17,3,2,97.0,9.084492
2021-09-01,FusionTab Mini,Tablets,West India,1,9,1,2,3,1.0,7.8771544
2021-11-01,FusionTab Mini,Tablets,West India,2,11,1,0,4,177.0,4.962699
2022-01-27,FusionTab Mini,Tablets,West India,1,1,27,3,1,28.0,6.4042253
2022-05-13,FusionTab Mini,Tablets,West India,1,5,13,4,2,1.0,6.338512
2022-07-12,FusionTab Mini,Tablets,West India,1,7,12,1,3,118.0,6.8057013
2022-09-27,FusionTab Mini,Tablets,West India,1,9,27,1,3,1.0,5.665547
2023-01-14,FusionTab Mini,Tablets,West India,177,1,14,5,1,1.0,5.8595514
2023-04-09,FusionTab Mini,Tablets,West India,1,4,9,6,2,1.0,6.1548753
2023-07-09,FusionTab Mini,Tablets,West India,39,7,9,6,3,74.0,11.138484
2023-09-20,FusionTab Mini,Tablets,West India,1,9,20,2,3,1.0,10.374908
2023-11-15,FusionTab Mini,Tablets,West India,160,11,15,2,4,1.0,8.291568
2024-02-29,FusionTab Mini,Tablets,West India,1,2,29,3,1,82.0,6.1002645
2024-05-27,FusionTab Mini,Tablets,West India,28,5,27,0,2,22.0,7.213222
2024-07-19,FusionTab Mini,Tablets,West India,2,7,19,4,3,3.0,8.244577
2024-10-13,FusionTab Mini,Tablets,West India,1,10,13,6,4,49.0,9.249968
2022-01-18,FusionTab Pro,Tablets,Central India,5,1,18,1,1,99.0,10.554171
2022-12-26,FusionTab Pro,Tablets,Central India,29,12,26,0,4,1.0,10.28975
2023-12-06,FusionTab Pro,Tablets,Central India,64,12,6,2,4,1.0,8.510224
2022-06-21,FusionTab Pro,Tablets,East India,139,6,21,1,2,1.0,5.738543
2022-11-19,FusionTab Pro,Tablets,East India,1,11,19,5,4,1.0,5.8613048
2024-01-24,FusionTab Pro,Tablets,East India,78,1,24,2,1,61.0,9.060526
2021-11-23,FusionTab Pro,Tablets,North India,14,11,23,1,4,3.0,7.1649723
2022-02-12,FusionTab Pro,Tablets,North India,1,2,12,5,1,1.0,8.028354
2022-05-13,FusionTab Pro,Tablets,North India,1,5,13,4,2,1.0,8.338575
2022-07-15,FusionTab Pro,Tablets,North India,2,7,15,4,3,2.0,8.058441
2022-10-08,FusionTab Pro,Tablets,North India,89,10,8,5,4,45.0,10.3454485
2023-06-23,FusionTab Pro,Tablets,North India,149,6,23,4,2,1.0,5.994105
2023-09-23,FusionTab Pro,Tablets,North India,11,9,23,5,3,1.0,7.4620295
2024-02-19,FusionTab Pro,Tablets,North India,1,2,19,0,1,66.0,7.912376
2024-05-17,FusionTab Pro,Tablets,North India,194,5,17,4,2,1.0,10.972875
2021-11-22,FusionTab Pro,Tablets,South India,1,11,22,0,4,1.0,8.017252
2022-02-18,FusionTab Pro,Tablets,South India,24,2,18,4,1,1.0,8.419478
2022-06-18,FusionTab Pro,Tablets,South India,1,6,18,5,2,2.0,7.320252
2022-08-09,FusionTab Pro,Tablets,South India,27,8,9,1,3,34.0,10.8363285
2022-10-29,FusionTab Pro,Tablets,South India,94,10,29,5,4,1.0,9.477662
2023-03-24,FusionTab Pro,Tablets,South India,2,3,24,4,1,1.0,13.814695
2023-06-19,FusionTab Pro,Tablets,South India,28,6,19,0,2,2.0,11.039868
2023-08-25,FusionTab Pro,Tablets,South India,2,8,25,4,3,80.0,10.192096
2023-11-10,FusionTab Pro,Tablets,South India,2,11,10,4,4,37.0,9.729647
2024-01-22,FusionTab Pro,Tablets,South India,37,1,22,0,1,19.0,13.389289
2024-05-19,FusionTab Pro,Tablets,South India,37,5,19,6,2,164.0,14.028402
2024-07-17,FusionTab Pro,Tablets,South India,1,7,17,2,3,1.0,10.853429
2024-10-16,FusionTab Pro,Tablets,South India,16,10,16,2,4,42.0,15.130344
2024-12-29,FusionTab Pro,Tablets,South India,33,12,29,6,4,1.0,16.398216
2022-03-08,FusionTab Pro,Tablets,West India,1,3,8,1,1,41.0,10.977536
2022-06-16,FusionTab Pro,Tablets,West India,2,6,16,3,2,1.0,12.115838
2022-09-03,FusionTab Pro,Tablets,West India,16,9,3,5,3,39.0,13.072157
2022-11-29,FusionTab Pro,Tablets,West India,56,11,29,1,4,1.0,14.639363
2023-03-26,FusionTab Pro,Tablets,West India,58,3,26,6,1,78.0,17.247574
2023-06-28,FusionTab Pro,Tablets,West India,2,6,28,2,2,2.0,12.108524
2023-10-04,FusionTab Pro,Tablets,West India,1,10,4,2,4,11.0,16.630676
2024-05-07,FusionTab Pro,Tablets,West India,2,5,7,1,2,1.0,13.406501
2024-07-30,FusionTab Pro,Tablets,West India,1,7,30,1,3,1.0,14.6389475
2024-11-28,FusionTab Pro,Tablets,West India,1,11,28,3,4,1.0,16.516235
2024-05-24,FusionView 24,Monitors,Central India,5,5,24,4,2,1.0,21.004978
2022-10-15,FusionView 24,Monitors,East India,39,10,15,5,4,34.0,23.305027
2024-12-10,FusionView 24,Monitors,East India,10,12,10,1,4,79.0,21.439789
2022-01-07,FusionView 24,Monitors,North India,159,1,7,4,1,36.0,24.803947
2022-10-15,FusionView 24,Monitors,North India,37,10,15,5,4,1.0,21.61217
2023-08-12,FusionView 24,Monitors,North India,37,8,12,5,3,158.0,22.237911
2024-06-07,FusionView 24,Monitors,North India,8,6,7,4,2,22.0,26.594818
2021-10-25,FusionView 24,Monitors,South India,51,10,25,0,4,45.0,21.618156
2022-06-28,FusionView 24,Monitors,South India,28,6,28,1,2,31.0,23.585567
2023-01-15,FusionView 24,Monitors,South India,33,1,15,6,1,38.0,26.106073
2023-11-19,FusionView 24,Monitors,South India,21,11,19,6,4,1.0,23.469986
2024-09-14,FusionView 24,Monitors,South India,43,9,14,5,3,47.0,18.461424
2021-10-29,FusionView 24,Monitors,West India,99,10,29,4,4,28.0,19.741962
2022-06-08,FusionView 24,Monitors,West India,17,6,8,2,2,38.0,22.617971
2023-02-26,FusionView 24,Monitors,West India,42,2,26,6,1,11.0,13.772036
2023-10-08,FusionView 24,Monitors,West India,1,10,8,6,4,1.0,10.322739
2024-05-18,FusionView 24,Monitors,West India,40,5,18,5,2,64.0,9.999635
2024-12-08,FusionView 24,Monitors,West India,1,12,8,6,4,49.0,10.287746
2022-10-27,FusionView 27,Monitors,Central India,6,10,27,3,4,48.0,13.258057
2021-08-21,FusionView 27,Monitors,East India,116,8,21,5,3,1.0,13.982151
2022-09-13,FusionView 27,Monitors,East India,47,9,13,1,3,186.0,21.38729
2023-10-03,FusionView 27,Monitors,East India,30,10,3,1,4,30.0,12.515169
2024-10-20,FusionView 27,Monitors,East India,2,10,20,6,4,28.0,13.50173
2021-10-30,FusionView 27,Monitors,North India,69,10,30,5,4,22.0,13.662169
2022-05-20,FusionView 27,Monitors,North India,82,5,20,4,2,1.0,13.882948
2022-10-29,FusionView 27,Monitors,North India,64,10,29,5,4,43.0,11.548593
2023-04-08,FusionView 27,Monitors,North India,33,4,8,5,2,46.0,11.043873
2023-10-30,FusionView 27,Monitors,North India,47,10,30,0,4,1.0,12.851774
2024-05-28,FusionView 27,Monitors,North India,1,5,28,1,2,1.0,13.951867
2024-12-02,FusionView 27,Monitors,North India,19,12,2,0,4,73.0,13.663033
2021-10-27,FusionView 27,Monitors,South India,52,10,27,2,4,98.0,14.130529
2022-03-03,FusionView 27,Monitors,South India,10,3,3,3,1,186.0,11.687666
2022-08-08,FusionView 27,Monitors,South India,35,8,8,0,3,1.0,8.071301
2022-12-17,FusionView 27,Monitors,South India,186,12,17,5,4,75.0,12.087166
2023-06-22,FusionView 27,Monitors,South India,49,6,22,3,2,11.0,10.352697
2023-11-06,FusionView 27,Monitors,South India,7,11,6,0,4,1.0,10.483903
2024-03-03,FusionView 27,Monitors,South India,38,3,3,6,1,1.0,11.367988
2024-09-14,FusionView 27,Monitors,South India,41,9,14,5,3,22.0,10.706804
2024-12-24,FusionView 27,Monitors,South India,36,12,24,1,4,137.0,10.319511
2021-10-31,FusionView 27,Monitors,West India,18,10,31,6,4,21.0,8.869135
2022-05-28,FusionView 27,Monitors,West India,24,5,28,5,2,30.0,15.318137
2022-12-29,FusionView 27,Monitors,West India,1,12,29,3,4,1.0,11.022707
2023-07-15,FusionView 27,Monitors,West India,31,7,15,5,3,192.0,10.069243
2024-07-11,FusionView 27,Monitors,West India,28,7,11,3,3,47.0,9.201333
2024-11-03,FusionView 27,Monitors,West India,111,11,3,6,4,1.0,9.426861
2023-05-19,FusionView 32,Monitors,Central India,70,5,19,4,2,29.0,7.1939692
2023-07-05,FusionView 32,Monitors,East India,107,7,5,2,3,1.0,11.994237
2022-05-04,FusionView 32,Monitors,North India,26,5,4,2,2,8.0,10.404168
2022-10-22,FusionView 32,Monitors,North India,35,10,22,5,4,12.0,15.146456
2023-08-09,FusionView 32,Monitors,North India,50,8,9,2,3,25.0,10.220463
2024-03-29,FusionView 32,Monitors,North India,1,3,29,4,1,6.0,9.669251
2024-10-08,FusionView 32,Monitors,North India,37,10,8,1,4,69.0,8.241917
2022-02-01,FusionView 32,Monitors,South India,1,2,1,1,1,59.0,9.050998
2022-06-01,FusionView 32,Monitors,South India,14,6,1,2,2,1.0,6.9588666
2022-10-17,FusionView 32,Monitors,South India,40,10,17,0,4,66.0,5.6976895
2023-06-04,FusionView 32,Monitors,South India,1,6,4,6,2,50.0,5.9797096
2023-10-21,FusionView 32,Monitors,South India,37,10,21,5,4,96.0,11.792393
2024-02-21,FusionView 32,Monitors,South India,158,2,21,2,1,15.0,9.60254
2024-07-01,FusionView 32,Monitors,South India,21,7,1,0,3,26.0,8.447884
2024-10-26,FusionView 32,Monitors,South India,31,10,26,5,4,2.0,8.0193815
2022-02-04,FusionView 32,Monitors,West India,87,2,4,4,1,1.0,8.083037
2022-07-16,FusionView 32,Monitors,West India,22,7,16,5,3,31.0,7.8760214
2023-01-14,FusionView 32,Monitors,West India,349,1,14,5,1,47.0,6.367874
2024-01-23,FusionView 32,Monitors,West India,51,1,23,1,1,188.0,7.135967
2024-06-24,FusionView 32,Monitors,West India,123,6,24,0,2,1.0,6.915584
2024-11-21,FusionView 32,Monitors,West India,22,11,21,3,4,1.0,9.770688
2021-02-26,Fusion Charger,Accessories,North India,3,2,26,4,1,5.0,4.072727
2021-04-02,Fusion Charger,Accessories,North India,2,4,2,4,2,5.0,5.676435
2021-05-24,Fusion Charger,Accessories,North India,1,5,24,0,2,35.0,4.9156494
2021-07-07,Fusion Charger,Accessories,North India,1,7,7,2,3,1.0,4.687378
2021-08-10,Fusion Charger,Accessories,North India,2,8,10,1,3,4.0,5.5414934
2021-09-21,Fusion Charger,Accessories,North India,1,9,21,1,3,98.0,7.7013946
2021-10-27,Fusion Charger,Accessories,North India,8,10,27,2,4,14.0,7.493412
2021-12-02,Fusion Charger,Accessories,North India,2,12,2,3,4,1.0,5.8825173
2022-01-09,Fusion Charger,Accessories,North India,1,1,9,6,1,2.0,6.0024447
2022-02-14,Fusion Charger,Accessories,North India,4,2,14,0,1,2.0,5.7532763
2022-04-20,Fusion Charger,Accessories,North India,1,4,20,2,2,5.0,5.680887
2022-06-03,Fusion Charger,Accessories,North India,2,6,3,4,2,2.0,5.9347982
2022-07-30,Fusion Charger,Accessories,North India,2,7,30,5,3,3.0,6.0671873
2022-08-31,Fusion Charger,Accessories,North India,1,8,31,2,3,1.0,5.27529
2022-11-12,Fusion Charger,Accessories,North India,3,11,12,5,4,4.0,7.446859
2023-03-21,Fusion Charger,Accessories,North India,1,3,21,1,1,2.0,6.7617497
2023-05-07,Fusion Charger,Accessories,North India,7,5,7,6,2,2.0,7.345329
2023-06-30,Fusion Charger,Accessories,North India,1,6,30,4,2,2.0,7.2178082
2023-08-15,Fusion Charger,Accessories,North India,2,8,15,1,3,1.0,5.6560187
2023-11-01,Fusion Charger,Accessories,North India,1,11,1,2,4,6.0,5.263367
2024-01-10,Fusion Charger,Accessories,North India,4,1,10,2,1,1.0,5.3919287
2024-02-24,Fusion Charger,Accessories,North India,2,2,24,5,1,33.0,8.09017
2024-05-01,Fusion Charger,Accessories,North India,2,5,1,2,2,1.0,7.825041
2024-06-16,Fusion Charger,Accessories,North India,10,6,16,6,2,2.0,6.0309463
2024-07-27,Fusion Charger,Accessories,North India,2,7,27,5,3,37.0,6.444568
2024-09-07,Fusion Charger,Accessories,North India,4,9,7,5,3,1.0,6.670083
2024-11-21,Fusion Charger,Accessories,North India,33,11,21,3,4,2.0,6.7563076
2021-01-09,Fusion Charger,Accessories,South India,86,1,9,5,1,11.0,7.057837
2021-02-13,Fusion Charger,Accessories,South India,4,2,13,5,1,11.0,5.750878
2021-03-13,Fusion Charger,Accessories,South India,41,3,13,5,1,4.0,7.154735
2021-04-10,Fusion Charger,Accessories,South India,8,4,10,5,2,3.0,7.0150476
2021-05-17,Fusion Charger,Accessories,South India,1,5,17,0,2,20.0,6.281184
2021-06-27,Fusion Charger,Accessories,South India,3,6,27,6,2,1.0,6.8601913
2021-07-30,Fusion Charger,Accessories,South India,2,7,30,4,3,3.0,8.238424
2021-09-11,Fusion Charger,Accessories,South India,6,9,11,5,3,5.0,7.3033867
2021-10-22,Fusion Charger,Accessories,South India,7,10,22,4,4,53.0,8.616218
2021-11-23,Fusion Charger,Accessories,South India,5,11,23,1,4,1.0,6.943124
2022-01-04,Fusion Charger,Accessories,South India,3,1,4,1,1,3.0,6.521548
2022-02-04,Fusion Charger,Accessories,South India,9,2,4,4,1,4.0,6.7719436
2022-03-15,Fusion Charger,Accessories,South India,3,3,15,1,1,1.0,7.349446
2022-04-26,Fusion Charger,Accessories,South India,1,4,26,1,2,1.0,13.190406
2022-06-09,Fusion Charger,Accessories,South India,1,6,9,3,2,4.0,11.05653
2022-08-05,Fusion Charger,Accessories,South India,2,8,5,4,3,2.0,8.786009
2022-09-26,Fusion Charger,Accessories,South India,1,9,26,0,3,26.0,8.051122
2022-11-03,Fusion Charger,Accessories,South India,4,11,3,3,4,3.0,7.1677494
2022-12-16,Fusion Charger,Accessories,South India,2,12,16,4,4,9.0,7.2854943
2023-03-13,Fusion Charger,Accessories,South India,1,3,13,0,1,1.0,13.210304
2023-05-04,Fusion Charger,Accessories,South India,2,5,4,3,2,2.0,10.136545
2023-06-29,Fusion Charger,Accessories,South India,1,6,29,3,2,2.0,10.483263
2023-08-29,Fusion Charger,Accessories,South India,2,8,29,1,3,8.0,8.799238
2023-10-15,Fusion Charger,Accessories,South India,7,10,15,6,4,5.0,9.937185
2023-11-26,Fusion Charger,Accessories,South India,39,11,26,6,4,29.0,10.167852
2024-01-14,Fusion Charger,Accessories,South India,2,1,14,6,1,2.0,9.266057
2024-02-22,Fusion Charger,Accessories,South India,2,2,22,3,1,1.0,10.257724
2024-04-27,Fusion Charger,Accessories,South India,2,4,27,5,2,1.0,8.628409
2024-06-18,Fusion Charger,Accessories,South India,1,6,18,1,2,2.0,8.899712
2024-08-11,Fusion Charger,Accessories,South India,1,8,11,6,3,4.0,11.536477
2024-09-27,Fusion Charger,Accessories,South India,2,9,27,4,3,3.0,9.810665
2024-11-04,Fusion Charger,Accessories,South India,2,11,4,0,4,13.0,18.53737
2024-12-24,Fusion Charger,Accessories,South India,42,12,24,1,4,1.0,9.428629
2021-02-04,Fusion Charger,Accessories,West India,11,2,4,3,1,6.0,17.661451
2021-03-23,Fusion Charger,Accessories,West India,1,3,23,1,1,3.0,20.890331
2021-05-06,Fusion Charger,Accessories,West India,9,5,6,3,2,3.0,10.233469
2021-07-03,Fusion Charger,Accessories,West India,1,7,3,5,3,3.0,18.335457
2021-09-18,Fusion Charger,Accessories,West India,37,9,18,5,3,1.0,19.261295
2021-11-20,Fusion Charger,Accessories,West India,5,11,20,5,4,85.0,19.675646
2022-01-31,Fusion Charger,Accessories,West India,3,1,31,0,1,47.0,18.023016
2022-04-16,Fusion Charger,Accessories,West India,3,4,16,5,2,1.0,19.5654
2022-06-29,Fusion Charger,Accessories,West India,44,6,29,2,2,6.0,24.799713
2022-09-22,Fusion Charger,Accessories,West India,1,9,22,3,3,2.0,37.327553
2022-11-19,Fusion Charger,Accessories,West India,4,11,19,5,4,4.0,16.694714
2023-01-27,Fusion Charger,Accessories,West India,5,1,27,4,1,3.0,15.737188
2023-04-24,Fusion Charger,Accessories,West India,1,4,24,0,2,3.0,17.445698
2023-07-15,Fusion Charger,Accessories,West India,3,7,15,5,3,30.0,14.804928
2023-10-03,Fusion Charger,Accessories,West India,5,10,3,1,4,3.0,16.64433
2023-11-27,Fusion Charger,Accessories,West India,1,11,27,0,4,4.0,16.69154
2024-01-21,Fusion Charger,Accessories,West India,9,1,21,6,1,2.0,14.7961235
2024-03-16,Fusion Charger,Accessories,West India,1,3,16,5,1,1.0,16.217592
2024-05-08,Fusion Charger,Accessories,West India,4,5,8,2,2,2.0,10.795359
2024-08-17,Fusion Charger,Accessories,West India,1,8,17,5,3,2.0,11.492507
2024-11-25,Fusion Charger,Accessories,West India,40,11,25,0,4,2.0,11.622764
2021-01-27,Fusion Earbuds,Accessories,Central India,32,1,27,2,1,1.0,11.62944
2021-04-05,Fusion Earbuds,Accessories,Central India,15,4,5,0,2,2.0,9.841682
2021-07-25,Fusion Earbuds,Accessories,Central India,1,7,25,6,3,1.0,7.0063095
2022-02-15,Fusion Earbuds,Accessories,Central India,5,2,15,1,1,1.0,6.137245
2022-08-11,Fusion Earbuds,Accessories,Central India,38,8,11,3,3,47.0,12.428905
2023-01-19,Fusion Earbuds,Accessories,Central India,2,1,19,3,1,3.0,9.698973
2023-10-15,Fusion Earbuds,Accessories,Central India,18,10,15,6,4,1.0,14.644363
2024-03-27,Fusion Earbuds,Accessories,Central India,1,3,27,2,1,1.0,13.9484
2024-09-22,Fusion Earbuds,Accessories,Central India,1,9,22,6,3,2.0,6.957029
2021-01-12,Fusion Earbuds,Accessories,East India,12,1,12,1,1,21.0,9.380016
2021-03-14,Fusion Earbuds,Accessories,East India,1,3,14,6,1,9.0,7.958304
2021-10-09,Fusion Earbuds,Accessories,East India,52,10,9,5,4,2.0,9.592707
2021-12-31,Fusion Earbuds,Accessories,East India,1,12,31,4,4,1.0,9.824964
2022-05-09,Fusion Earbuds,Accessories,East India,1,5,9,0,2,3.0,9.751323
2022-08-31,Fusion Earbuds,Accessories,East India,1,8,31,2,3,9.0,10.5966
2022-11-13,Fusion Earbuds,Accessories,East India,45,11,13,6,4,2.0,7.474673
2023-02-19,Fusion Earbuds,Accessories,East India,1,2,19,6,1,4.0,6.8536906
2023-06-23,Fusion Earbuds,Accessories,East India,1,6,23,4,2,1.0,6.247583
2023-09-15,Fusion Earbuds,Accessories,East India,2,9,15,4,3,6.0,8.451002
2023-11-21,Fusion Earbuds,Accessories,East India,23,11,21,1,4,3.0,8.140314
2024-02-11,Fusion Earbuds,Accessories,East India,2,2,11,6,1,2.0,7.4655704
2024-05-20,Fusion Earbuds,Accessories,East India,1,5,20,0,2,1.0,9.269342
2024-10-22,Fusion Earbuds,Accessories,East India,2,10,22,1,4,3.0,8.923408
2024-12-18,Fusion Earbuds,Accessories,East India,1,12,18,2,4,1.0,6.7221875
2021-03-06,Fusion Earbuds,Accessories,North India,2,3,6,5,1,5.0,7.663798
2021-04-08,Fusion Earbuds,Accessories,North India,5,4,8,3,2,17.0,8.56489
2021-05-20,Fusion Earbuds,Accessories,North India,17,5,20,3,2,1.0,8.630494
2021-08-15,Fusion Earbuds,Accessories,North India,2,8,15,6,3,2.0,4.7409883
2021-09-15,Fusion Earbuds,Accessories,North India,1,9,15,2,3,42.0,4.543137
2021-10-26,Fusion Earbuds,Accessories,North India,10,10,26,1,4,25.0,6.02696
2021-12-14,Fusion Earbuds,Accessories,North India,1,12,14,1,4,2.0,4.219433
2022-01-15,Fusion Earbuds,Accessories,North India,7,1,15,5,1,3.0,5.914475
2022-03-25,Fusion Earbuds,Accessories,North India,2,3,25,4,1,1.0,5.4054427
2022-05-10,Fusion Earbuds,Accessories,North India,51,5,10,1,2,1.0,4.892176
2022-06-24,Fusion Earbuds,Accessories,North India,4,6,24,4,2,2.0,4.3534274
2022-08-06,Fusion Earbuds,Accessories,North India,1,8,6,5,3,2.0,5.2611303
2022-09-26,Fusion Earbuds,Accessories,North India,1,9,26,0,3,1.0,6.2397037
2022-11-07,Fusion Earbuds,Accessories,North India,2,11,7,0,4,4.0,6.7299085
2022-12-17,Fusion Earbuds,Accessories,North India,2,12,17,5,4,2.0,6.5615754
2023-01-23,Fusion Earbuds,Accessories,North India,1,1,23,0,1,40.0,5.5474153
2023-03-20,Fusion Earbuds,Accessories,North India,1,3,20,0,1,3.0,18.443274
2023-05-05,Fusion Earbuds,Accessories,North India,39,5,5,4,2,3.0,6.250579
2023-07-02,Fusion Earbuds,Accessories,North India,7,7,2,6,3,1.0,11.195841
2023-09-09,Fusion Earbuds,Accessories,North India,2,9,9,5,3,2.0,11.528064
2024-01-10,Fusion Earbuds,Accessories,North India,4,1,10,2,1,6.0,9.413822
2024-02-15,Fusion Earbuds,Accessories,North India,5,2,15,3,1,1.0,11.77549
2024-09-21,Fusion Earbuds,Accessories,North India,2,9,21,5,3,1.0,7.5227513
2024-10-21,Fusion Earbuds,Accessories,North India,53,10,21,0,4,53.0,7.118422
2024-11-18,Fusion Earbuds,Accessories,North India,1,11,18,0,4,2.0,8.013485
2021-01-06,Fusion Earbuds,Accessories,South India,49,1,6,2,1,7.0,8.131774
2021-03-13,Fusion Earbuds,Accessories,South India,26,3,13,5,1,59.0,11.187469
2021-04-21,Fusion Earbuds,Accessories,South India,6,4,21,2,2,3.0,7.748548
2021-05-20,Fusion Earbuds,Accessories,South India,5,5,20,3,2,4.0,6.3949747
2021-09-20,Fusion Earbuds,Accessories,South India,2,9,20,0,3,2.0,6.4388695
2021-11-05,Fusion Earbuds,Accessories,South India,90,11,5,4,4,7.0,7.2688565
2021-12-28,Fusion Earbuds,Accessories,South India,2,12,28,1,4,49.0,15.15956
2022-02-23,Fusion Earbuds,Accessories,South India,1,2,23,2,1,1.0,14.503972
2022-04-13,Fusion Earbuds,Accessories,South India,152,4,13,2,2,2.0,9.366452
2022-05-28,Fusion Earbuds,Accessories,South India,5,5,28,5,2,1.0,6.2181845
2022-07-15,Fusion Earbuds,Accessories,South India,2,7,15,4,3,3.0,7.3789706
2022-09-12,Fusion Earbuds,Accessories,South India,21,9,12,0,3,118.0,8.183931
2022-10-20,Fusion Earbuds,Accessories,South India,5,10,20,3,4,48.0,6.1779113
2022-12-04,Fusion Earbuds,Accessories,South India,2,12,4,6,4,5.0,10.187998
2023-03-06,Fusion Earbuds,Accessories,South India,17,3,6,0,1,2.0,6.59112
2023-06-02,Fusion Earbuds,Accessories,South India,2,6,2,4,2,1.0,9.661253
2023-07-03,Fusion Earbuds,Accessories,South India,2,7,3,0,3,1.0,7.4164643
2023-10-03,Fusion Earbuds,Accessories,South India,4,10,3,1,4,2.0,8.160057
2023-11-14,Fusion Earbuds,Accessories,South India,41,11,14,1,4,4.0,9.679222
2023-12-23,Fusion Earbuds,Accessories,South India,1,12,23,5,4,1.0,6.804904
2024-01-29,Fusion Earbuds,Accessories,South India,47,1,29,0,1,4.0,10.843405
2024-03-14,Fusion Earbuds,Accessories,South India,1,3,14,3,1,4.0,18.226107
2024-04-17,Fusion Earbuds,Accessories,South India,1,4,17,2,2,1.0,7.585889
2024-06-06,Fusion Earbuds,Accessories,South India,43,6,6,3,2,79.0,7.400517
2024-09-10,Fusion Earbuds,Accessories,South India,3,9,10,1,3,1.0,8.666029
2024-10-15,Fusion Earbuds,Accessories,South India,2,10,15,1,4,1.0,7.1156044
2024-12-21,Fusion Earbuds,Accessories,South India,2,12,21,5,4,2.0,5.338844
2021-01-22,Fusion Earbuds,Accessories,West India,11,1,22,4,1,2.0,6.2614055
2021-04-01,Fusion Earbuds,Accessories,West India,3,4,1,3,2,1.0,6.6778154
2021-05-09,Fusion Earbuds,Accessories,West India,2,5,9,6,2,2.0,9.787109
2021-06-23,Fusion Earbuds,Accessories,West India,1,6,23,2,2,3.0,7.0798135
2021-08-07,Fusion Earbuds,Accessories,West India,5,8,7,5,3,1.0,6.3169136
2021-09-18,Fusion Earbuds,Accessories,West India,1,9,18,5,3,2.0,7.379461
2021-10-21,Fusion Earbuds,Accessories,West India,2,10,21,3,4,4.0,6.5375986
2021-11-21,Fusion Earbuds,Accessories,West India,2,11,21,6,4,1.0,7.4977517
2022-01-05,Fusion Earbuds,Accessories,West India,1,1,5,2,1,2.0,7.2078724
2022-02-23,Fusion Earbuds,Accessories,West India,1,2,23,2,1,1.0,8.082383
2022-04-21,Fusion Earbuds,Accessories,West India,1,4,21,3,2,3.0,4.734754
2022-06-14,Fusion Earbuds,Accessories,West India,3,6,14,1,2,1.0,6.6315675
2022-09-12,Fusion Earbuds,Accessories,West India,1,9,12,0,3,1.0,7.572744
2022-10-20,Fusion Earbuds,Accessories,West India,8,10,20,3,4,1.0,6.8389716
2022-11-29,Fusion Earbuds,Accessories,West India,38,11,29,1,4,3.0,9.062906
2023-02-25,Fusion Earbuds,Accessories,West India,2,2,25,5,1,4.0,6.3005285
2023-04-09,Fusion Earbuds,Accessories,West India,3,4,9,6,2,2.0,8.334641
2023-06-06,Fusion Earbuds,Accessories,West India,1,6,6,1,2,2.0,7.0810027
2023-08-03,Fusion Earbuds,Accessories,West India,2,8,3,3,3,1.0,8.702321
2023-09-19,Fusion Earbuds,Accessories,West India,1,9,19,1,3,2.0,8.3575325
2023-10-29,Fusion Earbuds,Accessories,West India,3,10,29,6,4,4.0,9.997343
2023-12-14,Fusion Earbuds,Accessories,West India,1,12,14,3,4,3.0,10.369759
2024-01-31,Fusion Earbuds,Accessories,West India,2,1,31,2,1,4.0,7.835943
2024-07-01,Fusion Earbuds,Accessories,West India,1,7,1,0,3,2.0,6.029863
2024-10-24,Fusion Earbuds,Accessories,West India,7,10,24,3,4,7.0,7.8540063
2024-12-31,Fusion Earbuds,Accessories,West India,8,12,31,1,4,11.0,12.914087
2022-10-06,Fusion Keyboard,Accessories,Central India,1,10,6,3,4,1.0,6.306056
2023-02-20,Fusion Keyboard,Accessories,Central India,43,2,20,0,1,1.0,6.306056
2023-10-04,Fusion Keyboard,Accessories,Central India,1,10,4,2,4,1.0,8.384063
2024-02-19,Fusion Keyboard,Accessories,Central India,1,2,19,0,1,1.0,11.843466
2024-09-06,Fusion Keyboard,Accessories,Central India,1,9,6,4,3,1.0,6.140835
2021-05-18,Fusion Keyboard,Accessories,East India,1,5,18,1,2,1.0,7.264554
2021-08-15,Fusion Keyboard,Accessories,East India,6,8,15,6,3,2.0,7.7505174
2022-02-18,Fusion Keyboard,Accessories,East India,1,2,18,4,1,1.0,8.73775
2022-05-27,Fusion Keyboard,Accessories,East India,1,5,27,4,2,1.0,11.369157
2022-09-06,Fusion Keyboard,Accessories,East India,4,9,6,1,3,47.0,9.319865
2022-10-22,Fusion Keyboard,Accessories,East India,65,10,22,5,4,1.0,6.831189
2023-02-01,Fusion Keyboard,Accessories,East India,1,2,1,2,1,1.0,6.0469913
2023-05-15,Fusion Keyboard,Accessories,East India,1,5,15,0,2,60.0,7.408467
2023-09-29,Fusion Keyboard,Accessories,East India,1,9,29,4,3,1.0,6.4483137
2023-12-08,Fusion Keyboard,Accessories,East India,19,12,8,4,4,1.0,9.044003
2024-03-20,Fusion Keyboard,Accessories,East India,3,3,20,2,1,1.0,7.4577827
2024-07-14,Fusion Keyboard,Accessories,East India,3,7,14,6,3,1.0,9.752965
2024-10-04,Fusion Keyboard,Accessories,East India,1,10,4,4,4,38.0,7.471874
2024-11-14,Fusion Keyboard,Accessories,East India,3,11,14,3,4,3.0,18.126408
2021-05-14,Fusion Keyboard,Accessories,North India,5,5,14,4,2,3.0,8.290884
2021-06-22,Fusion Keyboard,Accessories,North India,56,6,22,1,2,2.0,7.77414
2021-07-31,Fusion Keyboard,Accessories,North India,2,7,31,5,3,3.0,7.8363504
2021-09-06,Fusion Keyboard,Accessories,North India,5,9,6,0,3,18.0,6.783461
2021-10-12,Fusion Keyboard,Accessories,North India,2,10,12,1,4,5.0,6.362964
2021-11-30,Fusion Keyboard,Accessories,North India,36,11,30,1,4,1.0,9.88993
2022-01-08,Fusion Keyboard,Accessories,North India,5,1,8,5,1,2.0,6.6201086
2022-02-25,Fusion Keyboard,Accessories,North India,4,2,25,4,1,2.0,7.808667
2022-04-20,Fusion Keyboard,Accessories,North India,2,4,20,2,2,2.0,7.391782
2022-06-18,Fusion Keyboard,Accessories,North India,2,6,18,5,2,1.0,12.794509
2022-09-19,Fusion Keyboard,Accessories,North India,4,9,19,0,3,3.0,7.978593
2022-12-05,Fusion Keyboard,Accessories,North India,1,12,5,0,4,1.0,6.4893155
2023-03-26,Fusion Keyboard,Accessories,North India,4,3,26,6,1,20.0,7.926669
2023-06-21,Fusion Keyboard,Accessories,North India,1,6,21,2,2,2.0,8.854985
2023-08-22,Fusion Keyboard,Accessories,North India,1,8,22,1,3,3.0,7.203856
2023-10-14,Fusion Keyboard,Accessories,North India,1,10,14,5,4,2.0,6.8902583
2023-12-04,Fusion Keyboard,Accessories,North India,2,12,4,0,4,3.0,7.5320115
2024-02-06,Fusion Keyboard,Accessories,North India,2,2,6,1,1,1.0,7.1752524
2024-05-22,Fusion Keyboard,Accessories,North India,2,5,22,2,2,2.0,8.733193
2024-08-08,Fusion Keyboard,Accessories,North India,1,8,8,3,3,1.0,8.554708
2024-09-29,Fusion Keyboard,Accessories,North India,2,9,29,6,3,1.0,6.8453608
2024-11-17,Fusion Keyboard,Accessories,North India,1,11,17,6,4,1.0,9.787054
2021-05-27,Fusion Keyboard,Accessories,South India,4,5,27,3,2,86.0,7.815938
2021-07-25,Fusion Keyboard,Accessories,South India,4,7,25,6,3,3.0,6.6273785
2021-09-28,Fusion Keyboard,Accessories,South India,2,9,28,1,3,1.0,7.546712
2021-11-23,Fusion Keyboard,Accessories,South India,2,11,23,1,4,5.0,11.494071
2022-02-19,Fusion Keyboard,Accessories,South India,4,2,19,5,1,2.0,6.8815603
2022-03-30,Fusion Keyboard,Accessories,South India,6,3,30,2,1,2.0,5.812018
2022-05-07,Fusion Keyboard,Accessories,South India,30,5,7,5,2,2.0,8.086011
2022-06-25,Fusion Keyboard,Accessories,South India,4,6,25,5,2,1.0,6.510251
2022-08-07,Fusion Keyboard,Accessories,South India,1,8,7,6,3,1.0,7.2819242
2022-11-04,Fusion Keyboard,Accessories,South India,3,11,4,4,4,2.0,7.5756636
2022-12-16,Fusion Keyboard,Accessories,South India,3,12,16,4,4,1.0,7.20757
2023-01-18,Fusion Keyboard,Accessories,South India,1,1,18,2,1,2.0,6.510251
2023-02-23,Fusion Keyboard,Accessories,South India,4,2,23,3,1,4.0,6.510251
2023-04-19,Fusion Keyboard,Accessories,South India,2,4,19,2,2,41.0,6.764162
2023-06-13,Fusion Keyboard,Accessories,South India,49,6,13,1,2,4.0,7.332925
2023-08-21,Fusion Keyboard,Accessories,South India,1,8,21,0,3,3.0,5.087375
2023-11-12,Fusion Keyboard,Accessories,South India,65,11,12,6,4,41.0,8.257936
2024-03-16,Fusion Keyboard,Accessories,South India,2,3,16,5,1,2.0,6.4215827
2024-04-28,Fusion Keyboard,Accessories,South India,13,4,28,6,2,50.0,6.4285965
2024-06-23,Fusion Keyboard,Accessories,South India,3,6,23,6,2,4.0,7.8952394
2024-08-15,Fusion Keyboard,Accessories,South India,2,8,15,3,3,2.0,5.0326967
2024-10-03,Fusion Keyboard,Accessories,South India,96,10,3,3,4,3.0,6.2065825
2024-11-10,Fusion Keyboard,Accessories,South India,6,11,10,6,4,4.0,6.08822
2024-12-20,Fusion Keyboard,Accessories,South India,1,12,20,4,4,2.0,6.2891707
2021-06-25,Fusion Keyboard,Accessories,West India,2,6,25,4,2,1.0,6.6932435
2021-08-22,Fusion Keyboard,Accessories,West India,2,8,22,6,3,1.0,6.2445655
2021-11-14,Fusion Keyboard,Accessories,West India,4,11,14,6,4,3.0,6.1541853
2021-12-28,Fusion Keyboard,Accessories,West India,2,12,28,1,4,4.0,9.394688
2022-02-11,Fusion Keyboard,Accessories,West India,1,2,11,4,1,1.0,4.4283295
2022-04-17,Fusion Keyboard,Accessories,West India,1,4,17,6,2,1.0,5.3884835
2022-06-22,Fusion Keyboard,Accessories,West India,1,6,22,2,2,1.0,7.4998336
2022-12-30,Fusion Keyboard,Accessories,West India,1,12,30,4,4,3.0,5.3513103
2023-03-21,Fusion Keyboard,Accessories,West India,91,3,21,1,1,2.0,6.757736
2023-05-31,Fusion Keyboard,Accessories,West India,3,5,31,2,2,4.0,5.4537044
2023-08-05,Fusion Keyboard,Accessories,West India,1,8,5,5,3,1.0,6.874632
2023-10-15,Fusion Keyboard,Accessories,West India,5,10,15,6,4,9.0,6.548296
2024-01-01,Fusion Keyboard,Accessories,West India,1,1,1,0,1,1.0,8.204283
2024-03-04,Fusion Keyboard,Accessories,West India,3,3,4,0,1,1.0,4.5246525
2024-04-25,Fusion Keyboard,Accessories,West India,56,4,25,3,2,3.0,5.0987167
2024-08-14,Fusion Keyboard,Accessories,West India,2,8,14,2,3,3.0,5.5856113
2024-10-14,Fusion Keyboard,Accessories,West India,3,10,14,0,4,2.0,6.103456
2024-12-18,Fusion Keyboard,Accessories,West India,1,12,18,2,4,3.0,8.724745
2021-08-25,Fusion Mouse,Accessories,Central India,1,8,25,2,3,27.0,7.185297
2021-11-25,Fusion Mouse,Accessories,Central India,1,11,25,3,4,1.0,5.4260473
2022-11-23,Fusion Mouse,Accessories,Central India,36,11,23,2,4,2.0,7.3683457
2023-08-15,Fusion Mouse,Accessories,Central India,1,8,15,1,3,1.0,7.0760765
2024-01-24,Fusion Mouse,Accessories,Central India,1,1,24,2,1,1.0,5.215855
2024-08-18,Fusion Mouse,Accessories,Central India,189,8,18,6,3,1.0,7.7920375
2021-05-04,Fusion Mouse,Accessories,East India,5,5,4,1,2,3.0,7.7749424
2021-10-19,Fusion Mouse,Accessories,East India,1,10,19,1,4,4.0,5.5120916
2022-01-05,Fusion Mouse,Accessories,East India,2,1,5,2,1,1.0,6.642668
2022-04-25,Fusion Mouse,Accessories,East India,1,4,25,0,2,2.0,6.1587305
2022-09-04,Fusion Mouse,Accessories,East India,2,9,4,6,3,1.0,5.507335
2022-11-15,Fusion Mouse,Accessories,East India,42,11,15,1,4,2.0,5.577044
2023-03-05,Fusion Mouse,Accessories,East India,46,3,5,6,1,1.0,6.8996215
2023-06-18,Fusion Mouse,Accessories,East India,2,6,18,6,2,2.0,5.987381
2023-11-23,Fusion Mouse,Accessories,East India,1,11,23,3,4,1.0,7.492177
2024-05-03,Fusion Mouse,Accessories,East India,1,5,3,4,2,1.0,7.419788
2024-09-24,Fusion Mouse,Accessories,East India,1,9,24,1,3,1.0,7.7013946
2021-05-30,Fusion Mouse,Accessories,North India,43,5,30,6,2,48.0,5.6508822
2021-08-19,Fusion Mouse,Accessories,North India,3,8,19,3,3,4.0,4.489185
2022-01-02,Fusion Mouse,Accessories,North India,1,1,2,6,1,50.0,7.915882
2022-04-09,Fusion Mouse,Accessories,North India,4,4,9,5,2,1.0,5.318809
2022-10-19,Fusion Mouse,Accessories,North India,3,10,19,2,4,3.0,7.5088453
2022-11-29,Fusion Mouse,Accessories,North India,2,11,29,1,4,4.0,7.441034
2023-02-27,Fusion Mouse,Accessories,North India,1,2,27,0,1,2.0,5.2911615
2023-04-07,Fusion Mouse,Accessories,North India,3,4,7,4,2,3.0,7.2020826
2023-05-22,Fusion Mouse,Accessories,North India,1,5,22,0,2,37.0,6.367092
2023-07-05,Fusion Mouse,Accessories,North India,3,7,5,2,3,3.0,6.0232143
2023-12-13,Fusion Mouse,Accessories,North India,1,12,13,2,4,1.0,5.8856773
2024-02-04,Fusion Mouse,Accessories,North India,2,2,4,6,1,3.0,6.1372075
2024-04-04,Fusion Mouse,Accessories,North India,3,4,4,3,2,1.0,4.74439
2024-05-19,Fusion Mouse,Accessories,North India,1,5,19,6,2,2.0,4.687378
2024-07-08,Fusion Mouse,Accessories,North India,2,7,8,0,3,2.0,4.687378
2024-09-08,Fusion Mouse,Accessories,North India,43,9,8,6,3,2.0,7.7013946
2024-12-03,Fusion Mouse,Accessories,North India,2,12,3,1,4,1.0,6.1421313
2021-04-29,Fusion Mouse,Accessories,South India,155,4,29,3,2,2.0,5.2122526
2021-07-19,Fusion Mouse,Accessories,South India,3,7,19,0,3,6.0,6.6761594
2021-08-26,Fusion Mouse,Accessories,South India,5,8,26,3,3,2.0,6.3322835
2021-10-06,Fusion Mouse,Accessories,South India,42,10,6,2,4,4.0,7.559669
2021-11-14,Fusion Mouse,Accessories,South India,2,11,14,6,4,2.0,5.439771
2021-12-10,Fusion Mouse,Accessories,South India,2,12,10,4,4,1.0,5.9814954
2022-01-20,Fusion Mouse,Accessories,South India,2,1,20,3,1,2.0,6.491699
2022-03-18,Fusion Mouse,Accessories,South India,2,3,18,4,1,2.0,7.549253
2022-05-08,Fusion Mouse,Accessories,South India,4,5,8,6,2,6.0,5.408956
2022-08-02,Fusion Mouse,Accessories,South India,5,8,2,1,3,2.0,9.589923
2022-10-03,Fusion Mouse,Accessories,South India,5,10,3,0,4,40.0,6.896651
2022-11-05,Fusion Mouse,Accessories,South India,4,11,5,5,4,1.0,5.4771714
2022-12-03,Fusion Mouse,Accessories,South India,31,12,3,5,4,2.0,5.5163317
2023-03-27,Fusion Mouse,Accessories,South India,1,3,27,0,1,1.0,5.3919287
2023-05-10,Fusion Mouse,Accessories,South India,17,5,10,2,2,2.0,6.668184
2023-07-02,Fusion Mouse,Accessories,South India,5,7,2,6,3,93.0,9.180196
2023-08-30,Fusion Mouse,Accessories,South India,2,8,30,2,3,1.0,5.960718
2023-10-10,Fusion Mouse,Accessories,South India,2,10,10,1,4,2.0,5.6599183
2024-03-23,Fusion Mouse,Accessories,South India,1,3,23,5,1,23.0,7.121613
2024-05-15,Fusion Mouse,Accessories,South India,3,5,15,2,2,1.0,5.750878
2024-07-04,Fusion Mouse,Accessories,South India,3,7,4,3,3,2.0,5.938324
2024-08-17,Fusion Mouse,Accessories,South India,3,8,17,5,3,4.0,6.17879
2024-10-23,Fusion Mouse,Accessories,South India,4,10,23,2,4,10.0,6.8601913
2024-11-27,Fusion Mouse,Accessories,South India,50,11,27,2,4,5.0,6.208795
2021-04-28,Fusion Mouse,Accessories,West India,4,4,28,2,2,46.0,10.952352
2021-06-08,Fusion Mouse,Accessories,West India,43,6,8,1,2,2.0,7.201131
2021-07-18,Fusion Mouse,Accessories,West India,1,7,18,6,3,2.0,7.294128
2021-09-12,Fusion Mouse,Accessories,West India,4,9,12,6,3,3.0,7.063051
2021-10-25,Fusion Mouse,Accessories,West India,3,10,25,0,4,43.0,5.228876
2021-11-28,Fusion Mouse,Accessories,West India,4,11,28,6,4,2.0,6.6995544
2022-03-27,Fusion Mouse,Accessories,West India,1,3,27,6,1,2.0,38.544937
2022-06-21,Fusion Mouse,Accessories,West India,2,6,21,1,2,2.0,10.827014
2022-08-24,Fusion Mouse,Accessories,West India,1,8,24,2,3,1.0,7.8602104
2022-10-20,Fusion Mouse,Accessories,West India,2,10,20,3,4,3.0,7.1513705
2022-12-04,Fusion Mouse,Accessories,West India,13,12,4,6,4,4.0,12.612677
2023-04-18,Fusion Mouse,Accessories,West India,1,4,18,1,2,1.0,7.9258156
2023-07-02,Fusion Mouse,Accessories,West India,94,7,2,6,3,2.0,9.537358
2023-09-14,Fusion Mouse,Accessories,West India,1,9,14,3,3,2.0,8.7124
2024-01-06,Fusion Mouse,Accessories,West India,2,1,6,5,1,1.0,13.94404
2024-07-12,Fusion Mouse,Accessories,West India,2,7,12,4,3,3.0,13.557883
2024-10-20,Fusion Mouse,Accessories,West India,4,10,20,6,4,5.0,11.006595
2022-05-07,Fusion Watch Lite,Wearables,Central India,2,5,7,5,2,87.0,15.785633
2022-01-27,Fusion Watch Lite,Wearables,East India,1,1,27,3,1,1.0,18.164268
2023-07-05,Fusion Watch Lite,Wearables,East India,1,7,5,2,3,1.0,17.358223
2021-11-25,Fusion Watch Lite,Wearables,North India,1,11,25,3,4,1.0,19.337679
2022-06-23,Fusion Watch Lite,Wearables,North India,1,6,23,3,2,46.0,19.384039
2023-05-05,Fusion Watch Lite,Wearables,North India,1,5,5,4,2,4.0,20.033508
2024-05-27,Fusion Watch Lite,Wearables,North India,1,5,27,0,2,1.0,18.718788
2021-10-26,Fusion Watch Lite,Wearables,South India,41,10,26,1,4,4.0,18.99009
2022-05-18,Fusion Watch Lite,Wearables,South India,1,5,18,2,2,2.0,22.68506
2022-11-21,Fusion Watch Lite,Wearables,South India,1,11,21,0,4,1.0,17.186003
2023-08-14,Fusion Watch Lite,Wearables,South India,12,8,14,0,3,42.0,13.477769
2023-12-18,Fusion Watch Lite,Wearables,South India,1,12,18,0,4,1.0,18.62473
2024-06-13,Fusion Watch Lite,Wearables,South India,1,6,13,3,2,1.0,15.947722
2024-11-07,Fusion Watch Lite,Wearables,South India,1,11,7,3,4,1.0,20.15768
2022-02-09,Fusion Watch Lite,Wearables,West India,1,2,9,2,1,1.0,23.362608
2022-07-25,Fusion Watch Lite,Wearables,West India,1,7,25,0,3,1.0,25.380354
2023-06-07,Fusion Watch Lite,Wearables,West India,1,6,7,2,2,1.0,11.98979
2024-05-26,Fusion Watch Lite,Wearables,West India,2,5,26,6,2,48.0,8.292517
2022-05-12,Fusion Watch Pro,Wearables,Central India,1,5,12,3,2,1.0,13.287986
2022-05-07,Fusion Watch Pro,Wearables,East India,2,5,7,5,2,2.0,18.974699
2023-10-08,Fusion Watch Pro,Wearables,East India,1,10,8,6,4,1.0,19.081945
2022-03-03,Fusion Watch Pro,Wearables,North India,1,3,3,3,1,1.0,9.940673
2022-07-09,Fusion Watch Pro,Wearables,North India,1,7,9,5,3,49.0,15.902232
2023-01-19,Fusion Watch Pro,Wearables,North India,1,1,19,3,1,1.0,8.981544
2023-05-23,Fusion Watch Pro,Wearables,North India,1,5,23,1,2,2.0,9.069515
2023-11-22,Fusion Watch Pro,Wearables,North India,55,11,22,2,4,1.0,10.097785
2024-05-17,Fusion Watch Pro,Wearables,North India,1,5,17,4,2,1.0,12.427265
2024-10-14,Fusion Watch Pro,Wearables,North India,1,10,14,0,4,1.0,11.827546
2022-04-20,Fusion Watch Pro,Wearables,South India,1,4,20,2,2,2.0,8.855263
2022-11-05,Fusion Watch Pro,Wearables,South India,2,11,5,5,4,2.0,6.137245
2023-04-06,Fusion Watch Pro,Wearables,South India,1,4,6,3,2,2.0,6.137245
2023-09-02,Fusion Watch Pro,Wearables,South India,1,9,2,5,3,1.0,9.086208
2024-03-23,Fusion Watch Pro,Wearables,South India,1,3,23,5,1,44.0,14.644363
2024-07-24,Fusion Watch Pro,Wearables,South India,1,7,24,2,3,34.0,7.9434476
2024-11-27,Fusion Watch Pro,Wearables,South India,1,11,27,2,4,1.0,7.8037605
2022-05-19,Fusion Watch Pro,Wearables,West India,1,5,19,3,2,1.0,9.380016
2022-11-08,Fusion Watch Pro,Wearables,West India,2,11,8,1,4,1.0,6.75001
2023-05-25,Fusion Watch Pro,Wearables,West India,1,5,25,3,2,2.0,7.958304
2023-11-21,Fusion Watch Pro,Wearables,West India,1,11,21,1,4,1.0,8.847832
2024-07-04,Fusion Watch Pro,Wearables,West India,1,7,4,3,3,2.0,10.715149
2021-02-08,FusionBook Air,Laptops,Central India,1,2,8,0,1,1.0,6.8284435
2021-09-13,FusionBook Air,Laptops,Central India,1,9,13,0,3,1.0,7.891421
2021-12-08,FusionBook Air,Laptops,Central India,1,12,8,2,4,1.0,6.7737746
2022-04-26,FusionBook Air,Laptops,Central India,1,4,26,1,2,1.0,7.589126
2022-08-26,FusionBook Air,Laptops,Central India,1,8,26,4,3,33.0,8.3019905
2023-03-10,FusionBook Air,Laptops,Central India,34,3,10,4,1,1.0,7.1780634
2023-08-25,FusionBook Air,Laptops,Central India,1,8,25,4,3,65.0,8.401379
2024-02-06,FusionBook Air,Laptops,Central India,16,2,6,1,1,1.0,7.3486958
2024-07-04,FusionBook Air,Laptops,Central India,2,7,4,3,3,94.0,6.7339597
2024-11-21,FusionBook Air,Laptops,Central India,1,11,21,3,4,194.0,6.5269423
2021-02-19,FusionBook Air,Laptops,East India,27,2,19,4,1,97.0,7.3660035
2021-04-11,FusionBook Air,Laptops,East India,66,4,11,6,2,1.0,8.890818
2021-09-26,FusionBook Air,Laptops,East India,83,9,26,6,3,19.0,8.193862
2021-11-21,FusionBook Air,Laptops,East India,159,11,21,6,4,1.0,9.342526
2022-01-20,FusionBook Air,Laptops,East India,94,1,20,3,1,13.0,6.766384
2022-05-05,FusionBook Air,Laptops,East India,74,5,5,3,2,1.0,4.565951
2022-08-14,FusionBook Air,Laptops,East India,97,8,14,6,3,1.0,4.935566
2022-11-08,FusionBook Air,Laptops,East India,45,11,8,1,4,120.0,4.219433
2023-03-13,FusionBook Air,Laptops,East India,173,3,13,0,1,35.0,5.963756
2023-06-30,FusionBook Air,Laptops,East India,5,6,30,4,2,1.0,6.004008
2023-09-26,FusionBook Air,Laptops,East India,1,9,26,1,3,1.0,7.8712726
2023-12-18,FusionBook Air,Laptops,East India,2,12,18,0,4,188.0,4.528464
2024-03-11,FusionBook Air,Laptops,East India,1,3,11,0,1,31.0,4.3534274
2024-06-18,FusionBook Air,Laptops,East India,41,6,18,1,2,46.0,6.3525243
2024-10-23,FusionBook Air,Laptops,East India,27,10,23,2,4,50.0,5.9235916
2021-01-28,FusionBook Air,Laptops,North India,71,1,28,3,1,124.0,8.4556265
2021-03-09,FusionBook Air,Laptops,North India,112,3,9,1,1,34.0,6.1068473
2021-04-19,FusionBook Air,Laptops,North India,3,4,19,0,2,52.0,4.6785574
2021-07-31,FusionBook Air,Laptops,North India,123,7,31,5,3,36.0,6.8155518
2021-10-07,FusionBook Air,Laptops,North India,69,10,7,3,4,184.0,8.150853
2021-12-08,FusionBook Air,Laptops,North India,1,12,8,2,4,1.0,10.735783
2022-02-16,FusionBook Air,Laptops,North India,25,2,16,2,1,98.0,17.348795
2022-05-03,FusionBook Air,Laptops,North India,15,5,3,1,2,160.0,6.8437634
2022-09-08,FusionBook Air,Laptops,North India,1,9,8,3,3,74.0,7.0186424
2022-10-29,FusionBook Air,Laptops,North India,2,10,29,5,4,29.0,6.311417
2022-12-20,FusionBook Air,Laptops,North India,1,12,20,1,4,1.0,9.2162
2023-02-16,FusionBook Air,Laptops,North India,1,2,16,3,1,1.0,11.130927
2023-04-17,FusionBook Air,Laptops,North India,40,4,17,0,2,27.0,34.298603
2023-06-17,FusionBook Air,Laptops,North India,1,6,17,5,2,47.0,8.201748
2023-07-22,FusionBook Air,Laptops,North India,42,7,22,5,3,2.0,7.183497
2023-09-08,FusionBook Air,Laptops,North India,9,9,8,4,3,36.0,8.131774
2023-10-26,FusionBook Air,Laptops,North India,4,10,26,3,4,38.0,8.131774
2024-02-04,FusionBook Air,Laptops,North India,1,2,4,6,1,199.0,11.032346
2024-06-05,FusionBook Air,Laptops,North India,49,6,5,2,2,1.0,5.9825454
2024-07-16,FusionBook Air,Laptops,North India,3,7,16,1,3,71.0,6.241361
2024-09-28,FusionBook Air,Laptops,North India,1,9,28,5,3,18.0,9.491772
2024-11-17,FusionBook Air,Laptops,North India,1,11,17,6,4,96.0,6.4388695
2021-02-02,FusionBook Air,Laptops,South India,92,2,2,1,1,9.0,9.64048
2021-03-28,FusionBook Air,Laptops,South India,180,3,28,6,1,140.0,10.262461
2021-05-19,FusionBook Air,Laptops,South India,17,5,19,2,2,44.0,7.283678
2021-07-20,FusionBook Air,Laptops,South India,72,7,20,1,3,204.0,6.2181845
2021-09-17,FusionBook Air,Laptops,South India,134,9,17,4,3,192.0,7.3789706
2021-11-08,FusionBook Air,Laptops,South India,84,11,8,0,4,54.0,7.2688565
2022-03-01,FusionBook Air,Laptops,South India,4,3,1,1,1,55.0,9.296326
2022-05-30,FusionBook Air,Laptops,South India,86,5,30,0,2,130.0,6.8345556
2022-08-22,FusionBook Air,Laptops,South India,83,8,22,0,3,27.0,10.285054
2022-11-16,FusionBook Air,Laptops,South India,1,11,16,2,4,13.0,6.6286325
2023-01-07,FusionBook Air,Laptops,South India,73,1,7,5,1,76.0,8.084055
2023-02-28,FusionBook Air,Laptops,South India,9,2,28,1,1,89.0,12.780734
2023-04-23,FusionBook Air,Laptops,South India,1,4,23,6,2,2.0,5.835211
2023-06-12,FusionBook Air,Laptops,South India,13,6,12,0,2,2.0,6.4557815
2023-07-16,FusionBook Air,Laptops,South India,1,7,16,6,3,63.0,6.5208564
2023-09-03,FusionBook Air,Laptops,South India,1,9,3,6,3,56.0,7.585889
2023-11-26,FusionBook Air,Laptops,South India,54,11,26,6,4,6.0,8.821152
2024-03-01,FusionBook Air,Laptops,South India,30,3,1,4,1,26.0,7.7516465
2024-06-05,FusionBook Air,Laptops,South India,1,6,5,2,2,1.0,8.174706
2024-07-11,FusionBook Air,Laptops,South India,10,7,11,3,3,53.0,5.3012524
2024-08-11,FusionBook Air,Laptops,South India,27,8,11,6,3,2.0,6.2614055
2024-09-26,FusionBook Air,Laptops,South India,1,9,26,3,3,1.0,6.6778154
2024-11-10,FusionBook Air,Laptops,South India,2,11,10,6,4,41.0,8.171123
2024-12-30,FusionBook Air,Laptops,South India,1,12,30,0,4,44.0,6.851408
2021-03-03,FusionBook Air,Laptops,West India,1,3,3,2,1,1.0,6.3169136
2021-04-10,FusionBook Air,Laptops,West India,88,4,10,5,2,8.0,6.4193077
2021-05-29,FusionBook Air,Laptops,West India,44,5,29,5,2,1.0,8.158916
2021-08-23,FusionBook Air,Laptops,West India,13,8,23,0,3,1.0,9.044909
2021-10-20,FusionBook Air,Laptops,West India,19,10,20,2,4,2.0,9.55232
2022-03-09,FusionBook Air,Laptops,West India,2,3,9,2,1,49.0,7.0854883
2022-06-13,FusionBook Air,Laptops,West India,33,6,13,0,2,21.0,7.3123055
2022-07-29,FusionBook Air,Laptops,West India,2,7,29,4,3,1.0,8.986904
2022-10-01,FusionBook Air,Laptops,West India,242,10,1,5,4,1.0,8.88442
2022-11-05,FusionBook Air,Laptops,West India,81,11,5,5,4,22.0,5.899206
2022-12-15,FusionBook Air,Laptops,West India,2,12,15,3,4,1.0,7.0973053
2023-02-05,FusionBook Air,Laptops,West India,41,2,5,6,1,18.0,6.134261
2023-05-24,FusionBook Air,Laptops,West India,35,5,24,2,2,1.0,8.041157
2023-07-27,FusionBook Air,Laptops,West India,1,7,27,3,3,1.0,9.997343
2023-09-20,FusionBook Air,Laptops,West India,7,9,20,2,3,32.0,10.134969
2023-11-09,FusionBook Air,Laptops,West India,163,11,9,3,4,59.0,8.132018
2024-02-17,FusionBook Air,Laptops,West India,27,2,17,5,1,36.0,11.22596
2024-06-01,FusionBook Air,Laptops,West India,248,6,1,5,2,1.0,5.06971
2024-10-06,FusionBook Air,Laptops,West India,3,10,6,6,4,10.0,7.916217
2024-11-29,FusionBook Air,Laptops,West India,52,11,29,4,4,2.0,7.6645417
2021-07-10,FusionBook Pro,Laptops,Central India,43,7,10,5,3,1.0,7.003375
2021-10-05,FusionBook Pro,Laptops,Central India,1,10,5,1,4,1.0,7.4946146
2022-01-27,FusionBook Pro,Laptops,Central India,32,1,27,3,1,1.0,6.306056
2022-07-03,FusionBook Pro,Laptops,Central India,2,7,3,6,3,1.0,7.266209
2022-11-20,FusionBook Pro,Laptops,Central India,1,11,20,6,4,1.0,11.694141
2023-05-03,FusionBook Pro,Laptops,Central India,1,5,3,2,2,63.0,7.5735683
2023-08-31,FusionBook Pro,Laptops,Central India,1,8,31,3,3,1.0,6.6889153
2024-02-06,FusionBook Pro,Laptops,Central India,12,2,6,1,1,1.0,5.112716
2024-08-10,FusionBook Pro,Laptops,Central India,1,8,10,5,3,46.0,6.106782
2021-06-21,FusionBook Pro,Laptops,East India,163,6,21,0,2,150.0,6.304401
2021-09-18,FusionBook Pro,Laptops,East India,34,9,18,5,3,1.0,8.73227
2021-11-24,FusionBook Pro,Laptops,East India,34,11,24,2,4,27.0,8.73775
2022-04-20,FusionBook Pro,Laptops,East India,95,4,20,2,2,178.0,8.964843
2022-07-05,FusionBook Pro,Laptops,East India,2,7,5,1,3,1.0,6.5714307
2022-10-03,FusionBook Pro,Laptops,East India,29,10,3,0,4,1.0,6.983594
2023-08-09,FusionBook Pro,Laptops,East India,1,8,9,2,3,1.0,6.4483137
2024-02-20,FusionBook Pro,Laptops,East India,1,2,20,1,1,1.0,9.416418
2024-03-26,FusionBook Pro,Laptops,East India,25,3,26,1,1,35.0,6.737236
2024-09-18,FusionBook Pro,Laptops,East India,1,9,18,2,3,1.0,6.6695657
2021-06-10,FusionBook Pro,Laptops,North India,164,6,10,3,2,0.0,7.6565704
2021-07-22,FusionBook Pro,Laptops,North India,1,7,22,3,3,17.0,6.428617
2021-09-05,FusionBook Pro,Laptops,North India,2,9,5,6,3,60.0,6.5627327
2021-10-17,FusionBook Pro,Laptops,North India,153,10,17,6,4,19.0,6.362964
2021-11-21,FusionBook Pro,Laptops,North India,31,11,21,6,4,42.0,5.9218755
2022-04-21,FusionBook Pro,Laptops,North India,22,4,21,3,2,9.0,7.391782
2022-06-19,FusionBook Pro,Laptops,North India,1,6,19,6,2,98.0,8.861723
2022-08-13,FusionBook Pro,Laptops,North India,22,8,13,5,3,28.0,7.4571166
2022-10-06,FusionBook Pro,Laptops,North India,16,10,6,3,4,1.0,6.5177145
2022-12-01,FusionBook Pro,Laptops,North India,1,12,1,3,4,108.0,9.145317
2023-01-11,FusionBook Pro,Laptops,North India,181,1,11,2,1,149.0,8.062575
2023-03-04,FusionBook Pro,Laptops,North India,26,3,4,5,1,49.0,7.1504827
2023-05-17,FusionBook Pro,Laptops,North India,179,5,17,2,2,217.0,8.018342
2023-09-07,FusionBook Pro,Laptops,North India,2,9,7,3,3,1.0,6.6426506
2023-10-31,FusionBook Pro,Laptops,North India,1,10,31,1,4,2.0,7.817933
2023-12-11,FusionBook Pro,Laptops,North India,133,12,11,0,4,146.0,6.15562
2024-01-22,FusionBook Pro,Laptops,North India,39,1,22,0,1,1.0,5.910692
2024-03-05,FusionBook Pro,Laptops,North India,1,3,5,1,1,15.0,6.1590147
2024-05-27,FusionBook Pro,Laptops,North India,8,5,27,0,2,1.0,8.783911
2024-07-20,FusionBook Pro,Laptops,North India,1,7,20,5,3,162.0,7.1469736
2024-09-09,FusionBook Pro,Laptops,North India,1,9,9,0,3,94.0,7.4411883
2024-10-25,FusionBook Pro,Laptops,North India,34,10,25,4,4,71.0,6.474332
2024-12-15,FusionBook Pro,Laptops,North India,141,12,15,6,4,84.0,7.49956
2021-09-29,FusionBook Pro,Laptops,South India,82,9,29,2,3,2.0,9.022117
2021-11-07,FusionBook Pro,Laptops,South India,44,11,7,6,4,82.0,7.3682256
2021-12-16,FusionBook Pro,Laptops,South India,64,12,16,3,4,51.0,7.662441
2022-01-28,FusionBook Pro,Laptops,South India,48,1,28,4,1,1.0,7.1099663
2022-03-09,FusionBook Pro,Laptops,South India,59,3,9,2,1,3.0,5.6407585
2022-06-07,FusionBook Pro,Laptops,South India,13,6,7,1,2,37.0,5.6561356
2022-07-29,FusionBook Pro,Laptops,South India,350,7,29,4,3,18.0,8.689656
2022-12-03,FusionBook Pro,Laptops,South India,2,12,3,5,4,1.0,6.407857
2023-01-08,FusionBook Pro,Laptops,South India,1,1,8,6,1,1.0,6.510251
2023-02-19,FusionBook Pro,Laptops,South India,48,2,19,6,1,1.0,7.470404
2023-07-08,FusionBook Pro,Laptops,South India,97,7,8,5,3,1.0,8.074676
2023-09-11,FusionBook Pro,Laptops,South India,105,9,11,0,3,223.0,6.406202
2023-11-12,FusionBook Pro,Laptops,South India,107,11,12,6,4,67.0,7.954713
2023-12-21,FusionBook Pro,Laptops,South India,14,12,21,3,4,107.0,5.8508883
2024-03-31,FusionBook Pro,Laptops,South India,4,3,31,6,1,1.0,6.4285965
2024-05-22,FusionBook Pro,Laptops,South India,24,5,22,2,2,40.0,7.387654
2024-07-08,FusionBook Pro,Laptops,South India,47,7,8,0,3,235.0,5.0822563
2024-08-17,FusionBook Pro,Laptops,South India,144,8,17,5,3,83.0,4.661669
2024-12-21,FusionBook Pro,Laptops,South India,40,12,21,5,4,50.0,6.2891707
2021-09-06,FusionBook Pro,Laptops,West India,163,9,6,0,3,70.0,8.083885
2021-10-16,FusionBook Pro,Laptops,West India,43,10,16,5,4,41.0,6.291314
2021-11-22,FusionBook Pro,Laptops,West India,1,11,22,0,4,3.0,6.2218556
2022-01-02,FusionBook Pro,Laptops,West India,49,1,2,6,1,51.0,5.419546
2022-02-17,FusionBook Pro,Laptops,West India,23,2,17,3,1,1.0,6.3797
2022-06-15,FusionBook Pro,Laptops,West India,78,6,15,2,2,86.0,6.8969893
2022-08-26,FusionBook Pro,Laptops,West India,1,8,26,4,3,28.0,7.291849
2022-10-15,FusionBook Pro,Laptops,West India,465,10,15,5,4,2.0,6.4798393
2022-11-24,FusionBook Pro,Laptops,West India,96,11,24,3,4,35.0,5.3513103
2023-01-17,FusionBook Pro,Laptops,West India,36,1,17,1,1,1.0,6.4138584
2023-03-12,FusionBook Pro,Laptops,West India,177,3,12,6,1,35.0,5.4537044
2023-07-10,FusionBook Pro,Laptops,West India,107,7,10,0,3,103.0,8.2482195
2023-09-03,FusionBook Pro,Laptops,West India,49,9,3,6,3,2.0,7.8537755
2023-10-04,FusionBook Pro,Laptops,West India,39,10,4,2,4,1.0,6.8908777
2023-11-20,FusionBook Pro,Laptops,West India,40,11,20,0,4,39.0,6.54433
2024-01-05,FusionBook Pro,Laptops,West India,176,1,5,4,1,33.0,5.361551
2024-02-17,FusionBook Pro,Laptops,West India,24,2,17,5,1,112.0,5.2930675
2024-05-03,FusionBook Pro,Laptops,West India,1,5,3,4,2,1.0,5.5856113
2024-09-14,FusionBook Pro,Laptops,West India,88,9,14,5,3,59.0,6.627958
2022-04-06,FusionBook Ultra,Laptops,Central India,34,4,6,2,2,20.0,4.7954054
2023-11-06,FusionBook Ultra,Laptops,Central India,1,11,6,0,4,119.0,5.8672504
2024-06-13,FusionBook Ultra,Laptops,Central India,1,6,13,3,2,1.0,7.941595
2022-04-30,FusionBook Ultra,Laptops,East India,1,4,30,5,2,31.0,6.244383
2022-08-04,FusionBook Ultra,Laptops,East India,136,8,4,3,3,36.0,6.054762
2023-01-06,FusionBook Ultra,Laptops,East India,19,1,6,4,1,172.0,6.228562
2023-04-25,FusionBook Ultra,Laptops,East India,1,4,25,1,2,1.0,7.1176395
2024-02-19,FusionBook Ultra,Laptops,East India,1,2,19,0,1,1.0,6.468038
2024-06-02,FusionBook Ultra,Laptops,East India,1,6,2,6,2,1.0,5.5565076
2024-07-30,FusionBook Ultra,Laptops,East India,148,7,30,1,3,52.0,5.356738
2024-11-11,FusionBook Ultra,Laptops,East India,1,11,11,0,4,44.0,4.9156494
2022-06-11,FusionBook Ultra,Laptops,North India,53,6,11,5,2,4.0,7.22413
2022-07-19,FusionBook Ultra,Laptops,North India,1,7,19,1,3,1.0,8.1329775
2022-09-13,FusionBook Ultra,Laptops,North India,1,9,13,1,3,73.0,6.3944364
2022-11-02,FusionBook Ultra,Laptops,North India,83,11,2,2,4,21.0,6.1421313
2023-05-01,FusionBook Ultra,Laptops,North India,45,5,1,0,2,99.0,4.489185
2023-07-03,FusionBook Ultra,Laptops,North India,1,7,3,0,3,2.0,6.958859
2023-09-07,FusionBook Ultra,Laptops,North India,13,9,7,3,3,34.0,4.0846415
2024-01-24,FusionBook Ultra,Laptops,North India,1,1,24,2,1,1.0,5.383884
2024-03-10,FusionBook Ultra,Laptops,North India,2,3,10,6,1,127.0,4.9000607
2024-07-14,FusionBook Ultra,Laptops,North India,39,7,14,6,3,46.0,7.558405
2024-09-02,FusionBook Ultra,Laptops,North India,100,9,2,0,3,10.0,7.0601673
2024-12-14,FusionBook Ultra,Laptops,North India,26,12,14,5,4,1.0,5.925044
2022-07-16,FusionBook Ultra,Laptops,South India,34,7,16,5,3,50.0,5.371819
2022-09-12,FusionBook Ultra,Laptops,South India,2,9,12,0,3,209.0,7.747051
2022-10-29,FusionBook Ultra,Laptops,South India,110,10,29,5,4,49.0,7.8001833
2023-02-22,FusionBook Ultra,Laptops,South India,37,2,22,2,1,21.0,7.4873114
2023-04-20,FusionBook Ultra,Laptops,South India,60,4,20,3,2,87.0,5.856559
2023-06-16,FusionBook Ultra,Laptops,South India,2,6,16,4,2,2.0,4.5161185
2023-07-25,FusionBook Ultra,Laptops,South India,36,7,25,1,3,1.0,5.6897244
2023-09-08,FusionBook Ultra,Laptops,South India,32,9,8,4,3,93.0,5.7483034
2023-10-31,FusionBook Ultra,Laptops,South India,1,10,31,1,4,2.0,7.493412
2023-12-22,FusionBook Ultra,Laptops,South India,1,12,22,4,4,38.0,5.8825173
2024-03-16,FusionBook Ultra,Laptops,South India,1,3,16,5,1,28.0,5.6138825
2024-04-24,FusionBook Ultra,Laptops,South India,3,4,24,2,2,1.0,6.1928897
2024-06-05,FusionBook Ultra,Laptops,South India,94,6,5,2,2,3.0,5.680887
2024-09-02,FusionBook Ultra,Laptops,South India,38,9,2,0,3,151.0,8.318298
2024-10-13,FusionBook Ultra,Laptops,South India,20,10,13,6,4,124.0,4.830209
2024-12-29,FusionBook Ultra,Laptops,South India,1,12,29,6,4,1.0,6.103137
2022-05-09,FusionBook Ultra,Laptops,West India,31,5,9,0,2,123.0,7.476864
2022-08-27,FusionBook Ultra,Laptops,West India,1,8,27,5,3,1.0,9.233486
2022-10-24,FusionBook Ultra,Laptops,West India,16,10,24,0,4,13.0,6.7997923
2023-01-20,FusionBook Ultra,Laptops,West India,90,1,20,4,1,2.0,4.8465295
2023-03-17,FusionBook Ultra,Laptops,West India,218,3,17,4,1,34.0,5.7418466
2023-05-05,FusionBook Ultra,Laptops,West India,12,5,5,4,2,1.0,5.190978
2023-10-30,FusionBook Ultra,Laptops,West India,1,10,30,0,4,87.0,6.219506
2024-03-30,FusionBook Ultra,Laptops,West India,70,3,30,5,1,22.0,6.604795
2024-05-18,FusionBook Ultra,Laptops,West India,1,5,18,5,2,2.0,5.717892
2024-09-08,FusionBook Ultra,Laptops,West India,9,9,8,6,3,2.0,5.787601
2024-12-19,FusionBook Ultra,Laptops,West India,97,12,19,3,4,44.0,6.4263444
2021-05-04,FusionPhone Lite,Smartphones,Central India,2,5,4,1,2,2.0,6.281184
2021-09-04,FusionPhone Lite,Smartphones,Central India,1,9,4,5,3,2.0,6.8601913
2022-04-25,FusionPhone Lite,Smartphones,Central India,1,4,25,0,2,1.0,7.2697206
2022-09-10,FusionPhone Lite,Smartphones,Central India,1,9,10,5,3,1.0,7.061738
2022-12-03,FusionPhone Lite,Smartphones,Central India,1,12,3,5,4,10.0,6.689213
2023-11-14,FusionPhone Lite,Smartphones,Central India,1,11,14,1,4,2.0,5.156487
2024-03-08,FusionPhone Lite,Smartphones,Central India,1,3,8,4,1,1.0,7.0448546
2024-09-10,FusionPhone Lite,Smartphones,Central India,1,9,10,1,3,1.0,10.316529
2021-02-25,FusionPhone Lite,Smartphones,East India,21,2,25,3,1,3.0,9.907985
2021-04-30,FusionPhone Lite,Smartphones,East India,3,4,30,4,2,1.0,14.189849
2021-07-03,FusionPhone Lite,Smartphones,East India,1,7,3,5,3,20.0,7.626656
2021-10-21,FusionPhone Lite,Smartphones,East India,1,10,21,3,4,1.0,8.071874
2022-01-08,FusionPhone Lite,Smartphones,East India,1,1,8,5,1,1.0,6.8232565
2022-05-01,FusionPhone Lite,Smartphones,East India,1,5,1,6,2,1.0,12.49997
2022-08-01,FusionPhone Lite,Smartphones,East India,1,8,1,0,3,1.0,13.567522
2022-10-29,FusionPhone Lite,Smartphones,East India,2,10,29,5,4,1.0,9.567965
2023-01-18,FusionPhone Lite,Smartphones,East India,1,1,18,2,1,2.0,8.7112665
2023-05-06,FusionPhone Lite,Smartphones,East India,1,5,6,5,2,1.0,9.987399
2023-09-15,FusionPhone Lite,Smartphones,East India,1,9,15,4,3,1.0,7.812821
2023-11-26,FusionPhone Lite,Smartphones,East India,1,11,26,6,4,1.0,8.12337
2024-02-14,FusionPhone Lite,Smartphones,East India,1,2,14,2,1,21.0,9.960835
2024-06-14,FusionPhone Lite,Smartphones,East India,20,6,14,4,2,1.0,10.462508
2024-10-14,FusionPhone Lite,Smartphones,East India,4,10,14,0,4,47.0,12.491953
2021-02-07,FusionPhone Lite,Smartphones,North India,7,2,7,6,1,6.0,12.192231
2021-03-22,FusionPhone Lite,Smartphones,North India,5,3,22,0,1,7.0,9.810665
2021-05-08,FusionPhone Lite,Smartphones,North India,6,5,8,5,2,4.0,15.575489
2021-06-28,FusionPhone Lite,Smartphones,North India,2,6,28,0,2,3.0,8.09487
2021-08-09,FusionPhone Lite,Smartphones,North India,2,8,9,0,3,3.0,13.082775
2021-10-15,FusionPhone Lite,Smartphones,North India,1,10,15,4,4,2.0,11.416919
2021-12-06,FusionPhone Lite,Smartphones,North India,1,12,6,0,4,1.0,13.222341
2022-01-29,FusionPhone Lite,Smartphones,North India,2,1,29,5,1,1.0,20.991278
2022-03-22,FusionPhone Lite,Smartphones,North India,48,3,22,1,1,2.0,10.482378
2022-10-18,FusionPhone Lite,Smartphones,North India,5,10,18,1,4,9.0,8.188568
2022-12-12,FusionPhone Lite,Smartphones,North India,4,12,12,0,4,2.0,10.765469
2023-02-08,FusionPhone Lite,Smartphones,North India,2,2,8,2,1,2.0,20.943098
2023-04-17,FusionPhone Lite,Smartphones,North India,1,4,17,0,2,1.0,16.469414
2023-06-09,FusionPhone Lite,Smartphones,North India,1,6,9,4,2,1.0,10.980133
2023-08-20,FusionPhone Lite,Smartphones,North India,1,8,20,6,3,1.0,9.782692
2023-10-19,FusionPhone Lite,Smartphones,North India,1,10,19,3,4,2.0,8.537444
2023-12-01,FusionPhone Lite,Smartphones,North India,1,12,1,4,4,3.0,11.26889
2024-02-22,FusionPhone Lite,Smartphones,North India,1,2,22,3,1,42.0,10.123338
2024-05-22,FusionPhone Lite,Smartphones,North India,1,5,22,2,2,1.0,15.262793
2024-08-23,FusionPhone Lite,Smartphones,North India,1,8,23,4,3,40.0,15.618234
2024-11-14,FusionPhone Lite,Smartphones,North India,3,11,14,3,4,5.0,16.17589
2021-03-05,FusionPhone Lite,Smartphones,South India,5,3,5,4,1,36.0,10.748781
2021-05-11,FusionPhone Lite,Smartphones,South India,14,5,11,1,2,26.0,15.485428
2021-07-22,FusionPhone Lite,Smartphones,South India,4,7,22,3,3,38.0,16.440258
2021-10-06,FusionPhone Lite,Smartphones,South India,4,10,6,2,4,1.0,17.377693
2021-12-16,FusionPhone Lite,Smartphones,South India,4,12,16,3,4,2.0,16.142159
2022-02-20,FusionPhone Lite,Smartphones,South India,4,2,20,6,1,3.0,16.05601
2022-05-01,FusionPhone Lite,Smartphones,South India,7,5,1,6,2,4.0,20.117727
2022-06-20,FusionPhone Lite,Smartphones,South India,3,6,20,0,2,2.0,12.428905
2022-08-03,FusionPhone Lite,Smartphones,South India,1,8,3,2,3,1.0,12.428905
2022-09-24,FusionPhone Lite,Smartphones,South India,5,9,24,5,3,1.0,9.086208
2022-11-18,FusionPhone Lite,Smartphones,South India,6,11,18,4,4,2.0,7.5866485
2023-03-09,FusionPhone Lite,Smartphones,South India,1,3,9,3,1,1.0,9.219577
2023-05-03,FusionPhone Lite,Smartphones,South India,1,5,3,2,2,1.0,13.248686
2023-07-08,FusionPhone Lite,Smartphones,South India,2,7,8,5,3,4.0,8.517245
2023-09-09,FusionPhone Lite,Smartphones,South India,3,9,9,5,3,3.0,7.7571826
2023-11-02,FusionPhone Lite,Smartphones,South India,2,11,2,3,4,5.0,7.8223825
2023-12-29,FusionPhone Lite,Smartphones,South India,5,12,29,4,4,3.0,9.970274
2024-02-25,FusionPhone Lite,Smartphones,South India,3,2,25,6,1,3.0,9.649509
2024-04-12,FusionPhone Lite,Smartphones,South India,3,4,12,4,2,34.0,6.4574146
2024-05-29,FusionPhone Lite,Smartphones,South India,2,5,29,2,2,1.0,8.356255
2024-07-18,FusionPhone Lite,Smartphones,South India,4,7,18,3,3,72.0,10.550022
2024-10-16,FusionPhone Lite,Smartphones,South India,5,10,16,2,4,3.0,8.765079
2024-11-23,FusionPhone Lite,Smartphones,South India,3,11,23,5,4,1.0,6.765093
2021-02-05,FusionPhone Lite,Smartphones,West India,4,2,5,4,1,9.0,7.439129
2021-03-22,FusionPhone Lite,Smartphones,West India,2,3,22,0,1,3.0,8.261691
2021-04-30,FusionPhone Lite,Smartphones,West India,16,4,30,4,2,38.0,6.859832
2021-07-15,FusionPhone Lite,Smartphones,West India,4,7,15,3,3,30.0,6.99572
2021-08-19,FusionPhone Lite,Smartphones,West India,1,8,19,3,3,38.0,8.574705
2021-10-07,FusionPhone Lite,Smartphones,West India,3,10,7,3,4,2.0,7.617878
2021-11-09,FusionPhone Lite,Smartphones,West India,2,11,9,1,4,40.0,8.441768
2021-12-23,FusionPhone Lite,Smartphones,West India,2,12,23,3,4,2.0,8.260026
2022-03-08,FusionPhone Lite,Smartphones,West India,2,3,8,1,1,1.0,7.3364267
2022-04-26,FusionPhone Lite,Smartphones,West India,3,4,26,1,2,43.0,7.2351623
2022-07-27,FusionPhone Lite,Smartphones,West India,1,7,27,2,3,1.0,4.219433
2022-10-25,FusionPhone Lite,Smartphones,West India,41,10,25,1,4,4.0,6.053289
2023-05-12,FusionPhone Lite,Smartphones,West India,1,5,12,4,2,2.0,5.366857
2023-08-18,FusionPhone Lite,Smartphones,West India,3,8,18,4,3,1.0,6.0111804
2023-11-13,FusionPhone Lite,Smartphones,West India,2,11,13,0,4,116.0,8.150977
2023-12-23,FusionPhone Lite,Smartphones,West India,2,12,23,5,4,38.0,4.47154
2024-05-07,FusionPhone Lite,Smartphones,West India,4,5,7,1,2,2.0,6.415312
2024-06-26,FusionPhone Lite,Smartphones,West India,1,6,26,2,2,1.0,6.338677
2024-08-07,FusionPhone Lite,Smartphones,West India,2,8,7,2,3,2.0,6.7892675
2024-09-09,FusionPhone Lite,Smartphones,West India,2,9,9,0,3,1.0,7.0692782
2024-10-19,FusionPhone Lite,Smartphones,West India,2,10,19,5,4,4.0,6.112654
2024-11-24,FusionPhone Lite,Smartphones,West India,2,11,24,6,4,4.0,6.3609767
2022-10-26,FusionPhone Ultra,Smartphones,Central India,1,10,26,2,4,1.0,9.266917
2023-03-14,FusionPhone Ultra,Smartphones,Central India,30,3,14,1,1,1.0,40.289776
2023-07-29,FusionPhone Ultra,Smartphones,Central India,1,7,29,5,3,1.0,11.495159
2023-11-17,FusionPhone Ultra,Smartphones,Central India,1,11,17,4,4,2.0,7.9733415
2022-10-07,FusionPhone Ultra,Smartphones,East India,1,10,7,4,4,0.0,15.744413
2022-12-08,FusionPhone Ultra,Smartphones,East India,1,12,8,3,4,2.0,9.977571
2023-08-31,FusionPhone Ultra,Smartphones,East India,2,8,31,3,3,1.0,5.999027
2024-04-25,FusionPhone Ultra,Smartphones,East India,1,4,25,3,2,1.0,5.3737826
2024-09-10,FusionPhone Ultra,Smartphones,East India,1,9,10,1,3,2.0,11.71033
2024-12-16,FusionPhone Ultra,Smartphones,East India,1,12,16,0,4,1.0,8.984892
2022-11-10,FusionPhone Ultra,Smartphones,North India,1,11,10,3,4,3.0,6.850918
2023-01-04,FusionPhone Ultra,Smartphones,North India,4,1,4,2,1,4.0,6.8877316
2023-03-07,FusionPhone Ultra,Smartphones,North India,1,3,7,1,1,1.0,7.3789706
2023-05-12,FusionPhone Ultra,Smartphones,North India,1,5,12,4,2,29.0,7.2688565
2023-07-09,FusionPhone Ultra,Smartphones,North India,1,7,9,6,3,3.0,6.4388695
2023-09-29,FusionPhone Ultra,Smartphones,North India,1,9,29,4,3,1.0,8.618201
2023-11-16,FusionPhone Ultra,Smartphones,North India,1,11,16,3,4,52.0,10.06144
2024-02-03,FusionPhone Ultra,Smartphones,North India,1,2,3,5,1,101.0,3.0546947
2024-08-25,FusionPhone Ultra,Smartphones,North India,1,8,25,6,3,5.0,8.084055
2024-10-07,FusionPhone Ultra,Smartphones,North India,165,10,7,0,4,29.0,7.928934
2024-11-24,FusionPhone Ultra,Smartphones,North India,6,11,24,6,4,3.0,6.681547
2022-11-15,FusionPhone Ultra,Smartphones,South India,71,11,15,1,4,1.0,6.5208564
2022-12-18,FusionPhone Ultra,Smartphones,South India,4,12,18,6,4,4.0,6.6391473
2023-01-30,FusionPhone Ultra,Smartphones,South India,2,1,30,0,1,3.0,8.546041
2023-03-11,FusionPhone Ultra,Smartphones,South India,2,3,11,5,1,1.0,10.414258
2023-05-13,FusionPhone Ultra,Smartphones,South India,3,5,13,5,2,2.0,10.073764
2023-06-29,FusionPhone Ultra,Smartphones,South India,4,6,29,3,2,1.0,7.7516465
2023-11-04,FusionPhone Ultra,Smartphones,South India,1,11,4,5,4,2.0,10.71799
2024-01-22,FusionPhone Ultra,Smartphones,South India,5,1,22,0,1,3.0,7.91429
2024-06-03,FusionPhone Ultra,Smartphones,South India,2,6,3,0,2,3.0,7.1166267
2024-07-09,FusionPhone Ultra,Smartphones,South India,4,7,9,1,3,1.0,7.379461
2024-08-24,FusionPhone Ultra,Smartphones,South India,1,8,24,5,3,2.0,6.5375986
2024-09-29,FusionPhone Ultra,Smartphones,South India,2,9,29,6,3,1.0,6.5375986
2024-12-28,FusionPhone Ultra,Smartphones,South India,5,12,28,5,4,1.0,7.8284755
2022-11-09,FusionPhone Ultra,Smartphones,West India,3,11,9,2,4,2.0,7.5125747
2022-12-30,FusionPhone Ultra,Smartphones,West India,1,12,30,4,4,3.0,9.795527
2023-02-04,FusionPhone Ultra,Smartphones,West India,2,2,4,5,1,100.0,8.930051
2023-03-19,FusionPhone Ultra,Smartphones,West India,3,3,19,6,1,3.0,6.3383245
2023-05-05,FusionPhone Ultra,Smartphones,West India,1,5,5,4,2,1.0,7.021862
2023-07-03,FusionPhone Ultra,Smartphones,West India,2,7,3,0,3,1.0,8.857328
2023-08-17,FusionPhone Ultra,Smartphones,West India,1,8,17,3,3,2.0,8.395448
2023-10-11,FusionPhone Ultra,Smartphones,West India,3,10,11,2,4,204.0,8.60623
2023-11-23,FusionPhone Ultra,Smartphones,West India,1,11,23,3,4,2.0,5.7174234
2024-01-09,FusionPhone Ultra,Smartphones,West India,1,1,9,1,1,1.0,6.693092
2024-03-02,FusionPhone Ultra,Smartphones,West India,3,3,2,5,1,1.0,11.156002
2024-08-05,FusionPhone Ultra,Smartphones,West India,1,8,5,0,3,20.0,10.046997
2024-09-14,FusionPhone Ultra,Smartphones,West India,2,9,14,5,3,26.0,7.335242
2024-10-23,FusionPhone Ultra,Smartphones,West India,58,10,23,2,4,3.0,7.9036136
2021-09-19,FusionPhone X,Smartphones,Central India,1,9,19,6,3,1.0,8.289862
2021-11-20,FusionPhone X,Smartphones,Central India,2,11,20,5,4,1.0,8.061458
2022-03-16,FusionPhone X,Smartphones,Central India,2,3,16,2,1,1.0,6.2750144
2022-08-01,FusionPhone X,Smartphones,Central India,1,8,1,0,3,1.0,6.3372235
2022-11-04,FusionPhone X,Smartphones,Central India,2,11,4,4,4,1.0,8.710919
2023-02-10,FusionPhone X,Smartphones,Central India,1,2,10,4,1,1.0,5.4862165
2024-01-15,FusionPhone X,Smartphones,Central India,1,1,15,0,1,2.0,6.306056
2024-07-02,FusionPhone X,Smartphones,Central India,1,7,2,1,3,1.0,7.511358
2024-10-21,FusionPhone X,Smartphones,Central India,1,10,21,0,4,1.0,8.981301
2021-09-01,FusionPhone X,Smartphones,East India,1,9,1,2,3,2.0,7.003375
2021-10-30,FusionPhone X,Smartphones,East India,2,10,30,5,4,2.0,7.003375
2021-12-18,FusionPhone X,Smartphones,East India,2,12,18,5,4,1.0,6.559967
2022-02-23,FusionPhone X,Smartphones,East India,1,2,23,2,1,1.0,6.836429
2022-05-04,FusionPhone X,Smartphones,East India,1,5,4,2,2,2.0,6.106782
2022-07-28,FusionPhone X,Smartphones,East India,1,7,28,3,3,1.0,6.638515
2022-11-05,FusionPhone X,Smartphones,East India,1,11,5,5,4,1.0,18.229261
2023-03-27,FusionPhone X,Smartphones,East India,2,3,27,0,1,59.0,6.3814793
2023-10-01,FusionPhone X,Smartphones,East India,1,10,1,6,4,1.0,6.980703
2023-11-14,FusionPhone X,Smartphones,East India,1,11,14,1,4,3.0,7.2290254
2024-03-10,FusionPhone X,Smartphones,East India,1,3,10,6,1,1.0,17.616726
2024-05-30,FusionPhone X,Smartphones,East India,1,5,30,3,2,3.0,6.7542667
2024-08-18,FusionPhone X,Smartphones,East India,14,8,18,6,3,1.0,7.3839025
2024-11-02,FusionPhone X,Smartphones,East India,68,11,2,5,4,2.0,6.6492643
2021-10-19,FusionPhone X,Smartphones,North India,2,10,19,1,4,4.0,7.697389
2021-12-02,FusionPhone X,Smartphones,North India,1,12,2,3,4,2.0,12.103547
2022-01-26,FusionPhone X,Smartphones,North India,1,1,26,2,1,4.0,8.885818
2022-03-11,FusionPhone X,Smartphones,North India,1,3,11,4,1,1.0,6.9755187
2022-04-18,FusionPhone X,Smartphones,North India,1,4,18,0,2,1.0,6.1917048
2022-05-30,FusionPhone X,Smartphones,North India,1,5,30,0,2,26.0,6.710769
2022-07-05,FusionPhone X,Smartphones,North India,4,7,5,1,3,1.0,5.765993
2022-08-17,FusionPhone X,Smartphones,North India,3,8,17,2,3,2.0,5.765993
2022-11-13,FusionPhone X,Smartphones,North India,1,11,13,6,4,6.0,11.747497
2022-12-19,FusionPhone X,Smartphones,North India,1,12,19,0,4,1.0,7.685522
2023-02-07,FusionPhone X,Smartphones,North India,2,2,7,1,1,2.0,6.5177145
2023-03-28,FusionPhone X,Smartphones,North India,1,3,28,1,1,1.0,7.5802608
2023-07-18,FusionPhone X,Smartphones,North India,35,7,18,1,3,1.0,6.6201086
2023-09-12,FusionPhone X,Smartphones,North India,30,9,12,1,3,1.0,7.1106644
2023-10-27,FusionPhone X,Smartphones,North India,3,10,27,4,4,2.0,8.184533
2023-12-12,FusionPhone X,Smartphones,North India,1,12,12,1,4,2.0,8.922578
2024-03-16,FusionPhone X,Smartphones,North India,3,3,16,5,1,1.0,7.0612774
2024-06-15,FusionPhone X,Smartphones,North India,2,6,15,5,2,80.0,7.5165005
2024-07-29,FusionPhone X,Smartphones,North India,1,7,29,0,3,4.0,7.3497353
2024-09-23,FusionPhone X,Smartphones,North India,1,9,23,0,3,4.0,9.205886
2021-08-21,FusionPhone X,Smartphones,South India,6,8,21,5,3,3.0,7.0730944
2021-09-24,FusionPhone X,Smartphones,South India,2,9,24,4,3,48.0,7.2986093
2021-10-31,FusionPhone X,Smartphones,South India,19,10,31,6,4,26.0,7.49956
2021-12-09,FusionPhone X,Smartphones,South India,1,12,9,3,4,34.0,6.539407
2022-01-24,FusionPhone X,Smartphones,South India,31,1,24,0,1,16.0,7.6143823
2022-03-06,FusionPhone X,Smartphones,South India,6,3,6,6,1,3.0,7.435896
2022-04-18,FusionPhone X,Smartphones,South India,2,4,18,0,2,3.0,7.730111
2022-09-30,FusionPhone X,Smartphones,South India,5,9,30,4,3,2.0,5.484876
2022-11-11,FusionPhone X,Smartphones,South India,4,11,11,4,4,3.0,6.427809
2022-12-28,FusionPhone X,Smartphones,South India,3,12,28,2,4,3.0,6.490018
2023-04-28,FusionPhone X,Smartphones,South India,1,4,28,4,2,2.0,6.510251
2023-06-14,FusionPhone X,Smartphones,South India,3,6,14,2,2,1.0,7.69881
2023-09-18,FusionPhone X,Smartphones,South India,2,9,18,0,3,1.0,8.583929
2023-11-08,FusionPhone X,Smartphones,South India,12,11,8,2,4,61.0,9.067977
2023-12-20,FusionPhone X,Smartphones,South India,4,12,20,2,4,3.0,7.032797
2024-01-25,FusionPhone X,Smartphones,South India,2,1,25,3,1,1.0,8.651471
2024-04-04,FusionPhone X,Smartphones,South India,1,4,4,3,2,4.0,6.508596
2024-05-15,FusionPhone X,Smartphones,South India,1,5,15,2,2,3.0,8.936465
2024-06-24,FusionPhone X,Smartphones,South India,1,6,24,0,2,49.0,7.706753
2024-08-11,FusionPhone X,Smartphones,South India,48,8,11,6,3,4.0,7.3475447
2024-09-27,FusionPhone X,Smartphones,South India,51,9,27,4,3,1.0,6.2803297
2024-12-01,FusionPhone X,Smartphones,South India,4,12,1,6,4,2.0,4.7763033
2021-08-25,FusionPhone X,Smartphones,West India,1,8,25,2,3,1.0,5.6868978
2021-11-27,FusionPhone X,Smartphones,West India,4,11,27,5,4,2.0,7.8120565
2022-01-20,FusionPhone X,Smartphones,West India,2,1,20,3,1,1.0,7.564329
2022-02-27,FusionPhone X,Smartphones,West India,1,2,27,6,1,1.0,5.6349697
2022-05-24,FusionPhone X,Smartphones,West India,1,5,24,1,2,2.0,8.75668
2022-07-14,FusionPhone X,Smartphones,West India,1,7,14,3,3,2.0,5.4872165
2022-08-30,FusionPhone X,Smartphones,West India,1,8,30,1,3,2.0,5.419546
2022-10-26,FusionPhone X,Smartphones,West India,8,10,26,2,4,4.0,6.6958013
2022-12-22,FusionPhone X,Smartphones,West India,1,12,22,3,4,1.0,6.6890078
2023-02-11,FusionPhone X,Smartphones,West India,2,2,11,5,1,1.0,5.3963294
2023-06-09,FusionPhone X,Smartphones,West India,3,6,9,4,2,2.0,5.7156253
2023-08-11,FusionPhone X,Smartphones,West India,2,8,11,4,3,1.0,6.4138584
2023-10-06,FusionPhone X,Smartphones,West India,34,10,6,4,4,37.0,6.874632
2024-02-05,FusionPhone X,Smartphones,West India,1,2,5,0,1,3.0,8.145964
2024-05-28,FusionPhone X,Smartphones,West India,1,5,28,1,2,5.0,6.183502
2024-07-23,FusionPhone X,Smartphones,West India,1,7,23,1,3,2.0,7.9847636
2024-09-21,FusionPhone X,Smartphones,West India,1,9,21,5,3,2.0,5.847009
2024-11-06,FusionPhone X,Smartphones,West India,1,11,6,2,4,36.0,5.361551
2021-06-05,FusionTab Mini,Tablets,Central India,1,6,5,5,2,24.0,7.1798296
2023-04-13,FusionTab Mini,Tablets,Central India,24,4,13,3,2,93.0,12.340571
2024-01-31,FusionTab Mini,Tablets,Central India,1,1,31,2,1,101.0,5.7071505
2021-07-07,FusionTab Mini,Tablets,East India,45,7,7,2,3,28.0,5.335766
2022-01-24,FusionTab Mini,Tablets,East India,44,1,24,0,1,1.0,5.5728474
2023-05-07,FusionTab Mini,Tablets,East India,2,5,7,6,2,1.0,9.684541
2023-12-30,FusionTab Mini,Tablets,East India,1,12,30,5,4,1.0,8.616193
2021-05-31,FusionTab Mini,Tablets,North India,28,5,31,0,2,102.0,6.258953
2021-07-13,FusionTab Mini,Tablets,North India,2,7,13,1,3,2.0,6.14059
2021-10-16,FusionTab Mini,Tablets,North India,1,10,16,5,4,1.0,6.1561728
2022-04-30,FusionTab Mini,Tablets,North India,1,4,30,5,2,1.0,8.300745
2022-07-20,FusionTab Mini,Tablets,North India,1,7,20,2,3,1.0,9.632973
2022-10-26,FusionTab Mini,Tablets,North India,50,10,26,2,4,1.0,4.959026
2023-06-05,FusionTab Mini,Tablets,North India,23,6,5,0,2,2.0,4.74439
2023-07-29,FusionTab Mini,Tablets,North India,1,7,29,5,3,1.0,5.338774
2023-11-02,FusionTab Mini,Tablets,North India,16,11,2,3,4,1.0,4.687378
2024-01-20,FusionTab Mini,Tablets,North India,52,1,20,5,1,1.0,7.7013946
2024-05-13,FusionTab Mini,Tablets,North India,29,5,13,0,2,21.0,8.411372
2024-10-19,FusionTab Mini,Tablets,North India,28,10,19,5,4,1.0,6.0024447
2021-07-05,FusionTab Mini,Tablets,South India,99,7,5,0,3,58.0,5.680887
2021-09-03,FusionTab Mini,Tablets,South India,1,9,3,4,3,46.0,6.6761594
2022-01-06,FusionTab Mini,Tablets,South India,1,1,6,3,1,6.0,5.439771
2022-06-14,FusionTab Mini,Tablets,South India,3,6,14,1,2,10.0,5.6433954
2022-08-03,FusionTab Mini,Tablets,South India,88,8,3,2,3,1.0,7.1919045
2022-10-20,FusionTab Mini,Tablets,South India,9,10,20,3,4,17.0,5.081137
2022-12-28,FusionTab Mini,Tablets,South India,1,12,28,2,4,45.0,6.0215335
2023-03-25,FusionTab Mini,Tablets,South India,1,3,25,5,1,136.0,6.383427
2023-06-15,FusionTab Mini,Tablets,South India,32,6,15,3,2,1.0,7.465309
2023-08-06,FusionTab Mini,Tablets,South India,1,8,6,6,3,19.0,5.7129683
2023-10-18,FusionTab Mini,Tablets,South India,1,10,18,2,4,3.0,6.4703627
2023-12-10,FusionTab Mini,Tablets,South India,34,12,10,6,4,75.0,5.806681
2024-03-31,FusionTab Mini,Tablets,South India,79,3,31,6,1,10.0,5.9352427
2024-10-24,FusionTab Mini,Tablets,South India,1,10,24,3,4,1.0,8.186224
2024-12-07,FusionTab Mini,Tablets,South India,1,12,7,5,4,2.0,7.2308354
2021-06-18,FusionTab Mini,Tablets,West India,1,6,18,4,2,3.0,5.5797243
2021-09-02,FusionTab Mini,Tablets,West India,1,9,2,3,3,1.0,5.507335
2021-11-02,FusionTab Mini,Tablets,West India,27,11,2,1,4,2.0,4.5161185
2022-01-28,FusionTab Mini,Tablets,West India,71,1,28,4,1,1.0,5.577044
2022-05-19,FusionTab Mini,Tablets,West India,50,5,19,3,2,1.0,6.989805
2022-07-13,FusionTab Mini,Tablets,West India,1,7,13,2,3,1.0,5.987381
2023-01-19,FusionTab Mini,Tablets,West India,1,1,19,3,1,177.0,6.1928897
2023-07-10,FusionTab Mini,Tablets,West India,2,7,10,0,3,39.0,6.496692
2023-09-21,FusionTab Mini,Tablets,West India,2,9,21,3,3,1.0,8.064385
2023-11-17,FusionTab Mini,Tablets,West India,15,11,17,4,4,160.0,6.021911
2024-03-02,FusionTab Mini,Tablets,West India,1,3,2,5,1,1.0,5.9047933
2024-05-29,FusionTab Mini,Tablets,West India,3,5,29,2,2,28.0,5.2129707
2022-01-31,FusionTab Pro,Tablets,Central India,29,1,31,0,1,5.0,6.610232
2023-01-04,FusionTab Pro,Tablets,Central India,22,1,4,2,1,29.0,8.066901
2024-01-08,FusionTab Pro,Tablets,Central India,1,1,8,0,1,64.0,6.017656
2024-11-30,FusionTab Pro,Tablets,Central India,25,11,30,5,4,1.0,5.491613
2022-06-26,FusionTab Pro,Tablets,East India,1,6,26,6,2,139.0,5.4906106
2022-11-22,FusionTab Pro,Tablets,East India,82,11,22,1,4,1.0,4.961977
2023-07-21,FusionTab Pro,Tablets,East India,2,7,21,4,3,86.0,6.467233
2024-02-01,FusionTab Pro,Tablets,East India,1,2,1,3,1,78.0,7.352568
2024-07-27,FusionTab Pro,Tablets,East India,50,7,27,5,3,46.0,6.2582917
2021-11-24,FusionTab Pro,Tablets,North India,1,11,24,2,4,14.0,8.217984
2022-02-13,FusionTab Pro,Tablets,North India,38,2,13,6,1,1.0,5.5522895
2023-01-02,FusionTab Pro,Tablets,North India,2,1,2,0,1,1.0,7.644446
2023-06-25,FusionTab Pro,Tablets,North India,2,6,25,6,2,149.0,5.886992
2023-12-03,FusionTab Pro,Tablets,North India,1,12,3,6,4,13.0,5.549331
2024-02-22,FusionTab Pro,Tablets,North India,76,2,22,3,1,1.0,6.208795
2024-05-19,FusionTab Pro,Tablets,North India,1,5,19,6,2,194.0,8.368693
2021-11-25,FusionTab Pro,Tablets,South India,1,11,25,3,4,1.0,6.17879
2022-02-19,FusionTab Pro,Tablets,South India,78,2,19,5,1,24.0,7.300379
2022-05-01,FusionTab Pro,Tablets,South India,2,5,1,6,2,32.0,6.348189
2022-06-19,FusionTab Pro,Tablets,South India,87,6,19,6,2,1.0,6.6021
2022-08-10,FusionTab Pro,Tablets,South India,2,8,10,2,3,27.0,7.050601
2022-10-31,FusionTab Pro,Tablets,South India,76,10,31,0,4,94.0,4.843616
2023-03-25,FusionTab Pro,Tablets,South India,1,3,25,5,1,2.0,8.135149
2023-06-20,FusionTab Pro,Tablets,South India,1,6,20,1,2,28.0,8.135149
2023-08-26,FusionTab Pro,Tablets,South India,2,8,26,5,3,2.0,7.051806
2023-11-11,FusionTab Pro,Tablets,South India,98,11,11,5,4,2.0,6.9792004
2024-01-23,FusionTab Pro,Tablets,South India,1,1,23,1,1,37.0,14.685884
2024-05-21,FusionTab Pro,Tablets,South India,1,5,21,1,2,37.0,10.244474
2024-07-19,FusionTab Pro,Tablets,South India,3,7,19,4,3,1.0,8.11208
2024-10-17,FusionTab Pro,Tablets,South India,77,10,17,3,4,16.0,7.8349204
2024-12-31,FusionTab Pro,Tablets,South India,2,12,31,1,4,33.0,7.724851
2022-03-09,FusionTab Pro,Tablets,West India,1,3,9,2,1,1.0,7.5178313
2022-06-17,FusionTab Pro,Tablets,West India,1,6,17,4,2,2.0,10.028793
2022-09-04,FusionTab Pro,Tablets,West India,1,9,4,6,3,16.0,10.326993
2022-12-04,FusionTab Pro,Tablets,West India,36,12,4,6,4,56.0,10.743938
2023-04-02,FusionTab Pro,Tablets,West India,1,4,2,6,2,58.0,16.563967
2023-06-29,FusionTab Pro,Tablets,West India,1,6,29,3,2,2.0,12.071538
2024-01-25,FusionTab Pro,Tablets,West India,1,1,25,3,1,1.0,8.09487
2024-05-10,FusionTab Pro,Tablets,West India,3,5,10,4,2,2.0,9.102041
2024-07-31,FusionTab Pro,Tablets,West India,59,7,31,2,3,1.0,8.628409
2024-11-29,FusionTab Pro,Tablets,West India,1,11,29,4,4,1.0,12.357122
2024-06-07,FusionView 24,Monitors,Central India,190,6,7,4,2,5.0,18.901403
2022-10-17,FusionView 24,Monitors,East India,189,10,17,0,4,39.0,17.708029
2024-12-22,FusionView 24,Monitors,East India,29,12,22,6,4,10.0,18.922155
2022-01-08,FusionView 24,Monitors,North India,60,1,8,5,1,159.0,17.948065
2022-10-18,FusionView 24,Monitors,North India,127,10,18,1,4,37.0,17.139425
2023-08-14,FusionView 24,Monitors,North India,29,8,14,0,3,37.0,19.249287
2024-06-12,FusionView 24,Monitors,North India,43,6,12,2,2,8.0,21.911903
2021-10-27,FusionView 24,Monitors,South India,205,10,27,2,4,51.0,12.265316
2022-07-05,FusionView 24,Monitors,South India,33,7,5,1,3,28.0,19.871624
2023-01-20,FusionView 24,Monitors,South India,32,1,20,4,1,33.0,22.017542
2023-11-20,FusionView 24,Monitors,South India,1,11,20,0,4,21.0,18.692429
2024-09-15,FusionView 24,Monitors,South India,30,9,15,6,3,43.0,15.098645
2021-10-31,FusionView 24,Monitors,West India,88,10,31,6,4,99.0,18.451654
2022-06-10,FusionView 24,Monitors,West India,1,6,10,4,2,17.0,11.698213
2023-02-28,FusionView 24,Monitors,West India,40,2,28,1,1,42.0,16.949656
2023-10-15,FusionView 24,Monitors,West India,80,10,15,6,4,1.0,10.381353
2024-05-25,FusionView 24,Monitors,West India,1,5,25,5,2,40.0,17.460705
2023-01-22,FusionView 27,Monitors,Central India,1,1,22,6,1,6.0,8.886924
2021-08-24,FusionView 27,Monitors,East India,1,8,24,1,3,116.0,9.907337
2022-09-21,FusionView 27,Monitors,East India,10,9,21,2,3,47.0,11.708806
2023-10-08,FusionView 27,Monitors,East India,1,10,8,6,4,30.0,9.647562
2024-10-22,FusionView 27,Monitors,East India,50,10,22,1,4,2.0,9.379008
2021-10-31,FusionView 27,Monitors,North India,20,10,31,6,4,69.0,11.216474
2022-05-22,FusionView 27,Monitors,North India,45,5,22,6,2,82.0,10.985527
2022-10-31,FusionView 27,Monitors,North India,30,10,31,0,4,64.0,15.649174
2023-04-15,FusionView 27,Monitors,North India,86,4,15,5,2,33.0,13.412661
2023-10-31,FusionView 27,Monitors,North India,24,10,31,1,4,47.0,7.5866485
2024-06-09,FusionView 27,Monitors,North India,15,6,9,6,2,1.0,7.377341
2024-12-11,FusionView 27,Monitors,North India,47,12,11,2,4,19.0,7.0063095
2021-10-28,FusionView 27,Monitors,South India,45,10,28,3,4,52.0,13.670696
2022-03-08,FusionView 27,Monitors,South India,42,3,8,1,1,10.0,6.75001
2022-08-13,FusionView 27,Monitors,South India,75,8,13,5,3,35.0,8.517245
2022-12-21,FusionView 27,Monitors,South India,50,12,21,2,4,186.0,9.38286
2023-06-29,FusionView 27,Monitors,South India,32,6,29,3,2,49.0,9.970274
2023-11-08,FusionView 27,Monitors,South India,26,11,8,2,4,7.0,8.144568
2024-03-04,FusionView 27,Monitors,South India,31,3,4,0,1,38.0,7.1581535
2024-09-15,FusionView 27,Monitors,South India,1,9,15,6,3,41.0,7.9030266
2024-12-31,FusionView 27,Monitors,South India,1,12,31,1,4,36.0,8.673386
2021-11-01,FusionView 27,Monitors,West India,27,11,1,0,4,18.0,8.149238
2022-06-04,FusionView 27,Monitors,West India,1,6,4,5,2,24.0,7.9513535
2022-12-31,FusionView 27,Monitors,West India,56,12,31,5,4,1.0,7.691379
2023-11-20,FusionView 27,Monitors,West India,31,11,20,0,4,93.0,7.314165
2024-07-15,FusionView 27,Monitors,West India,23,7,15,0,3,28.0,6.83339
2024-11-04,FusionView 27,Monitors,West India,31,11,4,0,4,111.0,7.611437
2023-05-27,FusionView 32,Monitors,Central India,32,5,27,5,2,70.0,6.672912
2022-06-16,FusionView 32,Monitors,East India,1,6,16,3,2,1.0,7.113028
2023-07-10,FusionView 32,Monitors,East India,8,7,10,0,3,107.0,7.2475953
2022-05-11,FusionView 32,Monitors,North India,64,5,11,2,2,26.0,8.191293
2022-10-23,FusionView 32,Monitors,North India,1,10,23,6,4,35.0,7.192214
2023-02-18,FusionView 32,Monitors,North India,1,2,18,5,1,1.0,6.943145
2024-03-30,FusionView 32,Monitors,North India,46,3,30,5,1,1.0,9.330019
2024-10-10,FusionView 32,Monitors,North India,1,10,10,3,4,37.0,7.487037
2022-02-03,FusionView 32,Monitors,South India,76,2,3,3,1,1.0,6.1929755
2022-06-04,FusionView 32,Monitors,South India,29,6,4,5,2,14.0,5.592728
2022-10-18,FusionView 32,Monitors,South India,48,10,18,1,4,40.0,5.081074
2023-01-22,FusionView 32,Monitors,South India,222,1,22,6,1,16.0,4.718174
2023-06-21,FusionView 32,Monitors,South India,40,6,21,2,2,1.0,5.1787157
2024-02-24,FusionView 32,Monitors,South India,39,2,24,5,1,158.0,4.8321977
2024-07-04,FusionView 32,Monitors,South India,1,7,4,3,3,21.0,5.733001
2022-02-12,FusionView 32,Monitors,West India,26,2,12,5,1,87.0,4.735482
2023-01-15,FusionView 32,Monitors,West India,26,1,15,6,1,349.0,5.0983014
2023-07-07,FusionView 32,Monitors,West India,5,7,7,4,3,145.0,4.08422
2024-02-05,FusionView 32,Monitors,West India,1,2,5,0,1,51.0,4.2737956
2024-07-06,FusionView 32,Monitors,West India,18,7,6,5,3,123.0,6.4662685
2024-11-24,FusionView 32,Monitors,West India,2,11,24,6,4,22.0,6.844928
2024-02-17,Fusion Case,Accessories,South India,3,2,17,5,1,1.0,5.18569
2024-03-15,Fusion Case,Accessories,South India,2,3,15,4,1,1.0,4.520831
2024-04-15,Fusion Case,Accessories,South India,1,4,15,0,2,2.0,5.704914
2024-05-27,Fusion Case,Accessories,South India,1,5,27,0,2,2.0,4.616623
2024-08-07,Fusion Case,Accessories,South India,4,8,7,2,3,2.0,3.868063
2024-12-24,Fusion Case,Accessories,South India,1,12,24,1,4,1.0,8.274854
2021-05-08,Fusion Case,Accessories,West India,32,5,8,5,2,3.0,4.112725
2021-10-01,Fusion Case,Accessories,West India,1,10,1,4,4,2.0,5.0349994
2021-11-03,Fusion Case,Accessories,West India,69,11,3,2,4,7.0,4.802996
2022-02-05,Fusion Case,Accessories,West India,1,2,5,5,1,1.0,3.3879535
2022-08-23,Fusion Case,Accessories,West India,2,8,23,1,3,1.0,-0.30477816
2022-10-03,Fusion Case,Accessories,West India,3,10,3,0,4,6.0,4.3065133
2022-11-01,Fusion Case,Accessories,West India,1,11,1,1,4,14.0,4.1668267
2023-09-18,Fusion Case,Accessories,West India,2,9,18,0,3,5.0,6.097813
2024-01-25,Fusion Case,Accessories,West India,56,1,25,3,1,2.0,4.753079
2022-03-03,Fusion Charger,Accessories,Central India,3,3,3,3,1,1.0,3.52776
2024-05-28,Fusion Charger,Accessories,Central India,1,5,28,1,2,1.0,0.9302665
2021-07-27,Fusion Charger,Accessories,East India,1,7,27,1,3,2.0,3.8708134
2021-09-28,Fusion Charger,Accessories,East India,1,9,28,1,3,2.0,4.690097
2023-09-07,Fusion Charger,Accessories,East India,2,9,7,3,3,1.0,4.4506936
2021-09-22,Fusion Charger,Accessories,North India,1,9,22,2,3,1.0,4.836293
2021-10-28,Fusion Charger,Accessories,North India,5,10,28,3,4,8.0,3.9976685
2023-07-02,Fusion Charger,Accessories,North India,2,7,2,6,3,1.0,2.5300581
2023-09-24,Fusion Charger,Accessories,North India,3,9,24,6,3,37.0,4.3000417
2023-11-30,Fusion Charger,Accessories,North India,3,11,30,3,4,1.0,4.4936776
2024-05-03,Fusion Charger,Accessories,North India,1,5,3,4,2,2.0,3.9903307
2024-07-30,Fusion Charger,Accessories,North India,4,7,30,1,3,2.0,2.798918
2021-01-10,Fusion Charger,Accessories,South India,110,1,10,6,1,86.0,4.2625237
2021-11-24,Fusion Charger,Accessories,South India,16,11,24,2,4,5.0,1.867711
2022-03-16,Fusion Charger,Accessories,South India,2,3,16,2,1,3.0,-3.7334244
2022-11-04,Fusion Charger,Accessories,South India,1,11,4,4,4,4.0,5.1259327
2024-06-19,Fusion Charger,Accessories,South India,5,6,19,2,2,1.0,8.187948
2024-12-25,Fusion Charger,Accessories,South India,1,12,25,2,4,42.0,8.074686
2021-09-19,Fusion Charger,Accessories,West India,3,9,19,6,3,37.0,6.7763095
2023-07-16,Fusion Charger,Accessories,West India,4,7,16,6,3,3.0,13.9002075
2024-11-26,Fusion Charger,Accessories,West India,3,11,26,1,4,40.0,13.305665
2021-07-27,Fusion Earbuds,Accessories,Central India,3,7,27,1,3,1.0,4.525934
2023-10-16,Fusion Earbuds,Accessories,Central India,47,10,16,0,4,18.0,5.433511
2021-01-13,Fusion Earbuds,Accessories,East India,37,1,13,2,1,12.0,7.69632
2021-10-10,Fusion Earbuds,Accessories,East India,4,10,10,6,4,52.0,6.6270165
2022-01-05,Fusion Earbuds,Accessories,East India,91,1,5,2,1,1.0,5.318992
2022-09-11,Fusion Earbuds,Accessories,East India,2,9,11,6,3,1.0,5.58197
2023-11-23,Fusion Earbuds,Accessories,East India,1,11,23,3,4,23.0,4.3529544
2022-01-16,Fusion Earbuds,Accessories,North India,2,1,16,6,1,7.0,0.9193047
2022-06-25,Fusion Earbuds,Accessories,North India,2,6,25,5,2,4.0,2.8977761
2023-01-24,Fusion Earbuds,Accessories,North India,4,1,24,1,1,1.0,3.777841
2023-05-07,Fusion Earbuds,Accessories,North India,1,5,7,6,2,39.0,5.6339083
2023-07-03,Fusion Earbuds,Accessories,North India,1,7,3,0,3,7.0,7.852544
2023-09-12,Fusion Earbuds,Accessories,North India,2,9,12,1,3,2.0,25.825945
2021-01-07,Fusion Earbuds,Accessories,South India,85,1,7,3,1,49.0,5.791709
2021-03-14,Fusion Earbuds,Accessories,South India,50,3,14,6,1,26.0,20.882933
2022-09-13,Fusion Earbuds,Accessories,South India,34,9,13,1,3,21.0,5.072782
2021-01-23,Fusion Earbuds,Accessories,West India,96,1,23,5,1,11.0,2.3073506
2022-04-24,Fusion Earbuds,Accessories,West India,24,4,24,6,2,1.0,3.1779609
2023-06-08,Fusion Earbuds,Accessories,West India,1,6,8,3,2,1.0,2.3785377
2023-05-20,Fusion Keyboard,Accessories,East India,1,5,20,5,2,1.0,4.644645
2021-08-03,Fusion Keyboard,Accessories,North India,1,8,3,1,3,2.0,4.3402348
2022-01-09,Fusion Keyboard,Accessories,North India,1,1,9,6,1,5.0,5.0156627
2022-07-31,Fusion Keyboard,Accessories,North India,1,7,31,6,3,4.0,5.052955
2024-03-29,Fusion Keyboard,Accessories,North India,4,3,29,4,1,4.0,4.978819
2023-02-24,Fusion Keyboard,Accessories,South India,3,2,24,4,1,4.0,5.1142387
2024-10-04,Fusion Keyboard,Accessories,South India,1,10,4,4,4,96.0,4.112725
2024-12-22,Fusion Keyboard,Accessories,South India,2,12,22,6,4,1.0,4.37875
2021-05-05,Fusion Keyboard,Accessories,West India,3,5,5,2,2,2.0,1.679609
2021-06-26,Fusion Keyboard,Accessories,West India,1,6,26,5,2,2.0,5.187609
2022-06-23,Fusion Keyboard,Accessories,West India,3,6,23,3,2,1.0,7.538665
2022-11-01,Fusion Keyboard,Accessories,West India,4,11,1,1,4,3.0,1.511353
2023-08-06,Fusion Keyboard,Accessories,West India,2,8,6,6,3,1.0,4.269221
2023-10-16,Fusion Keyboard,Accessories,West India,49,10,16,0,4,5.0,5.060664
2024-03-05,Fusion Keyboard,Accessories,West India,23,3,5,1,1,3.0,4.953851
2021-08-28,Fusion Mouse,Accessories,Central India,77,8,28,5,3,1.0,1.7492732
2021-11-27,Fusion Mouse,Accessories,Central India,22,11,27,5,4,1.0,4.0368414
2021-07-29,Fusion Mouse,Accessories,East India,1,7,29,3,3,2.0,4.753527
2023-06-19,Fusion Mouse,Accessories,East India,2,6,19,0,2,2.0,4.352184
2023-09-22,Fusion Mouse,Accessories,East India,138,9,22,4,3,2.0,4.212497
2021-04-24,Fusion Mouse,Accessories,North India,12,4,24,5,2,1.0,4.658102
2021-11-10,Fusion Mouse,Accessories,North India,42,11,10,2,4,2.0,7.277585
2023-03-28,Fusion Mouse,Accessories,South India,1,3,28,1,1,1.0,4.4936776
2023-05-11,Fusion Mouse,Accessories,South India,4,5,11,3,2,17.0,5.0619564
2023-09-01,Fusion Mouse,Accessories,South India,3,9,1,4,3,2.0,4.8311257
2024-11-28,Fusion Mouse,Accessories,South India,3,11,28,3,4,50.0,5.856743
2023-07-28,Fusion Watch Lite,Wearables,East India,1,7,28,4,3,1.0,5.974315
2021-10-28,Fusion Watch Lite,Wearables,South India,2,10,28,3,4,41.0,13.986651
2022-11-25,Fusion Watch Lite,Wearables,South India,1,11,25,4,4,1.0,6.5222764
2023-08-19,Fusion Watch Lite,Wearables,South India,2,8,19,5,3,12.0,6.7763095
2022-07-31,Fusion Watch Lite,Wearables,West India,1,7,31,6,3,1.0,7.2237883
2022-07-10,Fusion Watch Pro,Wearables,North India,1,7,10,6,3,1.0,6.692767
2021-04-29,FusionBook Air,Laptops,Central India,1,4,29,3,2,27.0,-7.5218515
2023-03-16,FusionBook Air,Laptops,Central India,1,3,16,3,1,34.0,1.4547668
2021-07-23,FusionBook Air,Laptops,East India,33,7,23,4,3,41.0,6.307803
2022-05-08,FusionBook Air,Laptops,East India,1,5,8,6,2,74.0,4.6778617
2022-08-15,FusionBook Air,Laptops,East India,8,8,15,0,3,97.0,1.6254529
2023-02-18,FusionBook Air,Laptops,North India,1,2,18,5,1,1.0,13.678795
2023-12-05,FusionBook Air,Laptops,North India,1,12,5,1,4,65.0,14.316181
2022-01-07,FusionBook Air,Laptops,South India,1,1,7,4,1,74.0,5.072782
2022-08-23,FusionBook Air,Laptops,South India,43,8,23,1,3,83.0,2.1620913
2023-06-13,FusionBook Air,Laptops,South India,1,6,13,1,2,13.0,5.215287
2023-11-27,FusionBook Air,Laptops,South India,1,11,27,0,4,54.0,6.833036
2024-03-03,FusionBook Air,Laptops,South India,3,3,3,6,1,30.0,5.711439
2024-11-11,FusionBook Air,Laptops,South India,20,11,11,0,4,2.0,4.555428
2021-07-08,FusionBook Air,Laptops,West India,72,7,8,3,3,2.0,1.0102118
2022-12-16,FusionBook Air,Laptops,West India,50,12,16,4,4,2.0,4.8286924
2024-02-10,FusionBook Pro,Laptops,Central India,1,2,10,5,1,12.0,3.7872653
2024-06-20,FusionBook Pro,Laptops,East India,73,6,20,3,2,3.0,3.984966
2022-04-23,FusionBook Pro,Laptops,North India,14,4,23,5,2,22.0,6.1611843
2023-05-19,FusionBook Pro,Laptops,North India,37,5,19,4,2,179.0,4.7150974
2024-05-30,FusionBook Pro,Laptops,North India,17,5,30,3,2,8.0,5.6174965
2024-12-16,FusionBook Pro,Laptops,North India,1,12,16,0,4,141.0,5.40877
2021-09-30,FusionBook Pro,Laptops,South India,1,9,30,3,3,82.0,5.8557014
2024-05-23,FusionBook Pro,Laptops,South India,110,5,23,3,2,24.0,4.4681215
2024-08-18,FusionBook Pro,Laptops,South India,8,8,18,6,3,144.0,7.0826507
2024-12-22,FusionBook Pro,Laptops,South India,1,12,22,6,4,40.0,4.37875
2021-07-20,FusionBook Pro,Laptops,West India,56,7,20,1,3,1.0,1.6972336
2021-10-17,FusionBook Pro,Laptops,West India,126,10,17,6,4,43.0,4.8010936
2022-06-16,FusionBook Pro,Laptops,West India,106,6,16,3,2,78.0,1.3354188
2022-10-16,FusionBook Pro,Laptops,West India,56,10,16,6,4,465.0,4.139989
2023-11-22,FusionBook Pro,Laptops,West India,61,11,22,2,4,40.0,4.8141646
2024-09-16,FusionBook Pro,Laptops,West India,46,9,16,0,3,88.0,4.9252753
2023-11-05,FusionBook Ultra,Laptops,East India,214,11,5,6,4,1.0,3.792975
2024-08-06,FusionBook Ultra,Laptops,East India,2,8,6,1,3,148.0,4.212497
2023-01-15,FusionBook Ultra,Laptops,North India,37,1,15,6,1,2.0,4.8748426
2024-09-04,FusionBook Ultra,Laptops,North India,1,9,4,2,3,100.0,4.5014105
2023-11-02,FusionBook Ultra,Laptops,South India,149,11,2,3,4,1.0,5.389624
2024-05-20,FusionBook Ultra,Laptops,West India,1,5,20,0,2,1.0,1.9253209
2021-09-06,FusionPhone Lite,Smartphones,Central India,10,9,6,0,3,1.0,7.3557987
2022-01-09,FusionPhone Lite,Smartphones,East India,1,1,9,6,1,1.0,3.5801287
2024-10-15,FusionPhone Lite,Smartphones,East India,2,10,15,1,4,4.0,14.836618
2021-02-08,FusionPhone Lite,Smartphones,North India,85,2,8,0,1,7.0,6.1140018
2021-12-07,FusionPhone Lite,Smartphones,North India,4,12,7,1,4,1.0,6.630606
2022-10-19,FusionPhone Lite,Smartphones,North India,4,10,19,2,4,5.0,12.546018
2023-06-10,FusionPhone Lite,Smartphones,North India,18,6,10,5,2,1.0,14.89487
2024-08-24,FusionPhone Lite,Smartphones,North India,3,8,24,5,3,1.0,6.5981483
2021-05-12,FusionPhone Lite,Smartphones,South India,6,5,12,2,2,14.0,6.620378
2021-10-07,FusionPhone Lite,Smartphones,South India,4,10,7,3,4,4.0,7.344225
2022-09-25,FusionPhone Lite,Smartphones,South India,2,9,25,6,3,5.0,7.0086236
2022-11-19,FusionPhone Lite,Smartphones,South India,6,11,19,5,4,6.0,4.9737844
2023-09-10,FusionPhone Lite,Smartphones,South India,1,9,10,6,3,3.0,5.0044885
2021-08-20,FusionPhone Lite,Smartphones,West India,32,8,20,4,3,1.0,5.4000525
2022-02-02,FusionPhone Lite,Smartphones,West India,1,2,2,2,1,1.0,5.958837
2022-09-10,FusionPhone Lite,Smartphones,West India,1,9,10,5,3,1.0,1.5944301
2023-08-20,FusionPhone Lite,Smartphones,West India,1,8,20,6,3,3.0,3.9113815
2024-10-20,FusionPhone Lite,Smartphones,West India,57,10,20,6,4,2.0,4.6025753
2023-01-05,FusionPhone Ultra,Smartphones,North India,2,1,5,3,1,4.0,4.344153
2023-05-13,FusionPhone Ultra,Smartphones,North India,21,5,13,5,2,1.0,4.564838
2024-03-25,FusionPhone Ultra,Smartphones,North India,3,3,25,0,1,2.0,4.833755
2024-05-19,FusionPhone Ultra,Smartphones,North India,1,5,19,6,2,46.0,5.153992
2023-01-31,FusionPhone Ultra,Smartphones,South India,12,1,31,1,1,2.0,4.226479
2023-03-13,FusionPhone Ultra,Smartphones,South India,66,3,13,0,1,2.0,7.0184083
2023-06-30,FusionPhone Ultra,Smartphones,South India,2,6,30,4,2,4.0,5.711439
2021-10-31,FusionPhone X,Smartphones,East India,23,10,31,6,4,2.0,4.853248
2023-10-02,FusionPhone X,Smartphones,East India,1,10,2,0,4,1.0,4.780056
2024-03-12,FusionPhone X,Smartphones,East India,2,3,12,1,1,1.0,5.3882933
2022-08-18,FusionPhone X,Smartphones,North India,2,8,18,3,3,3.0,7.6962113
2021-11-01,FusionPhone X,Smartphones,South India,8,11,1,0,4,19.0,5.40877
2023-04-29,FusionPhone X,Smartphones,South India,3,4,29,5,2,1.0,5.406824
2024-08-14,FusionPhone X,Smartphones,South India,3,8,14,2,3,48.0,3.322529
2024-11-03,FusionPhone X,Smartphones,South India,4,11,3,6,4,40.0,-1.1223823
2024-02-07,FusionPhone X,Smartphones,West India,1,2,7,2,1,1.0,4.560633
2024-11-08,FusionPhone X,Smartphones,West India,1,11,8,4,4,1.0,3.4959083
2024-01-02,FusionTab Mini,Tablets,East India,91,1,2,1,1,1.0,5.272837
2021-10-17,FusionTab Mini,Tablets,North India,1,10,17,6,4,1.0,4.6065264
2024-10-20,FusionTab Mini,Tablets,North India,83,10,20,6,4,28.0,-1.472029
2023-07-11,FusionTab Mini,Tablets,West India,1,7,11,1,3,2.0,5.061075
2022-02-20,FusionTab Pro,Tablets,South India,1,2,20,6,1,78.0,5.2881117
2023-06-21,FusionTab Pro,Tablets,South India,1,6,21,2,2,1.0,5.6334586
2021-07-01,FusionView 24,Monitors,North India,43,7,1,3,3,0.0,15.496579
2022-01-14,FusionView 24,Monitors,North India,6,1,14,4,1,60.0,15.1327915
2022-07-07,FusionView 24,Monitors,South India,26,7,7,3,3,33.0,14.062499
2023-11-05,FusionView 27,Monitors,North India,78,11,5,6,4,24.0,6.3189697
2024-03-07,FusionView 27,Monitors,South India,1,3,7,3,1,31.0,-2.1005304
2022-06-06,FusionView 27,Monitors,West India,1,6,6,0,2,1.0,12.143252
2023-02-21,FusionView 32,Monitors,North India,1,2,21,1,1,1.0,8.07962
2022-11-21,Fusion Case,Accessories,South India,3,11,21,0,4,3.0,6.865777
2023-06-17,Fusion Case,Accessories,South India,2,6,17,5,2,1.0,6.294889
2023-10-22,Fusion Case,Accessories,South India,3,10,22,6,4,4.0,11.595765
2024-08-08,Fusion Case,Accessories,South India,8,8,8,3,3,4.0,11.547641
2024-10-17,Fusion Case,Accessories,South India,72,10,17,3,4,4.0,5.2764792
2021-06-05,Fusion Case,Accessories,West India,4,6,5,5,2,1.0,13.845651
2021-08-21,Fusion Case,Accessories,West India,102,8,21,5,3,1.0,17.993004
2021-12-31,Fusion Case,Accessories,West India,1,12,31,4,4,1.0,5.5693913
2022-05-17,Fusion Case,Accessories,West India,1,5,17,1,2,6.0,7.432801
2022-08-24,Fusion Case,Accessories,West India,1,8,24,2,3,2.0,6.4150963
2022-11-02,Fusion Case,Accessories,West India,4,11,2,2,4,1.0,8.184523
2023-01-12,Fusion Case,Accessories,West India,4,1,12,3,1,40.0,6.346733
2023-05-21,Fusion Case,Accessories,West India,1,5,21,6,2,2.0,7.177221
2023-08-05,Fusion Case,Accessories,West India,2,8,5,5,3,3.0,5.6224785
2023-12-04,Fusion Case,Accessories,West India,1,12,4,0,4,4.0,5.1194053
2024-01-27,Fusion Case,Accessories,West India,4,1,27,5,1,56.0,6.377335
2024-05-08,Fusion Case,Accessories,West India,3,5,8,2,2,2.0,5.222206
2024-08-06,Fusion Case,Accessories,West India,2,8,6,1,3,3.0,5.9798727
2024-09-24,Fusion Case,Accessories,West India,2,9,24,1,3,5.0,2.2141132
2024-12-12,Fusion Case,Accessories,West India,1,12,12,3,4,2.0,7.5750523
2021-01-31,Fusion Charger,Accessories,Central India,2,1,31,6,1,3.0,11.894376
2021-05-22,Fusion Charger,Accessories,Central India,3,5,22,5,2,74.0,4.725736
2023-10-29,Fusion Charger,Accessories,Central India,57,10,29,6,4,3.0,5.332732
2021-07-30,Fusion Charger,Accessories,East India,143,7,30,4,3,1.0,4.6855774
2021-11-11,Fusion Charger,Accessories,East India,2,11,11,3,4,1.0,6.7786865
2023-10-27,Fusion Charger,Accessories,East India,1,10,27,4,4,1.0,5.565707
2023-12-24,Fusion Charger,Accessories,East India,8,12,24,6,4,1.0,5.4260206
2024-03-23,Fusion Charger,Accessories,East India,1,3,23,5,1,3.0,4.448865
2021-01-28,Fusion Charger,Accessories,North India,9,1,28,3,1,8.0,6.0742674
2021-09-23,Fusion Charger,Accessories,North India,1,9,23,3,3,1.0,6.3525496
2021-12-03,Fusion Charger,Accessories,North India,66,12,3,4,4,2.0,5.832239
2023-05-09,Fusion Charger,Accessories,North India,1,5,9,1,2,7.0,9.151919
2023-07-03,Fusion Charger,Accessories,North India,33,7,3,0,3,2.0,6.413864
2024-09-08,Fusion Charger,Accessories,North India,1,9,8,6,3,4.0,5.792285
2021-05-18,Fusion Charger,Accessories,South India,6,5,18,1,2,1.0,6.9063663
2021-10-23,Fusion Charger,Accessories,South India,6,10,23,5,4,7.0,4.138108
2023-06-30,Fusion Charger,Accessories,South India,1,6,30,4,2,1.0,6.876217
2024-06-21,Fusion Charger,Accessories,South India,3,6,21,4,2,5.0,7.1097336
2021-05-08,Fusion Charger,Accessories,West India,3,5,8,5,2,9.0,16.91674
2021-07-04,Fusion Charger,Accessories,West India,3,7,4,6,3,1.0,9.332721
2021-11-21,Fusion Charger,Accessories,West India,48,11,21,6,4,5.0,7.9871254
2022-04-17,Fusion Charger,Accessories,West India,1,4,17,6,2,3.0,7.082997
2022-07-01,Fusion Charger,Accessories,West India,1,7,1,4,3,44.0,8.929725
2023-01-28,Fusion Charger,Accessories,West India,2,1,28,5,1,5.0,16.580261
2023-07-20,Fusion Charger,Accessories,West India,49,7,20,3,3,4.0,6.3432016
2024-08-18,Fusion Charger,Accessories,West India,2,8,18,6,3,1.0,36.80088
2024-10-11,Fusion Charger,Accessories,West India,1,10,11,4,4,1.0,7.1494308
2021-11-03,Fusion Earbuds,Accessories,Central India,3,11,3,2,4,3.0,5.3914437
2023-10-21,Fusion Earbuds,Accessories,Central India,1,10,21,5,4,47.0,13.226998
2023-02-22,Fusion Earbuds,Accessories,East India,1,2,22,2,1,1.0,5.678681
2023-11-27,Fusion Earbuds,Accessories,East India,1,11,27,0,4,1.0,9.338755
2024-02-13,Fusion Earbuds,Accessories,East India,1,2,13,1,1,2.0,7.342441
2024-10-23,Fusion Earbuds,Accessories,East India,2,10,23,2,4,2.0,5.391118
2021-09-16,Fusion Earbuds,Accessories,North India,1,9,16,3,3,1.0,6.438794
2021-10-27,Fusion Earbuds,Accessories,North India,16,10,27,2,4,10.0,3.7854586
2022-05-13,Fusion Earbuds,Accessories,North India,4,5,13,4,2,51.0,3.0113647
2023-07-04,Fusion Earbuds,Accessories,North India,15,7,4,1,3,1.0,10.586251
2023-10-14,Fusion Earbuds,Accessories,North India,6,10,14,5,4,3.0,7.125993
2023-11-16,Fusion Earbuds,Accessories,North India,4,11,16,3,4,3.0,7.184591
2021-03-15,Fusion Earbuds,Accessories,South India,5,3,15,0,1,50.0,10.782869
2021-05-21,Fusion Earbuds,Accessories,South India,4,5,21,4,2,5.0,5.9783087
2022-02-25,Fusion Earbuds,Accessories,South India,93,2,25,4,1,1.0,9.781694
2022-04-14,Fusion Earbuds,Accessories,South India,2,4,14,3,2,152.0,6.867013
2023-03-07,Fusion Earbuds,Accessories,South India,2,3,7,1,1,17.0,5.5355825
2023-07-04,Fusion Earbuds,Accessories,South India,1,7,4,1,3,2.0,7.635211
2024-07-18,Fusion Earbuds,Accessories,South India,4,7,18,3,3,2.0,9.435226
2024-09-11,Fusion Earbuds,Accessories,South India,18,9,11,2,3,3.0,9.854652
2024-12-22,Fusion Earbuds,Accessories,South India,2,12,22,6,4,2.0,8.889609
2021-01-24,Fusion Earbuds,Accessories,West India,10,1,24,6,1,96.0,6.634745
2021-02-27,Fusion Earbuds,Accessories,West India,1,2,27,5,1,21.0,6.1630926
2023-02-26,Fusion Earbuds,Accessories,West India,1,2,26,6,1,2.0,8.752153
2023-04-15,Fusion Earbuds,Accessories,West India,2,4,15,5,2,3.0,6.8127646
2023-06-10,Fusion Earbuds,Accessories,West India,2,6,10,5,2,1.0,7.6046133
2022-10-09,Fusion Keyboard,Accessories,Central India,2,10,9,6,4,1.0,9.317068
2021-11-15,Fusion Keyboard,Accessories,East India,2,11,15,0,4,3.0,10.047412
2023-05-25,Fusion Keyboard,Accessories,East India,1,5,25,3,2,1.0,9.882148
2024-03-21,Fusion Keyboard,Accessories,East India,1,3,21,3,1,3.0,8.012903
2024-10-06,Fusion Keyboard,Accessories,East India,1,10,6,6,4,1.0,10.11687
2022-04-21,Fusion Keyboard,Accessories,North India,3,4,21,3,2,2.0,7.757406
2021-07-26,Fusion Keyboard,Accessories,South India,3,7,26,0,3,4.0,16.766043
2021-09-29,Fusion Keyboard,Accessories,South India,4,9,29,2,3,2.0,8.731903
2024-04-29,Fusion Keyboard,Accessories,South India,2,4,29,0,2,13.0,10.473096
2024-06-24,Fusion Keyboard,Accessories,South India,1,6,24,0,2,3.0,6.707038
2024-08-16,Fusion Keyboard,Accessories,South India,1,8,16,4,3,2.0,5.7420416
2021-06-27,Fusion Keyboard,Accessories,West India,5,6,27,6,2,1.0,6.7554884
2021-08-23,Fusion Keyboard,Accessories,West India,1,8,23,0,3,2.0,6.3068104
2021-10-05,Fusion Keyboard,Accessories,West India,3,10,5,1,4,7.0,6.315869
2022-11-02,Fusion Keyboard,Accessories,West India,2,11,2,2,4,4.0,5.7166934
2023-10-18,Fusion Keyboard,Accessories,West India,1,10,18,2,4,49.0,12.071444
2024-10-16,Fusion Keyboard,Accessories,West India,2,10,16,2,4,3.0,7.0335727
2024-12-19,Fusion Keyboard,Accessories,West India,2,12,19,3,4,1.0,6.6932445
2022-06-21,Fusion Mouse,Accessories,Central India,2,6,21,1,2,2.0,3.754752
2023-08-22,Fusion Mouse,Accessories,Central India,2,8,22,1,3,1.0,5.2216945
2021-07-31,Fusion Mouse,Accessories,East India,123,7,31,5,3,1.0,6.9403825
2021-10-20,Fusion Mouse,Accessories,East India,3,10,20,2,4,1.0,2.9763358
2023-03-09,Fusion Mouse,Accessories,East India,1,3,9,3,1,46.0,5.2326474
2023-09-23,Fusion Mouse,Accessories,East India,1,9,23,5,3,138.0,5.9096174
2023-11-25,Fusion Mouse,Accessories,East India,42,11,25,5,4,1.0,5.63803
2024-05-05,Fusion Mouse,Accessories,East India,1,5,5,6,2,1.0,5.522327
2021-04-27,Fusion Mouse,Accessories,North India,47,4,27,1,2,12.0,6.0850887
2021-06-01,Fusion Mouse,Accessories,North India,1,6,1,1,2,43.0,5.945402
2021-07-09,Fusion Mouse,Accessories,North India,2,7,9,4,3,2.0,6.1311903
2021-11-13,Fusion Mouse,Accessories,North India,2,11,13,5,4,42.0,9.094785
2022-04-10,Fusion Mouse,Accessories,North India,3,4,10,6,2,4.0,5.4243493
2023-04-08,Fusion Mouse,Accessories,North India,1,4,8,5,2,3.0,5.320579
2024-09-10,Fusion Mouse,Accessories,North India,3,9,10,1,3,43.0,6.3525496
2022-10-04,Fusion Mouse,Accessories,South India,2,10,4,1,4,5.0,5.4832697
2023-01-07,Fusion Mouse,Accessories,South India,1,1,7,5,1,3.0,5.7759843
2023-12-29,Fusion Mouse,Accessories,South India,4,12,29,4,4,1.0,5.5767264
2021-04-29,Fusion Mouse,Accessories,West India,1,4,29,3,2,4.0,6.864441
2021-09-14,Fusion Mouse,Accessories,West India,2,9,14,1,3,4.0,6.2986474
2022-10-21,Fusion Mouse,Accessories,West India,10,10,21,4,4,2.0,4.970417
2023-04-20,Fusion Mouse,Accessories,West India,55,4,20,3,2,1.0,2.2963076
2023-09-15,Fusion Mouse,Accessories,West India,3,9,15,4,3,1.0,6.876217
2024-05-07,Fusion Mouse,Accessories,West India,1,5,7,1,2,3.0,6.931962
2024-10-21,Fusion Mouse,Accessories,West India,7,10,21,0,4,4.0,9.20584
2022-03-01,Fusion Watch Lite,Wearables,East India,1,3,1,1,1,1.0,13.325083
2023-08-11,Fusion Watch Lite,Wearables,East India,1,8,11,4,3,1.0,7.743558
2021-11-28,Fusion Watch Lite,Wearables,North India,2,11,28,6,4,1.0,9.741648
2022-07-04,Fusion Watch Lite,Wearables,North India,1,7,4,0,3,1.0,7.850804
2023-05-06,Fusion Watch Lite,Wearables,North India,2,5,6,5,2,1.0,14.246576
2024-05-30,Fusion Watch Lite,Wearables,North India,33,5,30,3,2,1.0,7.7154474
2021-10-29,Fusion Watch Lite,Wearables,South India,2,10,29,4,4,2.0,21.892223
2022-11-26,Fusion Watch Lite,Wearables,South India,2,11,26,5,4,1.0,8.159651
2023-12-20,Fusion Watch Lite,Wearables,South India,1,12,20,2,4,1.0,7.6369386
2024-11-08,Fusion Watch Lite,Wearables,South India,1,11,8,4,4,1.0,16.10228
2022-05-14,Fusion Watch Pro,Wearables,Central India,1,5,14,5,2,1.0,16.419035
2023-01-20,Fusion Watch Pro,Wearables,North India,1,1,20,4,1,1.0,6.9589834
2023-05-25,Fusion Watch Pro,Wearables,North India,12,5,25,3,2,1.0,7.046955
2022-06-05,Fusion Watch Pro,Wearables,South India,1,6,5,6,2,1.0,5.3914437
2023-04-13,Fusion Watch Pro,Wearables,South India,3,4,13,3,2,1.0,4.885374
2024-07-05,Fusion Watch Pro,Wearables,West India,1,7,5,4,3,1.0,8.303269
2021-09-19,FusionBook Air,Laptops,Central India,47,9,19,6,3,1.0,9.970035
2021-04-13,FusionBook Air,Laptops,East India,233,4,13,1,2,66.0,8.741753
2023-12-19,FusionBook Air,Laptops,East India,50,12,19,1,4,2.0,4.4678946
2024-10-24,FusionBook Air,Laptops,East India,1,10,24,3,4,27.0,4.7716293
2021-01-29,FusionBook Air,Laptops,North India,173,1,29,4,1,71.0,9.672274
2021-04-21,FusionBook Air,Laptops,North India,36,4,21,2,2,3.0,4.1173434
2022-02-18,FusionBook Air,Laptops,North India,120,2,18,4,1,25.0,13.874488
2023-02-19,FusionBook Air,Laptops,North India,69,2,19,6,1,1.0,22.73038
2023-09-09,FusionBook Air,Laptops,North India,9,9,9,5,3,9.0,37.61083
2021-11-09,FusionBook Air,Laptops,South India,3,11,9,1,4,84.0,11.000725
2022-07-09,FusionBook Air,Laptops,South India,5,7,9,5,3,17.0,9.933267
2023-01-08,FusionBook Air,Laptops,South India,169,1,8,6,1,73.0,8.826324
2023-06-15,FusionBook Air,Laptops,South India,2,6,15,3,2,1.0,11.115024
2023-07-20,FusionBook Air,Laptops,South India,27,7,20,3,3,1.0,11.86672
2021-10-21,FusionBook Air,Laptops,West India,126,10,21,3,4,19.0,19.532372
2022-01-12,FusionBook Air,Laptops,West India,1,1,12,2,1,9.0,5.66532
2024-12-01,FusionBook Air,Laptops,West India,61,12,1,6,4,52.0,6.686533
2021-06-23,FusionBook Pro,Laptops,East India,30,6,23,2,2,163.0,7.639003
2022-08-14,FusionBook Pro,Laptops,North India,81,8,14,6,3,22.0,10.030829
2023-09-09,FusionBook Pro,Laptops,North India,2,9,9,5,3,2.0,7.054357
2024-07-21,FusionBook Pro,Laptops,North India,1,7,21,6,3,1.0,7.773307
2022-03-10,FusionBook Pro,Laptops,South India,21,3,10,3,1,59.0,6.270692
2022-05-02,FusionBook Pro,Laptops,South India,1,5,2,0,2,54.0,6.1390066
2022-11-02,FusionBook Pro,Laptops,South India,86,11,2,2,4,81.0,9.912612
2023-08-07,FusionBook Pro,Laptops,South India,61,8,7,0,3,44.0,7.037249
2024-11-03,FusionBook Pro,Laptops,South India,81,11,3,6,4,90.0,5.3787684
2021-11-23,FusionBook Pro,Laptops,West India,2,11,23,1,4,1.0,6.1761823
2022-01-03,FusionBook Pro,Laptops,West India,16,1,3,0,1,49.0,5.634466
2022-04-12,FusionBook Pro,Laptops,West India,42,4,12,1,2,8.0,4.654026
2022-06-17,FusionBook Pro,Laptops,West India,75,6,17,4,2,106.0,13.862926
2022-11-25,FusionBook Pro,Laptops,West India,1,11,25,4,4,96.0,5.577007
2024-02-18,FusionBook Pro,Laptops,West India,2,2,18,6,1,24.0,5.7248726
2024-07-06,FusionBook Pro,Laptops,West India,1,7,6,5,3,41.0,2.067954
2024-09-17,FusionBook Pro,Laptops,West India,1,9,17,1,3,46.0,7.456847
2024-11-11,FusionBook Pro,Laptops,West India,2,11,11,0,4,1.0,6.773298
2022-04-10,FusionBook Ultra,Laptops,Central India,17,4,10,6,2,34.0,5.1377044
2023-05-30,FusionBook Ultra,Laptops,Central India,1,5,30,1,2,21.0,5.510356
2024-06-14,FusionBook Ultra,Laptops,Central India,1,6,14,4,2,1.0,6.728427
2022-10-26,FusionBook Ultra,Laptops,East India,2,10,26,2,4,2.0,4.5167484
2023-11-06,FusionBook Ultra,Laptops,East India,1,11,6,0,4,214.0,6.6364007
2024-06-07,FusionBook Ultra,Laptops,East India,1,6,7,4,2,1.0,7.0806165
2022-11-03,FusionBook Ultra,Laptops,North India,14,11,3,3,4,83.0,5.8458395
2022-12-05,FusionBook Ultra,Laptops,North India,1,12,5,0,4,97.0,5.945402
2024-03-12,FusionBook Ultra,Laptops,North India,75,3,12,1,1,2.0,2.709794
2023-12-23,FusionBook Ultra,Laptops,South India,23,12,23,5,4,1.0,5.832239
2022-05-10,FusionBook Ultra,Laptops,West India,68,5,10,1,2,31.0,8.459006
2023-08-23,FusionBook Ultra,Laptops,West India,46,8,23,2,3,1.0,6.374343
2024-02-09,FusionBook Ultra,Laptops,West India,1,2,9,4,1,80.0,6.0172296
2024-05-23,FusionBook Ultra,Laptops,West India,1,5,23,3,2,1.0,5.5767264
2024-07-10,FusionBook Ultra,Laptops,West India,75,7,10,2,3,144.0,6.4034305
2024-09-10,FusionBook Ultra,Laptops,West India,37,9,10,1,3,9.0,5.539964
2024-10-31,FusionBook Ultra,Laptops,West India,229,10,31,3,4,4.0,5.3319817
2023-09-16,FusionPhone Lite,Smartphones,East India,1,9,16,5,3,1.0,5.26387
2021-08-10,FusionPhone Lite,Smartphones,North India,2,8,10,1,3,2.0,15.319725
2021-12-08,FusionPhone Lite,Smartphones,North India,3,12,8,2,4,4.0,7.98675
2023-04-18,FusionPhone Lite,Smartphones,North India,2,4,18,1,2,1.0,14.133815
2023-06-14,FusionPhone Lite,Smartphones,North India,1,6,14,2,2,18.0,7.633568
2023-12-02,FusionPhone Lite,Smartphones,North India,4,12,2,5,4,1.0,7.548715
2024-02-24,FusionPhone Lite,Smartphones,North India,1,2,24,5,1,1.0,8.783462
2024-11-15,FusionPhone Lite,Smartphones,North India,3,11,15,4,4,3.0,10.356721
2021-03-06,FusionPhone Lite,Smartphones,South India,10,3,6,5,1,5.0,7.214904
2021-10-08,FusionPhone Lite,Smartphones,South India,4,10,8,4,4,4.0,8.809332
2021-12-17,FusionPhone Lite,Smartphones,South India,1,12,17,4,4,4.0,8.162717
2022-05-02,FusionPhone Lite,Smartphones,South India,3,5,2,0,2,7.0,13.68366
2022-11-20,FusionPhone Lite,Smartphones,South India,4,11,20,6,4,6.0,0.860846
2023-11-03,FusionPhone Lite,Smartphones,South India,5,11,3,4,4,2.0,13.3608055
2023-12-30,FusionPhone Lite,Smartphones,South India,28,12,30,5,4,5.0,6.947544
2024-04-13,FusionPhone Lite,Smartphones,South India,2,4,13,5,2,3.0,10.464951
2024-07-20,FusionPhone Lite,Smartphones,South India,3,7,20,5,3,4.0,2.5561578
2021-03-23,FusionPhone Lite,Smartphones,West India,2,3,23,1,1,2.0,7.500669
2021-05-01,FusionPhone Lite,Smartphones,West India,84,5,1,5,2,16.0,6.405746
2024-02-04,FusionPhone Lite,Smartphones,West India,2,2,4,6,1,1.0,4.48379
2024-03-19,FusionPhone Lite,Smartphones,West India,2,3,19,1,1,20.0,6.4565682
2024-08-08,FusionPhone Lite,Smartphones,West India,3,8,8,3,3,2.0,7.4295187
2024-12-18,FusionPhone Ultra,Smartphones,East India,1,12,18,2,4,1.0,24.18285
2024-08-26,FusionPhone Ultra,Smartphones,North India,1,8,26,0,3,1.0,8.826324
2022-11-16,FusionPhone Ultra,Smartphones,South India,45,11,16,2,4,71.0,9.663384
2023-07-01,FusionPhone Ultra,Smartphones,South India,45,7,1,5,3,2.0,7.683254
2023-11-05,FusionPhone Ultra,Smartphones,South India,10,11,5,6,4,1.0,15.35817
2024-09-30,FusionPhone Ultra,Smartphones,South India,36,9,30,0,3,2.0,7.2281795
2024-11-14,FusionPhone Ultra,Smartphones,South India,1,11,14,3,4,32.0,13.135536
2022-12-31,FusionPhone Ultra,Smartphones,West India,2,12,31,5,4,1.0,8.679253
2022-08-02,FusionPhone X,Smartphones,Central India,1,8,2,1,3,1.0,14.809798
2023-05-23,FusionPhone X,Smartphones,Central India,1,5,23,1,2,2.0,6.788927
2021-12-19,FusionPhone X,Smartphones,East India,1,12,19,6,4,2.0,7.4116573
2022-11-06,FusionPhone X,Smartphones,East India,1,11,6,6,4,1.0,10.675149
2021-10-20,FusionPhone X,Smartphones,North India,1,10,20,2,4,2.0,21.459644
2022-08-19,FusionPhone X,Smartphones,North India,76,8,19,4,3,2.0,6.248863
2022-11-14,FusionPhone X,Smartphones,North India,55,11,14,0,4,1.0,14.748625
2023-02-08,FusionPhone X,Smartphones,North India,25,2,8,2,1,2.0,7.0005846
2023-07-21,FusionPhone X,Smartphones,North India,1,7,21,4,3,35.0,4.107315
2024-03-18,FusionPhone X,Smartphones,North India,4,3,18,0,1,3.0,6.9797454
2024-07-31,FusionPhone X,Smartphones,North India,30,7,31,2,3,1.0,11.20738
2024-09-24,FusionPhone X,Smartphones,North India,1,9,24,1,3,1.0,9.534313
2021-12-10,FusionPhone X,Smartphones,South India,3,12,10,4,4,1.0,7.2117743
2022-01-25,FusionPhone X,Smartphones,South India,1,1,25,1,1,31.0,8.169505
2023-03-15,FusionPhone X,Smartphones,South India,6,3,15,2,1,1.0,6.890728
2024-06-26,FusionPhone X,Smartphones,South India,1,6,26,2,2,1.0,10.79869
2024-08-15,FusionPhone X,Smartphones,South India,1,8,15,3,3,3.0,5.6837344
2024-12-02,FusionPhone X,Smartphones,South India,3,12,2,0,4,4.0,5.7169895
2022-02-28,FusionPhone X,Smartphones,West India,2,2,28,0,1,1.0,5.58312
2022-10-27,FusionPhone X,Smartphones,West India,5,10,27,3,4,8.0,6.7934747
2022-12-23,FusionPhone X,Smartphones,West India,2,12,23,4,4,1.0,5.3897214
2023-02-13,FusionPhone X,Smartphones,West India,2,2,13,0,1,2.0,5.3906837
2023-06-11,FusionPhone X,Smartphones,West India,2,6,11,6,2,3.0,4.981168
2023-08-12,FusionPhone X,Smartphones,West India,3,8,12,5,3,2.0,5.679401
2023-10-07,FusionPhone X,Smartphones,West India,2,10,7,5,4,34.0,7.988463
2023-11-27,FusionPhone X,Smartphones,West India,1,11,27,0,4,3.0,11.772342
2021-06-08,FusionTab Mini,Tablets,Central India,1,6,8,1,2,1.0,10.440323
2022-06-10,FusionTab Mini,Tablets,Central India,41,6,10,4,2,29.0,6.826555
2023-04-22,FusionTab Mini,Tablets,Central India,24,4,22,5,2,24.0,5.81045
2023-05-17,FusionTab Mini,Tablets,East India,1,5,17,2,2,2.0,10.296271
2024-01-21,FusionTab Mini,Tablets,East India,1,1,21,6,1,91.0,4.7362456
2021-07-15,FusionTab Mini,Tablets,North India,4,7,15,3,3,2.0,5.5669928
2022-01-06,FusionTab Mini,Tablets,North India,1,1,6,3,1,98.0,5.3395505
2021-07-06,FusionTab Mini,Tablets,South India,3,7,6,1,3,99.0,2.2105
2022-01-08,FusionTab Mini,Tablets,South India,16,1,8,5,1,1.0,7.62416
2022-03-19,FusionTab Mini,Tablets,South India,2,3,19,5,1,78.0,2.5802941
2024-12-08,FusionTab Mini,Tablets,South India,2,12,8,6,4,1.0,6.5648675
2022-01-29,FusionTab Mini,Tablets,West India,81,1,29,5,1,71.0,4.269391
2024-07-21,FusionTab Mini,Tablets,West India,1,7,21,6,3,2.0,4.237305
2024-01-15,FusionTab Pro,Tablets,Central India,1,1,15,0,1,1.0,5.9487133
2021-11-28,FusionTab Pro,Tablets,North India,77,11,28,6,4,1.0,5.536335
2022-08-11,FusionTab Pro,Tablets,South India,100,8,11,3,3,2.0,5.932063
2021-11-22,FusionTab Pro,Tablets,West India,1,11,22,0,4,0.0,11.738702
2022-06-18,FusionTab Pro,Tablets,West India,1,6,18,5,2,1.0,8.073604
2023-10-06,FusionTab Pro,Tablets,West India,42,10,6,4,4,1.0,9.937305
2024-11-30,FusionTab Pro,Tablets,West India,187,11,30,5,4,1.0,14.722296
2022-10-20,FusionView 24,Monitors,East India,1,10,20,3,4,189.0,13.33926
2023-08-21,FusionView 24,Monitors,North India,157,8,21,0,3,29.0,8.181347
2021-10-28,FusionView 24,Monitors,South India,1,10,28,3,4,205.0,6.8517165
2022-07-09,FusionView 24,Monitors,South India,86,7,9,5,3,26.0,12.647537
2023-01-21,FusionView 24,Monitors,South India,204,1,21,5,1,32.0,7.9530916
2024-09-20,FusionView 24,Monitors,South India,23,9,20,4,3,30.0,12.051063
2023-10-20,FusionView 24,Monitors,West India,39,10,20,4,4,80.0,8.93667
2023-01-27,FusionView 27,Monitors,Central India,30,1,27,4,1,1.0,6.935575
2024-10-25,FusionView 27,Monitors,East India,1,10,25,4,4,50.0,7.6701345
2023-11-06,FusionView 27,Monitors,North India,1,11,6,0,4,78.0,6.3347793
2024-07-06,FusionView 27,Monitors,North India,49,7,6,5,3,15.0,6.2078114
2024-09-17,FusionView 27,Monitors,South India,16,9,17,1,3,1.0,6.794325
2021-11-02,FusionView 27,Monitors,West India,124,11,2,1,4,27.0,5.890196
2022-06-16,FusionView 27,Monitors,West India,47,6,16,3,2,1.0,6.422503
2023-11-28,FusionView 27,Monitors,West India,89,11,28,1,4,31.0,6.1851463
2023-08-04,FusionView 32,Monitors,East India,1,8,4,4,3,8.0,5.7935977
2024-08-26,FusionView 32,Monitors,East India,1,8,26,0,3,1.0,7.352852
2024-05-02,FusionView 32,Monitors,North India,65,5,2,3,2,46.0,9.421586
2022-10-19,FusionView 32,Monitors,South India,10,10,19,2,4,48.0,4.542673
2024-11-26,FusionView 32,Monitors,West India,36,11,26,1,4,2.0,8.212805
2022-10-22,Fusion Case,Accessories,South India,7,10,22,5,4,2.0,9.616729
2022-11-22,Fusion Case,Accessories,South India,37,11,22,1,4,3.0,8.324937
2022-12-26,Fusion Case,Accessories,South India,17,12,26,0,4,4.0,15.008138
2023-02-02,Fusion Case,Accessories,South India,2,2,2,3,1,2.0,12.702696
2023-04-16,Fusion Case,Accessories,South India,4,4,16,6,2,3.0,2.56295
2023-06-18,Fusion Case,Accessories,South India,1,6,18,6,2,2.0,7.2738724
2023-07-19,Fusion Case,Accessories,South India,1,7,19,2,3,2.0,1.9135166
2023-11-19,Fusion Case,Accessories,South India,58,11,19,6,4,3.0,8.009398
2023-12-22,Fusion Case,Accessories,South India,3,12,22,4,4,1.0,7.970085
2024-02-18,Fusion Case,Accessories,South India,2,2,18,6,1,3.0,8.452879
2024-03-16,Fusion Case,Accessories,South India,2,3,16,5,1,2.0,6.71845
2024-04-16,Fusion Case,Accessories,South India,1,4,16,1,2,1.0,13.230219
2024-05-28,Fusion Case,Accessories,South India,1,5,28,1,2,1.0,7.9950204
2024-07-06,Fusion Case,Accessories,South India,6,7,6,5,3,1.0,13.225593
2024-08-11,Fusion Case,Accessories,South India,3,8,11,6,3,8.0,9.886993
2024-09-17,Fusion Case,Accessories,South India,184,9,17,1,3,1.0,7.909674
2024-10-18,Fusion Case,Accessories,South India,67,10,18,4,4,72.0,8.462574
2024-11-17,Fusion Case,Accessories,South India,24,11,17,6,4,3.0,5.708314
2024-12-26,Fusion Case,Accessories,South India,3,12,26,3,4,1.0,7.3586507
2021-03-13,Fusion Case,Accessories,West India,2,3,13,5,1,4.0,7.8668895
2021-05-09,Fusion Case,Accessories,West India,1,5,9,6,2,32.0,10.8486805
2021-06-06,Fusion Case,Accessories,West India,47,6,6,6,2,4.0,8.94271
2021-07-12,Fusion Case,Accessories,West India,1,7,12,0,3,62.0,8.347956
2021-08-22,Fusion Case,Accessories,West India,2,8,22,6,3,102.0,6.252679
2021-10-03,Fusion Case,Accessories,West India,3,10,3,6,4,1.0,10.221935
2021-11-04,Fusion Case,Accessories,West India,12,11,4,3,4,69.0,10.105623
2021-11-28,Fusion Case,Accessories,West India,16,11,28,6,4,4.0,10.636522
2022-01-01,Fusion Case,Accessories,West India,2,1,1,5,1,1.0,6.3596644
2022-03-28,Fusion Case,Accessories,West India,2,3,28,0,1,1.0,5.5939636
2022-05-18,Fusion Case,Accessories,West India,2,5,18,2,2,1.0,9.493248
2022-07-05,Fusion Case,Accessories,West India,2,7,5,1,3,1.0,9.085399
2022-08-25,Fusion Case,Accessories,West India,21,8,25,3,3,1.0,7.025091
2022-10-04,Fusion Case,Accessories,West India,3,10,4,1,4,3.0,7.937937
2022-11-03,Fusion Case,Accessories,West India,2,11,3,3,4,4.0,6.1870017
2023-01-14,Fusion Case,Accessories,West India,1,1,14,5,1,4.0,6.289396
2023-02-26,Fusion Case,Accessories,West India,1,2,26,6,1,3.0,8.737429
2023-04-08,Fusion Case,Accessories,West India,6,4,8,5,2,1.0,7.973975
2023-07-02,Fusion Case,Accessories,West India,2,7,2,6,3,1.0,5.1116705
2023-08-07,Fusion Case,Accessories,West India,1,8,7,0,3,2.0,5.863654
2023-09-19,Fusion Case,Accessories,West India,2,9,19,1,3,2.0,8.076013
2023-11-02,Fusion Case,Accessories,West India,147,11,2,3,4,1.0,7.0345263
2023-12-05,Fusion Case,Accessories,West India,4,12,5,1,4,1.0,5.899209
2024-01-28,Fusion Case,Accessories,West India,1,1,28,6,1,4.0,6.7795095
2024-03-25,Fusion Case,Accessories,West India,22,3,25,0,1,2.0,5.1495304
2024-05-09,Fusion Case,Accessories,West India,2,5,9,3,2,3.0,5.665206
2024-06-28,Fusion Case,Accessories,West India,1,6,28,4,2,2.0,4.9611964
2024-08-07,Fusion Case,Accessories,West India,1,8,7,2,3,2.0,5.5880337
2024-09-26,Fusion Case,Accessories,West India,1,9,26,3,3,2.0,9.131606
2024-10-31,Fusion Case,Accessories,West India,50,10,31,3,4,10.0,7.898828
2024-12-14,Fusion Case,Accessories,West India,1,12,14,5,4,1.0,11.363673
2021-02-01,Fusion Charger,Accessories,Central India,1,2,1,0,1,2.0,7.490383
2021-03-16,Fusion Charger,Accessories,Central India,1,3,16,1,1,2.0,10.148954
2021-05-25,Fusion Charger,Accessories,Central India,2,5,25,1,2,3.0,5.721669
2021-11-03,Fusion Charger,Accessories,Central India,2,11,3,2,4,1.0,5.9034476
2022-03-05,Fusion Charger,Accessories,Central India,45,3,5,5,1,3.0,5.426994
2022-07-27,Fusion Charger,Accessories,Central India,1,7,27,2,3,38.0,5.840167
2023-07-16,Fusion Charger,Accessories,Central India,2,7,16,6,3,1.0,6.150538
2024-01-18,Fusion Charger,Accessories,Central India,1,1,18,3,1,1.0,8.308408
2024-10-21,Fusion Charger,Accessories,Central India,1,10,21,0,4,1.0,5.937606
2021-02-23,Fusion Charger,Accessories,East India,1,2,23,1,1,60.0,6.661344
2021-04-09,Fusion Charger,Accessories,East India,3,4,9,4,2,1.0,7.9564815
2022-12-10,Fusion Charger,Accessories,East India,2,12,10,5,4,3.0,7.3327775
2023-01-31,Fusion Charger,Accessories,East India,2,1,31,1,1,1.0,6.416098
2023-05-29,Fusion Charger,Accessories,East India,26,5,29,0,2,1.0,7.652789
2021-02-27,Fusion Charger,Accessories,North India,3,2,27,5,1,3.0,5.8083916
2021-09-24,Fusion Charger,Accessories,North India,1,9,24,4,3,1.0,6.865542
2021-12-04,Fusion Charger,Accessories,North India,4,12,4,5,4,66.0,5.7996144
2022-04-23,Fusion Charger,Accessories,North India,3,4,23,5,2,1.0,8.304047
2022-06-08,Fusion Charger,Accessories,North India,2,6,8,2,2,2.0,6.1795607
2022-09-01,Fusion Charger,Accessories,North India,4,9,1,3,3,1.0,3.1090705
2023-02-01,Fusion Charger,Accessories,North India,26,2,1,2,1,54.0,7.560912
2023-05-11,Fusion Charger,Accessories,North India,17,5,11,3,2,1.0,6.674424
2023-08-16,Fusion Charger,Accessories,North India,3,8,16,2,3,2.0,5.250043
2023-09-25,Fusion Charger,Accessories,North India,5,9,25,0,3,3.0,8.571262
2023-12-01,Fusion Charger,Accessories,North India,1,12,1,4,4,3.0,8.548389
2024-02-26,Fusion Charger,Accessories,North India,2,2,26,0,1,2.0,7.1842275
2024-05-05,Fusion Charger,Accessories,North India,1,5,5,6,2,1.0,10.992933
2024-06-17,Fusion Charger,Accessories,North India,1,6,17,0,2,10.0,6.1129913
2021-10-24,Fusion Charger,Accessories,South India,22,10,24,6,4,6.0,8.674275
2022-01-05,Fusion Charger,Accessories,South India,3,1,5,2,1,3.0,7.061404
2022-02-05,Fusion Charger,Accessories,South India,19,2,5,5,1,9.0,5.8584094
2022-06-10,Fusion Charger,Accessories,South India,1,6,10,4,2,1.0,12.380447
2022-08-06,Fusion Charger,Accessories,South India,1,8,6,5,3,2.0,8.740878
2022-11-05,Fusion Charger,Accessories,South India,5,11,5,5,4,1.0,13.312091
2022-12-17,Fusion Charger,Accessories,South India,1,12,17,5,4,2.0,10.15094
2023-01-27,Fusion Charger,Accessories,South India,1,1,27,4,1,1.0,12.315312
2023-03-14,Fusion Charger,Accessories,South India,1,3,14,1,1,1.0,12.7353325
2023-05-05,Fusion Charger,Accessories,South India,38,5,5,4,2,2.0,10.543135
2023-07-01,Fusion Charger,Accessories,South India,1,7,1,5,3,1.0,12.615201
2023-08-30,Fusion Charger,Accessories,South India,1,8,30,2,3,2.0,14.929207
2023-10-16,Fusion Charger,Accessories,South India,1,10,16,0,4,7.0,8.688981
2024-02-23,Fusion Charger,Accessories,South India,1,2,23,4,1,2.0,22.425816
2024-04-28,Fusion Charger,Accessories,South India,5,4,28,6,2,2.0,9.218934
2024-06-22,Fusion Charger,Accessories,South India,50,6,22,5,2,3.0,9.354628
2024-08-12,Fusion Charger,Accessories,South India,2,8,12,0,3,1.0,9.462215
2024-09-28,Fusion Charger,Accessories,South India,4,9,28,5,3,2.0,12.833346
2024-11-05,Fusion Charger,Accessories,South India,18,11,5,1,4,2.0,11.170266
2024-12-26,Fusion Charger,Accessories,South India,1,12,26,3,4,1.0,9.883545
2021-02-05,Fusion Charger,Accessories,West India,21,2,5,4,1,11.0,10.39067
2021-03-24,Fusion Charger,Accessories,West India,1,3,24,2,1,1.0,21.433992
2021-07-05,Fusion Charger,Accessories,West India,2,7,5,0,3,3.0,20.419538
2021-09-21,Fusion Charger,Accessories,West India,1,9,21,1,3,3.0,10.195364
2021-11-22,Fusion Charger,Accessories,West India,3,11,22,0,4,48.0,22.585924
2022-02-01,Fusion Charger,Accessories,West India,1,2,1,1,1,3.0,8.892966
2022-09-24,Fusion Charger,Accessories,West India,6,9,24,5,3,1.0,17.512157
2022-11-20,Fusion Charger,Accessories,West India,4,11,20,6,4,4.0,10.58757
2023-01-29,Fusion Charger,Accessories,West India,1,1,29,6,1,2.0,9.400624
2023-07-23,Fusion Charger,Accessories,West India,1,7,23,6,3,49.0,14.356768
2023-10-04,Fusion Charger,Accessories,West India,1,10,4,2,4,5.0,9.342136
2024-03-17,Fusion Charger,Accessories,West India,47,3,17,6,1,1.0,19.68199
2024-05-09,Fusion Charger,Accessories,West India,2,5,9,3,2,4.0,17.367746
2021-01-28,Fusion Earbuds,Accessories,Central India,23,1,28,3,1,32.0,11.58431
2021-07-29,Fusion Earbuds,Accessories,Central India,1,7,29,3,3,3.0,14.743598
2022-02-16,Fusion Earbuds,Accessories,Central India,1,2,16,2,1,5.0,6.5921626
2023-01-20,Fusion Earbuds,Accessories,Central India,1,1,20,4,1,2.0,9.473339
2023-10-22,Fusion Earbuds,Accessories,Central India,1,10,22,6,4,1.0,8.321465
2024-09-24,Fusion Earbuds,Accessories,Central India,57,9,24,1,3,1.0,13.422795
2021-01-14,Fusion Earbuds,Accessories,East India,61,1,14,3,1,37.0,7.315623
2021-03-15,Fusion Earbuds,Accessories,East India,2,3,15,0,1,1.0,7.913175
2021-10-11,Fusion Earbuds,Accessories,East India,1,10,11,0,4,4.0,9.729409
2022-01-06,Fusion Earbuds,Accessories,East India,1,1,6,3,1,91.0,5.0323462
2022-05-11,Fusion Earbuds,Accessories,East India,2,5,11,2,2,1.0,13.379016
2022-09-12,Fusion Earbuds,Accessories,East India,3,9,12,0,3,2.0,7.8005943
2022-11-17,Fusion Earbuds,Accessories,East India,1,11,17,3,4,45.0,6.7778754
2023-02-25,Fusion Earbuds,Accessories,East India,1,2,25,5,1,1.0,6.724284
2023-09-16,Fusion Earbuds,Accessories,East India,4,9,16,5,3,2.0,7.6340203
2024-02-24,Fusion Earbuds,Accessories,East India,1,2,24,5,1,1.0,7.121498
2024-12-21,Fusion Earbuds,Accessories,East India,2,12,21,5,4,1.0,7.177104
2021-02-02,Fusion Earbuds,Accessories,North India,4,2,2,1,1,19.0,8.307797
2021-03-07,Fusion Earbuds,Accessories,North India,4,3,7,6,1,2.0,10.450222
2021-05-21,Fusion Earbuds,Accessories,North India,48,5,21,4,2,17.0,9.615926
2021-06-27,Fusion Earbuds,Accessories,North India,76,6,27,6,2,1.0,7.3319936
2021-10-28,Fusion Earbuds,Accessories,North India,6,10,28,3,4,16.0,5.52609
2021-12-15,Fusion Earbuds,Accessories,North India,2,12,15,2,4,1.0,4.674349
2022-01-17,Fusion Earbuds,Accessories,North India,1,1,17,0,1,2.0,4.572683
2022-03-27,Fusion Earbuds,Accessories,North India,1,3,27,6,1,2.0,5.0940742
2022-09-27,Fusion Earbuds,Accessories,North India,4,9,27,1,3,1.0,5.2871137
2023-01-25,Fusion Earbuds,Accessories,North India,2,1,25,2,1,4.0,4.8532505
2023-05-10,Fusion Earbuds,Accessories,North India,44,5,10,2,2,1.0,7.4060574
2023-07-05,Fusion Earbuds,Accessories,North India,1,7,5,2,3,15.0,22.320375
2023-10-15,Fusion Earbuds,Accessories,North India,3,10,15,6,4,6.0,7.6233444
2024-02-16,Fusion Earbuds,Accessories,North India,3,2,16,4,1,5.0,31.61018
2024-05-27,Fusion Earbuds,Accessories,North India,1,5,27,0,2,13.0,11.0678625
2024-07-28,Fusion Earbuds,Accessories,North India,1,7,28,6,3,1.0,11.723873
2021-03-17,Fusion Earbuds,Accessories,South India,4,3,17,2,1,5.0,11.761562
2021-04-22,Fusion Earbuds,Accessories,South India,2,4,22,3,2,6.0,9.228899
2021-06-27,Fusion Earbuds,Accessories,South India,2,6,27,6,2,48.0,12.165476
2021-09-22,Fusion Earbuds,Accessories,South India,2,9,22,2,3,2.0,8.263323
2021-11-06,Fusion Earbuds,Accessories,South India,3,11,6,5,4,90.0,8.036464
2022-02-26,Fusion Earbuds,Accessories,South India,1,2,26,5,1,93.0,10.465244
2022-05-29,Fusion Earbuds,Accessories,South India,7,5,29,6,2,5.0,5.834157
2022-09-14,Fusion Earbuds,Accessories,South India,48,9,14,2,3,34.0,8.343672
2022-10-21,Fusion Earbuds,Accessories,South India,5,10,21,4,4,5.0,7.00967
2022-12-06,Fusion Earbuds,Accessories,South India,3,12,6,1,4,2.0,16.627913
2023-01-15,Fusion Earbuds,Accessories,South India,4,1,15,6,1,2.0,10.815804
2023-04-22,Fusion Earbuds,Accessories,South India,27,4,22,5,2,1.0,7.9754987
2023-10-04,Fusion Earbuds,Accessories,South India,2,10,4,2,4,4.0,10.550421
2023-11-15,Fusion Earbuds,Accessories,South India,3,11,15,2,4,41.0,10.21013
2024-06-07,Fusion Earbuds,Accessories,South India,3,6,7,4,2,43.0,9.098076
2021-01-25,Fusion Earbuds,Accessories,West India,2,1,25,0,1,10.0,8.749291
2021-02-28,Fusion Earbuds,Accessories,West India,5,2,28,6,1,1.0,6.934366
2021-05-10,Fusion Earbuds,Accessories,West India,121,5,10,0,2,2.0,12.600739
2021-08-08,Fusion Earbuds,Accessories,West India,43,8,8,6,3,5.0,7.778768
2021-10-22,Fusion Earbuds,Accessories,West India,2,10,22,4,4,2.0,10.324956
2022-01-06,Fusion Earbuds,Accessories,West India,2,1,6,3,1,1.0,10.3634615
2022-06-15,Fusion Earbuds,Accessories,West India,2,6,15,2,2,3.0,7.5889034
2023-10-30,Fusion Earbuds,Accessories,West India,2,10,30,0,4,3.0,10.30553
2023-12-16,Fusion Earbuds,Accessories,West India,1,12,16,5,4,1.0,9.991435
2024-03-12,Fusion Earbuds,Accessories,West India,1,3,12,1,1,3.0,8.733787
2024-10-25,Fusion Earbuds,Accessories,West India,50,10,25,4,4,7.0,15.9425
2021-04-13,Fusion Keyboard,Accessories,Central India,2,4,13,1,2,0.0,12.345832
2021-08-14,Fusion Keyboard,Accessories,Central India,24,8,14,5,3,3.0,10.650136
2022-05-04,Fusion Keyboard,Accessories,Central India,1,5,4,2,2,1.0,7.7679105
2022-10-10,Fusion Keyboard,Accessories,Central India,2,10,10,0,4,2.0,7.994772
2023-10-05,Fusion Keyboard,Accessories,Central India,1,10,5,3,4,1.0,9.457477
2024-09-13,Fusion Keyboard,Accessories,Central India,3,9,13,4,3,1.0,6.41186
2021-05-21,Fusion Keyboard,Accessories,East India,3,5,21,4,2,1.0,9.0739765
2021-08-18,Fusion Keyboard,Accessories,East India,1,8,18,2,3,6.0,11.281885
2021-11-16,Fusion Keyboard,Accessories,East India,3,11,16,1,4,2.0,8.857393
2022-02-19,Fusion Keyboard,Accessories,East India,2,2,19,5,1,1.0,12.299968
2023-02-04,Fusion Keyboard,Accessories,East India,1,2,4,5,1,1.0,7.9714103
2023-09-30,Fusion Keyboard,Accessories,East India,4,9,30,5,3,1.0,8.145871
2024-03-26,Fusion Keyboard,Accessories,East India,1,3,26,1,1,1.0,12.944807
2021-08-04,Fusion Keyboard,Accessories,North India,2,8,4,2,3,1.0,7.773226
2021-10-13,Fusion Keyboard,Accessories,North India,5,10,13,2,4,2.0,11.420912
2022-01-10,Fusion Keyboard,Accessories,North India,3,1,10,0,1,1.0,8.081962
2022-02-26,Fusion Keyboard,Accessories,North India,3,2,26,5,1,4.0,8.081962
2023-03-29,Fusion Keyboard,Accessories,North India,2,3,29,2,1,4.0,10.9345875
2024-02-07,Fusion Keyboard,Accessories,North India,1,2,7,2,1,2.0,7.6842504
2024-08-10,Fusion Keyboard,Accessories,North India,3,8,10,5,3,1.0,8.727285
2024-10-01,Fusion Keyboard,Accessories,North India,1,10,1,1,4,2.0,8.311578
2024-11-18,Fusion Keyboard,Accessories,North India,70,11,18,0,4,1.0,13.2344885
2021-11-24,Fusion Keyboard,Accessories,South India,6,11,24,2,4,2.0,12.178696
2022-03-31,Fusion Keyboard,Accessories,South India,3,3,31,3,1,6.0,12.616767
2022-08-08,Fusion Keyboard,Accessories,South India,3,8,8,0,3,1.0,12.424735
2022-10-01,Fusion Keyboard,Accessories,South India,8,10,1,5,4,3.0,8.688742
2023-06-16,Fusion Keyboard,Accessories,South India,1,6,16,4,2,49.0,8.601956
2023-08-24,Fusion Keyboard,Accessories,South India,1,8,24,3,3,1.0,6.2692723
2024-01-29,Fusion Keyboard,Accessories,South India,2,1,29,0,1,1.0,5.7859178
2024-03-17,Fusion Keyboard,Accessories,South India,2,3,17,6,1,2.0,8.815083
2024-05-01,Fusion Keyboard,Accessories,South India,1,5,1,2,2,2.0,8.4917555
2024-06-25,Fusion Keyboard,Accessories,South India,2,6,25,1,2,1.0,10.327274
2024-11-11,Fusion Keyboard,Accessories,South India,8,11,11,0,4,6.0,6.6364737
2021-05-07,Fusion Keyboard,Accessories,West India,4,5,7,4,2,3.0,6.49465
2021-06-29,Fusion Keyboard,Accessories,West India,4,6,29,1,2,5.0,8.32482
2021-08-25,Fusion Keyboard,Accessories,West India,1,8,25,2,3,1.0,10.564267
2021-11-16,Fusion Keyboard,Accessories,West India,100,11,16,1,4,4.0,6.1901617
2021-12-29,Fusion Keyboard,Accessories,West India,3,12,29,2,4,2.0,9.940077
2022-04-18,Fusion Keyboard,Accessories,West India,1,4,18,0,2,1.0,9.321988
2022-06-24,Fusion Keyboard,Accessories,West India,1,6,24,4,2,3.0,17.800468
2022-09-21,Fusion Keyboard,Accessories,West India,3,9,21,2,3,12.0,6.1709757
2022-11-03,Fusion Keyboard,Accessories,West India,20,11,3,3,4,2.0,6.496192
2023-03-22,Fusion Keyboard,Accessories,West India,1,3,22,2,1,91.0,8.737429
2023-06-01,Fusion Keyboard,Accessories,West India,2,6,1,3,2,3.0,6.9632144
2023-08-08,Fusion Keyboard,Accessories,West India,2,8,8,1,3,2.0,5.5713563
2023-10-19,Fusion Keyboard,Accessories,West India,1,10,19,3,4,1.0,8.584698
2024-01-04,Fusion Keyboard,Accessories,West India,1,1,4,3,1,1.0,7.164484
2024-03-06,Fusion Keyboard,Accessories,West India,1,3,6,2,1,23.0,7.8234425
2024-04-28,Fusion Keyboard,Accessories,West India,2,4,28,6,2,56.0,5.1414847
2024-06-22,Fusion Keyboard,Accessories,West India,3,6,22,5,2,2.0,5.9660482
2024-08-15,Fusion Keyboard,Accessories,West India,2,8,15,3,3,2.0,11.948113
2024-10-19,Fusion Keyboard,Accessories,West India,4,10,19,5,4,2.0,5.899209
2021-09-01,Fusion Mouse,Accessories,Central India,1,9,1,2,3,77.0,6.3811812
2022-06-23,Fusion Mouse,Accessories,Central India,1,6,23,3,2,2.0,5.010756
2022-11-25,Fusion Mouse,Accessories,Central India,4,11,25,4,4,36.0,5.5977583
2024-08-26,Fusion Mouse,Accessories,Central India,1,8,26,0,3,189.0,7.1420484
2021-05-06,Fusion Mouse,Accessories,East India,119,5,6,3,2,5.0,7.4024115
2021-10-21,Fusion Mouse,Accessories,East India,1,10,21,3,4,3.0,9.306145
2022-01-10,Fusion Mouse,Accessories,East India,1,1,10,0,1,2.0,6.2910595
2022-04-27,Fusion Mouse,Accessories,East India,1,4,27,2,2,1.0,8.276611
2022-09-06,Fusion Mouse,Accessories,East India,3,9,6,1,3,2.0,5.7520967
2023-03-10,Fusion Mouse,Accessories,East India,3,3,10,4,1,1.0,6.0955057
2023-06-24,Fusion Mouse,Accessories,East India,1,6,24,5,2,2.0,5.644864
2023-09-29,Fusion Mouse,Accessories,East India,1,9,29,4,3,1.0,8.865285
2023-11-30,Fusion Mouse,Accessories,East India,2,11,30,3,4,42.0,5.762322
2024-11-29,Fusion Mouse,Accessories,East India,1,11,29,4,4,2.0,6.521951
2021-06-02,Fusion Mouse,Accessories,North India,2,6,2,2,2,1.0,5.7902308
2021-07-10,Fusion Mouse,Accessories,North India,1,7,10,5,3,2.0,8.105753
2021-08-20,Fusion Mouse,Accessories,North India,3,8,20,4,3,3.0,4.885297
2021-11-14,Fusion Mouse,Accessories,North India,3,11,14,6,4,2.0,9.01036
2022-02-23,Fusion Mouse,Accessories,North India,1,2,23,2,1,1.0,5.131915
2022-04-11,Fusion Mouse,Accessories,North India,1,4,11,0,2,3.0,5.0608106
2022-05-22,Fusion Mouse,Accessories,North India,2,5,22,6,2,2.0,7.8970637
2023-01-12,Fusion Mouse,Accessories,North India,2,1,12,3,1,2.0,5.378336
2023-07-06,Fusion Mouse,Accessories,North India,2,7,6,3,3,3.0,5.6165805
2023-09-03,Fusion Mouse,Accessories,North India,25,9,3,6,3,1.0,6.9814262
2023-10-22,Fusion Mouse,Accessories,North India,1,10,22,6,4,4.0,6.462428
2023-12-15,Fusion Mouse,Accessories,North India,1,12,15,4,4,1.0,5.8027744
2024-05-21,Fusion Mouse,Accessories,North India,43,5,21,1,2,1.0,4.9321404
2021-04-30,Fusion Mouse,Accessories,South India,37,4,30,4,2,155.0,5.659928
2021-11-15,Fusion Mouse,Accessories,South India,12,11,15,0,4,2.0,5.5672865
2021-12-11,Fusion Mouse,Accessories,South India,3,12,11,5,4,2.0,5.063453
2022-10-05,Fusion Mouse,Accessories,South India,1,10,5,2,4,2.0,6.090138
2023-03-29,Fusion Mouse,Accessories,South India,1,3,29,2,1,1.0,5.801638
2023-07-06,Fusion Mouse,Accessories,South India,2,7,6,3,3,5.0,8.78904
2023-10-11,Fusion Mouse,Accessories,South India,41,10,11,2,4,2.0,5.9733047
2024-07-06,Fusion Mouse,Accessories,South India,2,7,6,5,3,3.0,8.697055
2024-11-29,Fusion Mouse,Accessories,South India,3,11,29,4,4,3.0,8.874603
2021-06-09,Fusion Mouse,Accessories,West India,2,6,9,2,2,43.0,7.4935937
2022-06-22,Fusion Mouse,Accessories,West India,43,6,22,2,2,2.0,17.114822
2022-12-11,Fusion Mouse,Accessories,West India,1,12,11,6,4,13.0,7.3888683
2023-07-03,Fusion Mouse,Accessories,West India,2,7,3,0,3,94.0,9.382388
2023-09-16,Fusion Mouse,Accessories,West India,1,9,16,5,3,3.0,9.167316
2024-01-09,Fusion Mouse,Accessories,West India,148,1,9,1,1,2.0,8.171412
2024-03-15,Fusion Mouse,Accessories,West India,4,3,15,4,1,2.0,13.490777
2024-10-23,Fusion Mouse,Accessories,West India,4,10,23,2,4,7.0,11.597119
2022-05-13,Fusion Watch Lite,Wearables,Central India,28,5,13,4,2,2.0,20.45692
2022-03-09,Fusion Watch Lite,Wearables,East India,1,3,9,2,1,1.0,9.462215
2021-11-30,Fusion Watch Lite,Wearables,North India,1,11,30,1,4,2.0,10.909613
2022-07-05,Fusion Watch Lite,Wearables,North India,1,7,5,1,3,1.0,10.552446
2023-05-13,Fusion Watch Lite,Wearables,North India,1,5,13,5,2,2.0,15.20825
2024-06-13,Fusion Watch Lite,Wearables,North India,1,6,13,3,2,33.0,21.402224
2021-10-30,Fusion Watch Lite,Wearables,South India,3,10,30,5,4,2.0,13.17721
2022-05-19,Fusion Watch Lite,Wearables,South India,1,5,19,3,2,1.0,20.218412
2022-12-08,Fusion Watch Lite,Wearables,South India,1,12,8,3,4,2.0,12.520123
2023-08-22,Fusion Watch Lite,Wearables,South India,23,8,22,1,3,2.0,10.195364
2023-12-22,Fusion Watch Lite,Wearables,South India,1,12,22,4,4,1.0,22.751593
2024-11-09,Fusion Watch Lite,Wearables,South India,1,11,9,5,4,1.0,11.525339
2022-08-07,Fusion Watch Lite,Wearables,West India,46,8,7,6,3,1.0,11.792443
2023-12-26,Fusion Watch Lite,Wearables,West India,1,12,26,1,4,1.0,8.820039
2022-03-07,Fusion Watch Pro,Wearables,North India,1,3,7,0,1,1.0,9.79922
2022-07-15,Fusion Watch Pro,Wearables,North India,1,7,15,4,3,1.0,9.547154
2023-01-21,Fusion Watch Pro,Wearables,North India,1,1,21,5,1,1.0,9.43646
2023-05-29,Fusion Watch Pro,Wearables,North India,1,5,29,0,2,12.0,10.031556
2024-05-21,Fusion Watch Pro,Wearables,North India,1,5,21,1,2,1.0,10.653535
2024-10-21,Fusion Watch Pro,Wearables,North India,1,10,21,0,4,1.0,9.923588
2022-11-06,Fusion Watch Pro,Wearables,South India,1,11,6,6,4,2.0,12.859776
2023-04-14,Fusion Watch Pro,Wearables,South India,20,4,14,4,2,3.0,6.5921626
2024-03-30,Fusion Watch Pro,Wearables,South India,1,3,30,5,1,1.0,8.654327
2022-11-18,Fusion Watch Pro,Wearables,West India,1,11,18,4,4,2.0,7.204927
2023-11-22,Fusion Watch Pro,Wearables,West India,1,11,22,2,4,1.0,10.212651
2024-07-08,Fusion Watch Pro,Wearables,West India,1,7,8,0,3,1.0,10.353907
2021-09-22,FusionBook Air,Laptops,Central India,167,9,22,2,3,47.0,7.8005943
2023-08-26,FusionBook Air,Laptops,Central India,39,8,26,5,3,1.0,7.6867037
2024-02-11,FusionBook Air,Laptops,Central India,18,2,11,6,1,16.0,7.223913
2021-09-27,FusionBook Air,Laptops,East India,37,9,27,0,3,83.0,9.654838
2022-01-22,FusionBook Air,Laptops,East India,39,1,22,5,1,94.0,7.221299
2023-03-14,FusionBook Air,Laptops,East India,1,3,14,1,1,173.0,6.0910068
2023-09-29,FusionBook Air,Laptops,East India,216,9,29,4,3,1.0,5.275548
2021-06-09,FusionBook Air,Laptops,North India,92,6,9,2,2,54.0,7.3090544
2021-08-01,FusionBook Air,Laptops,North India,24,8,1,6,3,123.0,5.667718
2021-10-08,FusionBook Air,Laptops,North India,29,10,8,4,4,69.0,15.113447
2023-02-20,FusionBook Air,Laptops,North India,108,2,20,0,1,69.0,21.64524
2023-06-18,FusionBook Air,Laptops,North India,2,6,18,6,2,1.0,9.137094
2023-09-11,FusionBook Air,Laptops,North India,1,9,11,0,3,9.0,16.29773
2021-02-03,FusionBook Air,Laptops,South India,148,2,3,2,1,92.0,11.256441
2021-03-29,FusionBook Air,Laptops,South India,47,3,29,0,1,180.0,11.139686
2021-05-20,FusionBook Air,Laptops,South India,45,5,20,3,2,17.0,8.746051
2021-07-21,FusionBook Air,Laptops,South India,46,7,21,2,3,72.0,10.348631
2021-09-18,FusionBook Air,Laptops,South India,34,9,18,5,3,134.0,5.532513
2021-11-10,FusionBook Air,Laptops,South India,1,11,10,2,4,3.0,8.036464
2022-04-17,FusionBook Air,Laptops,South India,1,4,17,6,2,37.0,11.752557
2022-11-17,FusionBook Air,Laptops,South India,13,11,17,3,4,1.0,9.504921
2023-10-18,FusionBook Air,Laptops,South India,173,10,18,2,4,58.0,9.283447
2021-01-15,FusionBook Air,Laptops,West India,28,1,15,4,1,0.0,7.5135493
2021-04-11,FusionBook Air,Laptops,West India,180,4,11,6,2,88.0,7.881162
2021-08-24,FusionBook Air,Laptops,West India,1,8,24,1,3,13.0,13.416574
2022-03-11,FusionBook Air,Laptops,West India,1,3,11,4,1,2.0,9.53294
2022-07-30,FusionBook Air,Laptops,West India,1,7,30,5,3,2.0,9.295091
2023-03-27,FusionBook Air,Laptops,West India,1,3,27,0,1,1.0,8.77856
2023-05-25,FusionBook Air,Laptops,West India,46,5,25,3,2,35.0,8.77856
2023-09-22,FusionBook Air,Laptops,West India,96,9,22,4,3,7.0,14.885869
2024-06-02,FusionBook Air,Laptops,West India,32,6,2,6,2,248.0,8.590393
2024-08-02,FusionBook Air,Laptops,West India,1,8,2,4,3,1.0,9.352162
2024-10-08,FusionBook Air,Laptops,West India,2,10,8,1,4,3.0,7.853093
2021-10-10,FusionBook Pro,Laptops,Central India,32,10,10,6,4,1.0,8.267799
2022-02-08,FusionBook Pro,Laptops,Central India,11,2,8,1,1,32.0,7.994772
2024-08-12,FusionBook Pro,Laptops,Central India,35,8,12,0,3,1.0,7.4059258
2022-07-06,FusionBook Pro,Laptops,East India,1,7,6,2,3,2.0,10.454512
2023-04-22,FusionBook Pro,Laptops,East India,1,4,22,5,2,1.0,7.7445483
2023-08-12,FusionBook Pro,Laptops,East India,23,8,12,5,3,1.0,8.145871
2021-07-23,FusionBook Pro,Laptops,North India,1,7,23,4,3,1.0,7.773226
2022-04-24,FusionBook Pro,Laptops,North India,1,4,24,6,2,14.0,8.871999
2022-06-20,FusionBook Pro,Laptops,North India,18,6,20,0,2,1.0,8.798599
2022-08-15,FusionBook Pro,Laptops,North India,19,8,15,0,3,81.0,9.949588
2022-10-07,FusionBook Pro,Laptops,North India,36,10,7,4,4,16.0,8.045992
2023-01-12,FusionBook Pro,Laptops,North India,7,1,12,3,1,181.0,8.335874
2023-03-07,FusionBook Pro,Laptops,North India,36,3,7,1,1,26.0,6.8283076
2023-05-20,FusionBook Pro,Laptops,North India,1,5,20,5,2,37.0,9.782691
2023-07-18,FusionBook Pro,Laptops,North India,14,7,18,1,3,48.0,7.531026
2023-11-01,FusionBook Pro,Laptops,North India,1,11,1,2,4,1.0,7.793099
2024-03-06,FusionBook Pro,Laptops,North India,131,3,6,2,1,1.0,7.8565717
2024-06-01,FusionBook Pro,Laptops,North India,46,6,1,5,2,17.0,9.092097
2024-09-11,FusionBook Pro,Laptops,North India,12,9,11,2,3,1.0,8.110626
2021-06-25,FusionBook Pro,Laptops,South India,51,6,25,4,2,2.0,11.817017
2021-12-17,FusionBook Pro,Laptops,South India,97,12,17,4,4,64.0,10.61913
2022-06-08,FusionBook Pro,Laptops,South India,133,6,8,2,2,13.0,7.372029
2022-12-04,FusionBook Pro,Laptops,South India,1,12,4,6,4,2.0,12.090605
2024-04-01,FusionBook Pro,Laptops,South India,6,4,1,0,2,4.0,10.082902
2024-07-09,FusionBook Pro,Laptops,South India,15,7,9,1,3,47.0,5.856109
2024-08-19,FusionBook Pro,Laptops,South India,29,8,19,0,3,8.0,6.5994115
2024-09-29,FusionBook Pro,Laptops,South India,40,9,29,6,3,2.0,5.9637566
2024-11-04,FusionBook Pro,Laptops,South India,1,11,4,0,4,81.0,7.371279
2024-12-23,FusionBook Pro,Laptops,South India,1,12,23,0,4,1.0,6.49465
2021-10-18,FusionBook Pro,Laptops,West India,1,10,18,0,4,126.0,6.3272905
2021-11-24,FusionBook Pro,Laptops,West India,2,11,24,2,4,2.0,6.257832
2022-04-15,FusionBook Pro,Laptops,West India,89,4,15,4,2,42.0,5.264021
2022-06-18,FusionBook Pro,Laptops,West India,135,6,18,5,2,75.0,6.343307
2022-10-17,FusionBook Pro,Laptops,West India,121,10,17,0,4,56.0,6.171938
2023-03-14,FusionBook Pro,Laptops,West India,189,3,14,1,1,177.0,8.737429
2023-05-06,FusionBook Pro,Laptops,West India,1,5,6,5,2,35.0,6.289396
2023-07-12,FusionBook Pro,Laptops,West India,1,7,12,2,3,107.0,8.445304
2023-09-04,FusionBook Pro,Laptops,West India,1,9,4,0,3,49.0,7.164484
2024-01-06,FusionBook Pro,Laptops,West India,63,1,6,5,1,176.0,5.074377
2024-05-04,FusionBook Pro,Laptops,West India,2,5,4,5,2,1.0,11.845481
2024-07-07,FusionBook Pro,Laptops,West India,118,7,7,6,3,1.0,11.40559
2024-11-12,FusionBook Pro,Laptops,West India,1,11,12,1,4,2.0,5.6632457
2022-10-06,FusionBook Ultra,Laptops,Central India,29,10,6,3,4,1.0,5.5801463
2023-05-31,FusionBook Ultra,Laptops,Central India,121,5,31,2,2,1.0,5.059294
2023-11-07,FusionBook Ultra,Laptops,Central India,20,11,7,1,4,1.0,6.93339
2024-06-23,FusionBook Ultra,Laptops,Central India,26,6,23,6,2,1.0,7.7857475
2023-11-07,FusionBook Ultra,Laptops,East India,55,11,7,1,4,1.0,7.6456437
2024-02-20,FusionBook Ultra,Laptops,East India,11,2,20,1,1,1.0,6.0955057
2024-06-08,FusionBook Ultra,Laptops,East India,98,6,8,5,2,1.0,5.4736047
2022-04-19,FusionBook Ultra,Laptops,North India,1,4,19,1,2,2.0,5.786256
2022-06-12,FusionBook Ultra,Laptops,North India,2,6,12,6,2,53.0,8.398878
2022-07-21,FusionBook Ultra,Laptops,North India,2,7,21,3,3,1.0,6.865542
2022-09-16,FusionBook Ultra,Laptops,North India,2,9,16,4,3,1.0,6.521951
2023-01-17,FusionBook Ultra,Laptops,North India,18,1,17,1,1,37.0,6.3478703
2023-03-02,FusionBook Ultra,Laptops,North India,1,3,2,3,1,227.0,6.1795607
2023-05-05,FusionBook Ultra,Laptops,North India,73,5,5,4,2,45.0,4.885297
2023-07-06,FusionBook Ultra,Laptops,North India,73,7,6,3,3,1.0,7.977584
2023-10-29,FusionBook Ultra,Laptops,North India,76,10,29,6,4,27.0,8.91522
2024-03-13,FusionBook Ultra,Laptops,North India,8,3,13,2,1,75.0,5.296173
2024-05-14,FusionBook Ultra,Laptops,North India,70,5,14,1,2,2.0,5.0722156
2024-09-05,FusionBook Ultra,Laptops,North India,1,9,5,3,3,1.0,6.0887065
2023-02-24,FusionBook Ultra,Laptops,South India,1,2,24,4,1,37.0,7.166153
2024-06-06,FusionBook Ultra,Laptops,South India,1,6,6,3,2,94.0,5.9256496
2024-07-19,FusionBook Ultra,Laptops,South India,1,7,19,4,3,1.0,10.267346
2022-08-28,FusionBook Ultra,Laptops,West India,11,8,28,6,3,1.0,8.540462
2022-10-25,FusionBook Ultra,Laptops,West India,22,10,25,1,4,16.0,5.6771674
2023-01-21,FusionBook Ultra,Laptops,West India,70,1,21,5,1,90.0,6.9441876
2023-05-06,FusionBook Ultra,Laptops,West India,33,5,6,5,2,12.0,9.274522
2023-12-10,FusionBook Ultra,Laptops,West India,51,12,10,6,4,1.0,6.635895
2024-02-10,FusionBook Ultra,Laptops,West India,2,2,10,5,1,1.0,9.128474
2021-03-11,FusionPhone Lite,Smartphones,Central India,3,3,11,3,1,1.0,5.8806825
2021-05-06,FusionPhone Lite,Smartphones,Central India,1,5,6,3,2,2.0,6.5945716
2021-02-26,FusionPhone Lite,Smartphones,East India,1,2,26,4,1,21.0,10.186821
2021-07-05,FusionPhone Lite,Smartphones,East India,3,7,5,0,3,1.0,7.6174164
2022-10-30,FusionPhone Lite,Smartphones,East India,1,10,30,6,4,2.0,9.277386
2023-05-11,FusionPhone Lite,Smartphones,East India,2,5,11,3,2,1.0,8.083441
2023-09-18,FusionPhone Lite,Smartphones,East India,1,9,18,0,3,1.0,10.167809
2023-11-27,FusionPhone Lite,Smartphones,East India,1,11,27,0,4,1.0,13.722996
2021-02-09,FusionPhone Lite,Smartphones,North India,72,2,9,1,1,85.0,9.462215
2021-03-23,FusionPhone Lite,Smartphones,North India,16,3,23,1,1,5.0,16.766697
2022-01-30,FusionPhone Lite,Smartphones,North India,2,1,30,6,1,2.0,20.022755
2022-06-29,FusionPhone Lite,Smartphones,North India,2,6,29,2,2,4.0,10.084669
2022-08-21,FusionPhone Lite,Smartphones,North India,1,8,21,6,3,9.0,23.380716
2022-10-20,FusionPhone Lite,Smartphones,North India,35,10,20,3,4,4.0,9.780022
2023-04-19,FusionPhone Lite,Smartphones,North India,1,4,19,2,2,2.0,11.652757
2023-08-22,FusionPhone Lite,Smartphones,North India,38,8,22,1,3,1.0,9.289929
2023-10-20,FusionPhone Lite,Smartphones,North India,2,10,20,4,4,1.0,16.048874
2024-02-25,FusionPhone Lite,Smartphones,North India,3,2,25,6,1,1.0,12.461775
2024-05-24,FusionPhone Lite,Smartphones,North India,2,5,24,4,2,1.0,18.69926
2024-08-26,FusionPhone Lite,Smartphones,North India,2,8,26,0,3,3.0,19.705456
2024-11-16,FusionPhone Lite,Smartphones,North India,23,11,16,5,4,3.0,6.468006
2021-03-07,FusionPhone Lite,Smartphones,South India,18,3,7,6,1,10.0,16.56927
2021-05-13,FusionPhone Lite,Smartphones,South India,53,5,13,3,2,6.0,17.300406
2021-07-23,FusionPhone Lite,Smartphones,South India,6,7,23,4,3,4.0,10.585834
2021-10-09,FusionPhone Lite,Smartphones,South India,10,10,9,5,4,4.0,11.538012
2021-12-18,FusionPhone Lite,Smartphones,South India,2,12,18,5,4,1.0,9.947517
2022-02-21,FusionPhone Lite,Smartphones,South India,1,2,21,0,1,4.0,9.7839
2022-05-03,FusionPhone Lite,Smartphones,South India,1,5,3,1,2,3.0,9.213857
2022-06-21,FusionPhone Lite,Smartphones,South India,67,6,21,1,2,3.0,16.967304
2022-08-04,FusionPhone Lite,Smartphones,South India,3,8,4,3,3,1.0,13.158231
2022-09-26,FusionPhone Lite,Smartphones,South India,29,9,26,0,3,2.0,16.651888
2023-11-05,FusionPhone Lite,Smartphones,South India,37,11,5,6,4,5.0,15.32253
2024-07-21,FusionPhone Lite,Smartphones,South India,3,7,21,6,3,3.0,9.85163
2024-11-24,FusionPhone Lite,Smartphones,South India,2,11,24,6,4,3.0,6.128613
2021-02-06,FusionPhone Lite,Smartphones,West India,30,2,6,5,1,4.0,7.337159
2021-08-21,FusionPhone Lite,Smartphones,West India,21,8,21,5,3,32.0,11.281996
2021-12-24,FusionPhone Lite,Smartphones,West India,1,12,24,4,4,2.0,8.118573
2022-04-27,FusionPhone Lite,Smartphones,West India,2,4,27,2,2,3.0,11.400226
2022-07-30,FusionPhone Lite,Smartphones,West India,1,7,30,5,3,1.0,8.412112
2022-09-11,FusionPhone Lite,Smartphones,West India,1,9,11,6,3,1.0,6.0910068
2022-10-26,FusionPhone Lite,Smartphones,West India,6,10,26,2,4,41.0,5.95132
2023-03-04,FusionPhone Lite,Smartphones,West India,3,3,4,5,1,30.0,4.8083425
2023-08-21,FusionPhone Lite,Smartphones,West India,34,8,21,0,3,1.0,5.843581
2024-03-20,FusionPhone Lite,Smartphones,West India,43,3,20,2,1,2.0,7.961307
2024-05-09,FusionPhone Lite,Smartphones,West India,10,5,9,3,2,4.0,16.036104
2024-10-21,FusionPhone Lite,Smartphones,West India,4,10,21,0,4,57.0,29.825989
2022-10-30,FusionPhone Ultra,Smartphones,Central India,1,10,30,6,4,1.0,11.11858
2023-11-18,FusionPhone Ultra,Smartphones,Central India,1,11,18,5,4,1.0,17.449282
2024-04-04,FusionPhone Ultra,Smartphones,Central India,1,4,4,3,2,1.0,9.202168
2023-02-24,FusionPhone Ultra,Smartphones,East India,1,2,24,4,1,1.0,11.470831
2024-01-31,FusionPhone Ultra,Smartphones,East India,1,1,31,2,1,2.0,11.955933
2024-04-26,FusionPhone Ultra,Smartphones,East India,1,4,26,4,2,1.0,6.9713783
2024-09-11,FusionPhone Ultra,Smartphones,East India,1,9,11,2,3,1.0,11.256441
2024-12-20,FusionPhone Ultra,Smartphones,East India,2,12,20,4,4,1.0,18.00765
2023-01-06,FusionPhone Ultra,Smartphones,North India,1,1,6,4,1,2.0,15.662735
2023-05-14,FusionPhone Ultra,Smartphones,North India,2,5,14,6,2,21.0,8.036464
2023-07-11,FusionPhone Ultra,Smartphones,North India,1,7,11,1,3,1.0,8.036464
2023-11-17,FusionPhone Ultra,Smartphones,North India,5,11,17,4,4,1.0,23.708845
2024-03-27,FusionPhone Ultra,Smartphones,North India,2,3,27,2,1,3.0,12.322006
2024-07-05,FusionPhone Ultra,Smartphones,North India,1,7,5,4,3,1.0,8.38281
2024-11-26,FusionPhone Ultra,Smartphones,North India,62,11,26,1,4,6.0,1.8460382
2023-05-14,FusionPhone Ultra,Smartphones,South India,1,5,14,6,2,3.0,10.246342
2024-01-23,FusionPhone Ultra,Smartphones,South India,1,1,23,1,1,5.0,7.986775
2024-04-22,FusionPhone Ultra,Smartphones,South India,26,4,22,0,2,1.0,5.706922
2024-08-25,FusionPhone Ultra,Smartphones,South India,2,8,25,6,3,1.0,12.023309
2022-11-10,FusionPhone Ultra,Smartphones,West India,64,11,10,3,4,3.0,7.5135493
2023-10-12,FusionPhone Ultra,Smartphones,West India,2,10,12,3,4,3.0,7.3389783
2024-03-04,FusionPhone Ultra,Smartphones,West India,1,3,4,0,1,3.0,7.831817
2024-04-17,FusionPhone Ultra,Smartphones,West India,2,4,17,2,2,1.0,7.831817
2021-09-22,FusionPhone X,Smartphones,Central India,2,9,22,2,3,1.0,11.330746
2022-03-17,FusionPhone X,Smartphones,Central India,2,3,17,3,1,2.0,7.755233
2022-08-05,FusionPhone X,Smartphones,Central India,1,8,5,4,3,1.0,7.681832
2023-05-27,FusionPhone X,Smartphones,Central India,1,5,27,5,2,1.0,7.7679105
2023-10-19,FusionPhone X,Smartphones,Central India,1,10,19,3,4,1.0,7.7679105
2024-07-05,FusionPhone X,Smartphones,Central India,1,7,5,4,3,1.0,14.210601
2021-11-01,FusionPhone X,Smartphones,East India,14,11,1,0,4,23.0,9.127442
2021-12-20,FusionPhone X,Smartphones,East India,1,12,20,0,4,1.0,8.02182
2022-02-25,FusionPhone X,Smartphones,East India,1,2,25,4,1,1.0,6.514254
2022-07-31,FusionPhone X,Smartphones,East India,1,7,31,6,3,1.0,16.215893
2024-05-31,FusionPhone X,Smartphones,East India,1,5,31,4,2,1.0,8.286906
2024-08-27,FusionPhone X,Smartphones,East India,1,8,27,1,3,14.0,9.733537
2021-09-05,FusionPhone X,Smartphones,North India,24,9,5,6,3,14.0,8.661656
2021-12-03,FusionPhone X,Smartphones,North India,1,12,3,4,4,1.0,11.12004
2022-01-27,FusionPhone X,Smartphones,North India,1,1,27,3,1,1.0,9.058395
2022-03-12,FusionPhone X,Smartphones,North India,3,3,12,5,1,1.0,12.321106
2022-09-30,FusionPhone X,Smartphones,North India,4,9,30,4,3,4.0,8.871999
2023-05-20,FusionPhone X,Smartphones,North India,2,5,20,5,2,2.0,8.081962
2024-04-27,FusionPhone X,Smartphones,North India,4,4,27,5,2,1.0,8.827902
2024-08-01,FusionPhone X,Smartphones,North India,2,8,1,3,3,30.0,9.065655
2024-11-14,FusionPhone X,Smartphones,North India,3,11,14,3,4,1.0,7.709304
2021-12-11,FusionPhone X,Smartphones,South India,2,12,11,5,4,3.0,8.236964
2022-03-07,FusionPhone X,Smartphones,South India,4,3,7,0,1,6.0,15.96679
2022-04-19,FusionPhone X,Smartphones,South India,1,4,19,1,2,2.0,10.399545
2022-05-30,FusionPhone X,Smartphones,South India,2,5,30,0,2,1.0,11.991275
2022-07-01,FusionPhone X,Smartphones,South India,2,7,1,4,3,38.0,8.257266
2022-08-17,FusionPhone X,Smartphones,South India,1,8,17,2,3,16.0,8.177197
2022-11-12,FusionPhone X,Smartphones,South India,35,11,12,5,4,4.0,8.89858
2022-12-29,FusionPhone X,Smartphones,South India,4,12,29,3,4,3.0,7.834627
2023-02-08,FusionPhone X,Smartphones,South India,5,2,8,2,1,2.0,9.89533
2023-07-30,FusionPhone X,Smartphones,South India,1,7,30,6,3,2.0,8.731922
2024-01-26,FusionPhone X,Smartphones,South India,3,1,26,4,1,2.0,10.661293
2024-04-05,FusionPhone X,Smartphones,South India,31,4,5,4,2,1.0,11.5709095
2024-06-27,FusionPhone X,Smartphones,South India,31,6,27,3,2,1.0,13.443329
2024-09-28,FusionPhone X,Smartphones,South India,3,9,28,5,3,51.0,5.855532
2024-12-04,FusionPhone X,Smartphones,South India,2,12,4,2,4,3.0,5.611994
2022-03-01,FusionPhone X,Smartphones,West India,4,3,1,1,1,2.0,6.239319
2022-05-25,FusionPhone X,Smartphones,West India,1,5,25,2,2,1.0,9.972161
2022-07-15,FusionPhone X,Smartphones,West India,1,7,15,4,3,1.0,9.378536
2022-10-28,FusionPhone X,Smartphones,West India,32,10,28,4,4,5.0,7.5498543
2022-12-24,FusionPhone X,Smartphones,West India,2,12,24,5,4,2.0,7.3437004
2023-02-15,FusionPhone X,Smartphones,West India,1,2,15,2,1,2.0,10.360302
2023-04-07,FusionPhone X,Smartphones,West India,4,4,7,4,2,1.0,6.0322514
2023-08-13,FusionPhone X,Smartphones,West India,21,8,13,6,3,3.0,7.963848
2023-10-08,FusionPhone X,Smartphones,West India,2,10,8,6,4,2.0,6.289396
2023-11-28,FusionPhone X,Smartphones,West India,2,11,28,1,4,1.0,8.146203
2024-03-31,FusionPhone X,Smartphones,West India,1,3,31,6,1,43.0,7.0109544
2024-09-24,FusionPhone X,Smartphones,West India,3,9,24,1,3,1.0,7.0126424
2022-06-11,FusionTab Mini,Tablets,Central India,10,6,11,5,2,41.0,5.4063506
2023-04-29,FusionTab Mini,Tablets,Central India,1,4,29,5,2,24.0,5.3334556
2022-01-31,FusionTab Mini,Tablets,East India,2,1,31,0,1,44.0,-3.949592
2022-08-20,FusionTab Mini,Tablets,East India,1,8,20,5,3,1.0,5.432526
2021-06-01,FusionTab Mini,Tablets,North India,7,6,1,1,2,28.0,7.6493793
2021-07-16,FusionTab Mini,Tablets,North India,1,7,16,4,3,4.0,5.6376333
2021-10-18,FusionTab Mini,Tablets,North India,45,10,18,0,4,1.0,10.314814
2022-01-08,FusionTab Mini,Tablets,North India,1,1,8,5,1,1.0,5.90089
2022-05-05,FusionTab Mini,Tablets,North India,1,5,5,3,2,1.0,8.144897
2022-07-24,FusionTab Mini,Tablets,North India,2,7,24,6,3,1.0,7.0613565
2022-10-27,FusionTab Mini,Tablets,North India,1,10,27,3,4,50.0,5.8027744
2023-06-06,FusionTab Mini,Tablets,North India,1,6,6,1,2,23.0,5.0441794
2023-07-31,FusionTab Mini,Tablets,North India,2,7,31,0,3,1.0,5.4273663
2024-01-21,FusionTab Mini,Tablets,North India,68,1,21,6,1,52.0,6.865542
2024-05-14,FusionTab Mini,Tablets,North India,1,5,14,1,2,29.0,8.369286
2024-12-29,FusionTab Mini,Tablets,North India,1,12,29,6,4,1.0,5.762322
2021-11-03,FusionTab Mini,Tablets,South India,131,11,3,2,4,2.0,11.299279
2022-01-09,FusionTab Mini,Tablets,South India,1,1,9,6,1,16.0,5.5672865
2022-08-04,FusionTab Mini,Tablets,South India,1,8,4,3,3,88.0,8.877926
2023-01-01,FusionTab Mini,Tablets,South India,2,1,1,6,1,1.0,5.7662506
2023-03-26,FusionTab Mini,Tablets,South India,1,3,26,6,1,1.0,6.646551
2023-08-09,FusionTab Mini,Tablets,South India,40,8,9,2,3,1.0,5.026573
2024-04-03,FusionTab Mini,Tablets,South India,11,4,3,2,2,79.0,5.528609
2024-08-05,FusionTab Mini,Tablets,South India,15,8,5,0,3,2.0,6.326912
2021-06-19,FusionTab Mini,Tablets,West India,1,6,19,5,2,1.0,5.728163
2021-09-03,FusionTab Mini,Tablets,West India,1,9,3,4,3,1.0,5.7520967
2021-11-03,FusionTab Mini,Tablets,West India,152,11,3,2,4,27.0,6.214807
2023-07-12,FusionTab Mini,Tablets,West India,1,7,12,2,3,1.0,8.436207
2022-02-05,FusionTab Pro,Tablets,Central India,41,2,5,5,1,29.0,12.667517
2023-01-06,FusionTab Pro,Tablets,Central India,1,1,6,4,1,22.0,7.3685575
2022-07-04,FusionTab Pro,Tablets,East India,109,7,4,0,3,1.0,5.2489247
2022-12-03,FusionTab Pro,Tablets,East India,1,12,3,5,4,82.0,9.097931
2023-07-24,FusionTab Pro,Tablets,East India,31,7,24,0,3,2.0,6.895305
2024-02-05,FusionTab Pro,Tablets,East India,1,2,5,0,1,1.0,6.311019
2021-11-29,FusionTab Pro,Tablets,North India,45,11,29,0,4,77.0,5.7126293
2022-05-14,FusionTab Pro,Tablets,North India,2,5,14,5,2,1.0,5.9920855
2023-09-25,FusionTab Pro,Tablets,North India,1,9,25,0,3,11.0,7.770339
2024-05-21,FusionTab Pro,Tablets,North India,2,5,21,1,2,1.0,7.6977916
2024-07-31,FusionTab Pro,Tablets,North India,39,7,31,2,3,1.0,10.372894
2024-10-27,FusionTab Pro,Tablets,North India,3,10,27,6,4,1.0,6.631864
2022-11-01,FusionTab Pro,Tablets,South India,79,11,1,1,4,76.0,5.136079
2023-06-24,FusionTab Pro,Tablets,South India,42,6,24,5,2,1.0,10.592252
2024-01-24,FusionTab Pro,Tablets,South India,1,1,24,2,1,1.0,9.029782
2024-07-20,FusionTab Pro,Tablets,South India,1,7,20,5,3,3.0,11.514241
2024-10-18,FusionTab Pro,Tablets,South India,30,10,18,4,4,77.0,8.19351
2022-03-11,FusionTab Pro,Tablets,West India,51,3,11,4,1,1.0,8.479871
2022-09-05,FusionTab Pro,Tablets,West India,11,9,5,0,3,1.0,9.97886
2023-06-30,FusionTab Pro,Tablets,West India,1,6,30,4,2,1.0,22.937426
2023-10-11,FusionTab Pro,Tablets,West India,74,10,11,2,4,42.0,16.211184
2024-08-01,FusionTab Pro,Tablets,West India,1,8,1,3,3,59.0,9.218934
2024-12-01,FusionTab Pro,Tablets,West India,1,12,1,6,4,187.0,21.513409
2024-06-18,FusionView 24,Monitors,Central India,1,6,18,1,2,190.0,21.273052
2022-10-22,FusionView 24,Monitors,East India,37,10,22,5,4,1.0,9.99424
2021-07-03,FusionView 24,Monitors,North India,1,7,3,5,3,43.0,20.924568
2022-01-17,FusionView 24,Monitors,North India,1,1,17,0,1,6.0,10.39067
2022-10-19,FusionView 24,Monitors,North India,59,10,19,2,4,127.0,19.276829
2023-09-05,FusionView 24,Monitors,North India,1,9,5,1,3,157.0,14.78988
2024-06-23,FusionView 24,Monitors,North India,37,6,23,6,2,43.0,21.571661
2021-10-29,FusionView 24,Monitors,South India,24,10,29,4,4,1.0,11.468109
2022-07-10,FusionView 24,Monitors,South India,1,7,10,6,3,86.0,24.232752
2023-01-23,FusionView 24,Monitors,South India,25,1,23,0,1,204.0,26.131155
2023-11-22,FusionView 24,Monitors,South India,78,11,22,2,4,1.0,30.973213
2024-09-25,FusionView 24,Monitors,South India,68,9,25,2,3,23.0,15.996041
2021-11-01,FusionView 24,Monitors,West India,1,11,1,0,4,88.0,18.709457
2023-03-04,FusionView 24,Monitors,West India,27,3,4,5,1,40.0,9.172179
2023-10-21,FusionView 24,Monitors,West India,43,10,21,5,4,39.0,9.28051
2021-09-10,FusionView 27,Monitors,East India,1,9,10,4,3,1.0,10.497862
2022-10-01,FusionView 27,Monitors,East India,1,10,1,5,4,10.0,10.392859
2023-10-10,FusionView 27,Monitors,East India,23,10,10,1,4,1.0,19.952297
2024-10-31,FusionView 27,Monitors,East India,10,10,31,3,4,1.0,19.119543
2021-11-01,FusionView 27,Monitors,North India,49,11,1,0,4,20.0,19.350212
2023-04-21,FusionView 27,Monitors,North India,1,4,21,4,2,86.0,7.9058695
2024-07-16,FusionView 27,Monitors,North India,1,7,16,1,3,49.0,7.851275
2022-03-15,FusionView 27,Monitors,South India,15,3,15,1,1,42.0,7.92398
2023-11-10,FusionView 27,Monitors,South India,44,11,10,4,4,26.0,7.6564336
2024-03-13,FusionView 27,Monitors,South India,1,3,13,2,1,1.0,6.676087
2024-09-22,FusionView 27,Monitors,South India,24,9,22,6,3,16.0,9.546167
2021-07-02,FusionView 27,Monitors,West India,19,7,2,4,3,0.0,14.896205
2023-01-01,FusionView 27,Monitors,West India,49,1,1,6,1,56.0,7.312079
2023-07-16,FusionView 27,Monitors,West India,176,7,16,6,3,31.0,8.123919
2023-12-14,FusionView 27,Monitors,West India,15,12,14,3,4,89.0,2.308197
2023-08-05,FusionView 32,Monitors,East India,38,8,5,5,3,1.0,5.702957
2023-02-22,FusionView 32,Monitors,North India,31,2,22,2,1,1.0,7.3980594
2022-06-06,FusionView 32,Monitors,South India,24,6,6,0,2,29.0,5.95132
2023-06-30,FusionView 32,Monitors,South India,16,6,30,4,2,40.0,4.989816
2023-10-25,FusionView 32,Monitors,South India,49,10,25,2,4,37.0,6.138855
2024-10-27,FusionView 32,Monitors,South India,11,10,27,6,4,31.0,4.0926056
2022-02-15,FusionView 32,Monitors,West India,34,2,15,1,1,26.0,7.636028
2024-02-08,FusionView 32,Monitors,West India,1,2,8,3,1,1.0,3.321205
2022-10-23,Fusion Case,Accessories,South India,75,10,23,6,4,7.0,7.3558216
2022-12-28,Fusion Case,Accessories,South India,2,12,28,2,4,17.0,11.579086
2023-02-03,Fusion Case,Accessories,South India,2,2,3,4,1,2.0,14.961863
2023-05-17,Fusion Case,Accessories,South India,3,5,17,2,2,3.0,14.496516
2023-06-19,Fusion Case,Accessories,South India,3,6,19,0,2,1.0,9.571587
2023-07-21,Fusion Case,Accessories,South India,1,7,21,4,3,1.0,8.843778
2023-09-22,Fusion Case,Accessories,South India,1,9,22,4,3,30.0,14.001155
2023-10-23,Fusion Case,Accessories,South India,2,10,23,0,4,3.0,14.466639
2023-11-20,Fusion Case,Accessories,South India,1,11,20,0,4,58.0,8.650772
2023-12-23,Fusion Case,Accessories,South India,1,12,23,5,4,3.0,7.91192
2024-01-14,Fusion Case,Accessories,South India,3,1,14,6,1,1.0,10.140693
2024-03-17,Fusion Case,Accessories,South India,31,3,17,6,1,2.0,7.683416
2024-04-17,Fusion Case,Accessories,South India,1,4,17,2,2,1.0,11.329294
2024-05-29,Fusion Case,Accessories,South India,3,5,29,2,2,1.0,15.130287
2024-07-08,Fusion Case,Accessories,South India,2,7,8,0,3,6.0,15.362745
2024-08-12,Fusion Case,Accessories,South India,2,8,12,0,3,3.0,7.3921866
2024-09-18,Fusion Case,Accessories,South India,3,9,18,2,3,184.0,7.7823462
2024-10-19,Fusion Case,Accessories,South India,2,10,19,5,4,67.0,7.836842
2024-11-18,Fusion Case,Accessories,South India,6,11,18,0,4,24.0,8.558077
2024-12-27,Fusion Case,Accessories,South India,1,12,27,4,4,3.0,12.656275
2021-03-14,Fusion Case,Accessories,West India,4,3,14,6,1,2.0,10.805469
2021-04-10,Fusion Case,Accessories,West India,1,4,10,5,2,2.0,6.0125237
2021-07-16,Fusion Case,Accessories,West India,1,7,16,4,3,1.0,8.727185
2021-08-23,Fusion Case,Accessories,West India,1,8,23,0,3,2.0,6.464996
2021-10-04,Fusion Case,Accessories,West India,25,10,4,0,4,3.0,9.516056
2021-11-05,Fusion Case,Accessories,West India,3,11,5,4,4,12.0,7.6554585
2022-03-29,Fusion Case,Accessories,West India,2,3,29,1,1,2.0,10.769009
2022-05-19,Fusion Case,Accessories,West India,2,5,19,3,2,2.0,7.9180284
2022-07-07,Fusion Case,Accessories,West India,43,7,7,3,3,2.0,6.7731247
2022-08-26,Fusion Case,Accessories,West India,1,8,26,4,3,21.0,12.17878
2022-10-07,Fusion Case,Accessories,West India,2,10,7,4,4,3.0,8.822514
2022-11-04,Fusion Case,Accessories,West India,1,11,4,4,4,2.0,6.0365686
2022-12-08,Fusion Case,Accessories,West India,4,12,8,3,4,1.0,7.662156
2023-01-16,Fusion Case,Accessories,West India,1,1,16,0,1,1.0,10.238801
2023-02-28,Fusion Case,Accessories,West India,1,2,28,1,1,1.0,9.110626
2023-04-09,Fusion Case,Accessories,West India,1,4,9,6,2,6.0,12.642704
2023-05-22,Fusion Case,Accessories,West India,2,5,22,0,2,1.0,13.737885
2023-07-03,Fusion Case,Accessories,West India,48,7,3,0,3,2.0,6.7935953
2023-09-21,Fusion Case,Accessories,West India,1,9,21,3,3,2.0,8.711999
2023-11-03,Fusion Case,Accessories,West India,1,11,3,4,4,147.0,11.753214
2023-12-06,Fusion Case,Accessories,West India,1,12,6,2,4,4.0,8.096529
2024-01-30,Fusion Case,Accessories,West India,5,1,30,1,1,1.0,8.523178
2024-03-26,Fusion Case,Accessories,West India,1,3,26,1,1,22.0,7.7841926
2024-05-10,Fusion Case,Accessories,West India,1,5,10,4,2,2.0,7.142139
2024-06-29,Fusion Case,Accessories,West India,1,6,29,5,2,1.0,4.532882
2024-08-08,Fusion Case,Accessories,West India,3,8,8,3,3,1.0,8.23543
2024-09-28,Fusion Case,Accessories,West India,1,9,28,5,3,1.0,5.6453233
2024-11-01,Fusion Case,Accessories,West India,54,11,1,4,4,50.0,6.582314
2024-12-15,Fusion Case,Accessories,West India,1,12,15,6,4,1.0,8.310012
2021-02-02,Fusion Charger,Accessories,Central India,34,2,2,1,1,1.0,9.817399
2021-06-01,Fusion Charger,Accessories,Central India,42,6,1,1,2,2.0,9.079124
2021-08-28,Fusion Charger,Accessories,Central India,46,8,28,5,3,1.0,6.285115
2021-11-04,Fusion Charger,Accessories,Central India,3,11,4,3,4,2.0,6.5777493
2022-03-11,Fusion Charger,Accessories,Central India,1,3,11,4,1,45.0,7.003188
2022-07-31,Fusion Charger,Accessories,Central India,1,7,31,6,3,1.0,7.8786445
2022-12-28,Fusion Charger,Accessories,Central India,1,12,28,2,4,1.0,6.4800735
2023-08-03,Fusion Charger,Accessories,Central India,1,8,3,3,3,2.0,5.385689
2023-11-03,Fusion Charger,Accessories,Central India,20,11,3,4,4,57.0,6.047856
2024-01-20,Fusion Charger,Accessories,Central India,1,1,20,5,1,1.0,6.1907506
2024-06-03,Fusion Charger,Accessories,Central India,1,6,3,0,2,1.0,7.4347215
2024-10-22,Fusion Charger,Accessories,Central India,2,10,22,1,4,1.0,8.256367
2021-01-09,Fusion Charger,Accessories,East India,205,1,9,5,1,110.0,8.867152
2021-02-24,Fusion Charger,Accessories,East India,2,2,24,2,1,1.0,8.600048
2021-04-10,Fusion Charger,Accessories,East India,1,4,10,5,2,3.0,7.3607445
2021-05-24,Fusion Charger,Accessories,East India,2,5,24,0,2,3.0,6.3590736
2021-08-01,Fusion Charger,Accessories,East India,1,8,1,6,3,143.0,6.7335596
2021-10-02,Fusion Charger,Accessories,East India,1,10,2,5,4,1.0,8.361827
2021-11-13,Fusion Charger,Accessories,East India,1,11,13,5,4,2.0,8.184774
2022-02-01,Fusion Charger,Accessories,East India,2,2,1,1,1,1.0,14.195924
2022-04-10,Fusion Charger,Accessories,East India,7,4,10,6,2,2.0,9.681513
2022-06-05,Fusion Charger,Accessories,East India,1,6,5,6,2,1.0,8.364191
2022-08-24,Fusion Charger,Accessories,East India,1,8,24,2,3,2.0,6.308801
2022-10-16,Fusion Charger,Accessories,East India,7,10,16,6,4,1.0,7.2461896
2023-02-02,Fusion Charger,Accessories,East India,2,2,2,3,1,2.0,6.636868
2023-09-08,Fusion Charger,Accessories,East India,1,9,8,4,3,2.0,10.974086
2023-10-28,Fusion Charger,Accessories,East India,2,10,28,5,4,1.0,6.968542
2024-03-25,Fusion Charger,Accessories,East India,1,3,25,0,1,1.0,6.2198267
2024-07-15,Fusion Charger,Accessories,East India,1,7,15,0,3,1.0,8.5935335
2024-12-06,Fusion Charger,Accessories,East India,2,12,6,4,4,1.0,10.135243
2021-01-29,Fusion Charger,Accessories,North India,42,1,29,4,1,9.0,11.101393
2021-05-27,Fusion Charger,Accessories,North India,2,5,27,3,2,1.0,-0.29068148
2021-08-11,Fusion Charger,Accessories,North India,2,8,11,2,3,2.0,7.4192505
2021-10-29,Fusion Charger,Accessories,North India,5,10,29,4,4,5.0,11.508219
2022-01-10,Fusion Charger,Accessories,North India,1,1,10,0,1,1.0,7.8433194
2022-02-18,Fusion Charger,Accessories,North India,5,2,18,4,1,4.0,6.6254673
2022-11-13,Fusion Charger,Accessories,North India,1,11,13,6,4,3.0,11.191083
2022-12-24,Fusion Charger,Accessories,North India,3,12,24,5,4,4.0,7.926897
2023-03-22,Fusion Charger,Accessories,North India,20,3,22,2,1,1.0,5.6371994
2023-07-04,Fusion Charger,Accessories,North India,1,7,4,1,3,33.0,7.8279457
2023-08-18,Fusion Charger,Accessories,North India,5,8,18,4,3,3.0,6.6309786
2024-01-11,Fusion Charger,Accessories,North India,1,1,11,3,1,4.0,8.146419
2024-09-10,Fusion Charger,Accessories,North India,2,9,10,1,3,1.0,7.7136106
2024-10-19,Fusion Charger,Accessories,North India,1,10,19,5,4,2.0,5.5835547
2024-11-22,Fusion Charger,Accessories,North India,1,11,22,4,4,33.0,5.5835547
2021-03-14,Fusion Charger,Accessories,South India,5,3,14,6,1,41.0,7.7902083
2021-04-11,Fusion Charger,Accessories,South India,51,4,11,6,2,8.0,7.1143394
2021-09-12,Fusion Charger,Accessories,South India,5,9,12,6,3,6.0,9.475626
2021-10-25,Fusion Charger,Accessories,South India,56,10,25,0,4,22.0,9.068074
2021-11-25,Fusion Charger,Accessories,South India,4,11,25,3,4,16.0,8.702064
2022-02-06,Fusion Charger,Accessories,South India,14,2,6,6,1,19.0,7.6785197
2022-03-17,Fusion Charger,Accessories,South India,60,3,17,3,1,2.0,8.382127
2022-04-27,Fusion Charger,Accessories,South India,2,4,27,2,2,1.0,11.556421
2022-06-11,Fusion Charger,Accessories,South India,1,6,11,5,2,1.0,14.1514845
2022-08-07,Fusion Charger,Accessories,South India,29,8,7,6,3,1.0,11.455093
2022-09-27,Fusion Charger,Accessories,South India,5,9,27,1,3,1.0,38.860764
2022-11-06,Fusion Charger,Accessories,South India,4,11,6,6,4,5.0,14.435717
2023-03-15,Fusion Charger,Accessories,South India,3,3,15,2,1,1.0,12.742875
2023-07-02,Fusion Charger,Accessories,South India,1,7,2,6,3,1.0,11.324166
2023-08-31,Fusion Charger,Accessories,South India,28,8,31,3,3,1.0,16.079006
2023-10-17,Fusion Charger,Accessories,South India,3,10,17,1,4,1.0,10.185961
2023-11-27,Fusion Charger,Accessories,South India,3,11,27,0,4,39.0,10.185961
2024-01-15,Fusion Charger,Accessories,South India,3,1,15,0,1,2.0,11.560392
2024-02-24,Fusion Charger,Accessories,South India,1,2,24,5,1,1.0,18.761694
2024-04-29,Fusion Charger,Accessories,South India,2,4,29,0,2,5.0,21.47574
2024-06-24,Fusion Charger,Accessories,South India,1,6,24,0,2,50.0,15.138303
2024-08-13,Fusion Charger,Accessories,South India,3,8,13,1,3,2.0,18.567406
2024-09-29,Fusion Charger,Accessories,South India,2,9,29,6,3,4.0,18.888165
2021-02-06,Fusion Charger,Accessories,West India,2,2,6,5,1,21.0,12.325437
2021-03-25,Fusion Charger,Accessories,West India,2,3,25,3,1,1.0,25.151377
2021-05-09,Fusion Charger,Accessories,West India,2,5,9,6,2,3.0,27.965336
2021-07-06,Fusion Charger,Accessories,West India,1,7,6,1,3,2.0,52.407413
2021-09-22,Fusion Charger,Accessories,West India,12,9,22,2,3,1.0,23.74419
2021-11-24,Fusion Charger,Accessories,West India,12,11,24,2,4,3.0,23.90463
2022-02-02,Fusion Charger,Accessories,West India,57,2,2,2,1,1.0,36.661602
2022-04-19,Fusion Charger,Accessories,West India,3,4,19,1,2,1.0,33.16802
2022-07-02,Fusion Charger,Accessories,West India,1,7,2,5,3,1.0,31.494804
2022-09-25,Fusion Charger,Accessories,West India,5,9,25,6,3,6.0,45.400517
2022-11-21,Fusion Charger,Accessories,West India,1,11,21,0,4,4.0,21.472187
2023-01-31,Fusion Charger,Accessories,West India,4,1,31,1,1,1.0,12.500845
2023-04-26,Fusion Charger,Accessories,West India,3,4,26,2,2,1.0,12.250887
2023-07-25,Fusion Charger,Accessories,West India,1,7,25,1,3,1.0,10.152757
2023-10-06,Fusion Charger,Accessories,West India,2,10,6,4,4,1.0,17.767433
2023-11-28,Fusion Charger,Accessories,West India,2,11,28,1,4,1.0,24.078333
2024-03-18,Fusion Charger,Accessories,West India,1,3,18,0,1,47.0,20.021292
2024-05-10,Fusion Charger,Accessories,West India,1,5,10,4,2,2.0,10.730946
2024-06-30,Fusion Charger,Accessories,West India,3,6,30,6,2,1.0,20.009508
2024-08-19,Fusion Charger,Accessories,West India,4,8,19,0,3,2.0,12.04009
2024-10-12,Fusion Charger,Accessories,West India,3,10,12,5,4,1.0,16.845295
2024-11-27,Fusion Charger,Accessories,West India,2,11,27,2,4,3.0,11.932799
2021-01-31,Fusion Earbuds,Accessories,Central India,26,1,31,6,1,23.0,22.500706
2021-04-06,Fusion Earbuds,Accessories,Central India,1,4,6,1,2,15.0,20.534363
2021-11-05,Fusion Earbuds,Accessories,Central India,1,11,5,4,4,3.0,13.880183
2022-08-14,Fusion Earbuds,Accessories,Central India,1,8,14,6,3,38.0,14.7788925
2023-01-22,Fusion Earbuds,Accessories,Central India,1,1,22,6,1,1.0,18.013124
2023-10-25,Fusion Earbuds,Accessories,Central India,1,10,25,2,4,1.0,17.592196
2024-10-02,Fusion Earbuds,Accessories,Central India,51,10,2,2,4,57.0,8.5466795
2021-01-15,Fusion Earbuds,Accessories,East India,27,1,15,4,1,61.0,14.533069
2021-03-17,Fusion Earbuds,Accessories,East India,13,3,17,2,1,2.0,14.527176
2021-06-15,Fusion Earbuds,Accessories,East India,1,6,15,1,2,1.0,8.734486
2021-10-12,Fusion Earbuds,Accessories,East India,7,10,12,1,4,1.0,13.04403
2022-01-08,Fusion Earbuds,Accessories,East India,1,1,8,5,1,1.0,10.902592
2022-09-14,Fusion Earbuds,Accessories,East India,1,9,14,2,3,3.0,14.917029
2023-03-01,Fusion Earbuds,Accessories,East India,1,3,1,2,1,1.0,9.124399
2023-11-29,Fusion Earbuds,Accessories,East India,40,11,29,2,4,1.0,8.410865
2024-12-22,Fusion Earbuds,Accessories,East India,1,12,22,6,4,2.0,9.508153
2021-03-08,Fusion Earbuds,Accessories,North India,75,3,8,0,1,4.0,17.991686
2021-04-09,Fusion Earbuds,Accessories,North India,1,4,9,4,2,5.0,9.61826
2021-05-22,Fusion Earbuds,Accessories,North India,1,5,22,5,2,48.0,8.462657
2021-12-16,Fusion Earbuds,Accessories,North India,3,12,16,3,4,2.0,5.31957
2022-01-20,Fusion Earbuds,Accessories,North India,1,1,20,3,1,1.0,7.0465145
2022-02-19,Fusion Earbuds,Accessories,North India,3,2,19,5,1,1.0,6.3706417
2022-03-28,Fusion Earbuds,Accessories,North India,15,3,28,0,1,1.0,5.562677
2022-09-30,Fusion Earbuds,Accessories,North India,2,9,30,4,3,4.0,6.491387
2022-12-19,Fusion Earbuds,Accessories,North India,1,12,19,0,4,2.0,8.7582245
2023-03-21,Fusion Earbuds,Accessories,North India,1,3,21,1,1,1.0,6.620809
2023-05-11,Fusion Earbuds,Accessories,North India,1,5,11,3,2,44.0,9.259291
2023-07-07,Fusion Earbuds,Accessories,North India,4,7,7,4,3,1.0,12.95462
2023-10-16,Fusion Earbuds,Accessories,North India,4,10,16,0,4,3.0,17.474089
2024-02-17,Fusion Earbuds,Accessories,North India,2,2,17,5,1,3.0,17.843378
2024-05-30,Fusion Earbuds,Accessories,North India,3,5,30,3,2,1.0,10.805965
2024-07-30,Fusion Earbuds,Accessories,North India,16,7,30,1,3,1.0,23.109098
2024-10-22,Fusion Earbuds,Accessories,North India,6,10,22,1,4,53.0,8.071417
2024-11-22,Fusion Earbuds,Accessories,North India,2,11,22,4,4,1.0,8.300488
2021-02-04,Fusion Earbuds,Accessories,South India,5,2,4,3,1,6.0,8.232818
2021-09-23,Fusion Earbuds,Accessories,South India,1,9,23,3,3,2.0,7.3009133
2021-12-30,Fusion Earbuds,Accessories,South India,2,12,30,3,4,2.0,12.386003
2022-02-27,Fusion Earbuds,Accessories,South India,31,2,27,6,1,1.0,20.258184
2022-04-15,Fusion Earbuds,Accessories,South India,19,4,15,4,2,2.0,7.638464
2022-07-16,Fusion Earbuds,Accessories,South India,2,7,16,5,3,2.0,8.329465
2022-09-16,Fusion Earbuds,Accessories,South India,4,9,16,4,3,48.0,9.619271
2022-12-07,Fusion Earbuds,Accessories,South India,2,12,7,2,4,3.0,12.071647
2023-04-23,Fusion Earbuds,Accessories,South India,3,4,23,6,2,27.0,8.476421
2023-07-06,Fusion Earbuds,Accessories,South India,3,7,6,3,3,1.0,13.487274
2023-08-13,Fusion Earbuds,Accessories,South India,3,8,13,6,3,1.0,9.0556965
2023-10-05,Fusion Earbuds,Accessories,South India,4,10,5,3,4,2.0,12.727992
2023-11-16,Fusion Earbuds,Accessories,South India,2,11,16,3,4,3.0,18.268639
2024-01-31,Fusion Earbuds,Accessories,South India,2,1,31,2,1,47.0,7.918943
2024-04-19,Fusion Earbuds,Accessories,South India,2,4,19,4,2,1.0,8.807775
2024-06-08,Fusion Earbuds,Accessories,South India,39,6,8,5,2,3.0,12.744911
2024-07-19,Fusion Earbuds,Accessories,South India,2,7,19,4,3,4.0,10.635824
2024-09-14,Fusion Earbuds,Accessories,South India,26,9,14,5,3,18.0,10.905413
2024-11-16,Fusion Earbuds,Accessories,South India,5,11,16,5,4,19.0,8.35217
2021-05-11,Fusion Earbuds,Accessories,West India,3,5,11,1,2,121.0,9.976818
2021-06-26,Fusion Earbuds,Accessories,West India,2,6,26,5,2,1.0,9.949614
2021-08-09,Fusion Earbuds,Accessories,West India,2,8,9,0,3,43.0,13.056069
2021-11-22,Fusion Earbuds,Accessories,West India,4,11,22,0,4,2.0,8.677888
2022-01-10,Fusion Earbuds,Accessories,West India,1,1,10,0,1,2.0,12.819444
2022-02-24,Fusion Earbuds,Accessories,West India,3,2,24,3,1,1.0,10.272142
2022-04-27,Fusion Earbuds,Accessories,West India,1,4,27,2,2,24.0,8.880745
2022-09-15,Fusion Earbuds,Accessories,West India,1,9,15,3,3,1.0,8.004364
2023-01-18,Fusion Earbuds,Accessories,West India,46,1,18,2,1,2.0,10.503497
2023-04-16,Fusion Earbuds,Accessories,West India,1,4,16,6,2,2.0,8.5794735
2023-06-12,Fusion Earbuds,Accessories,West India,28,6,12,0,2,2.0,8.595926
2024-02-02,Fusion Earbuds,Accessories,West India,21,2,2,4,1,2.0,9.035515
2024-04-30,Fusion Earbuds,Accessories,West India,48,4,30,1,2,1.0,7.8465276
2024-10-26,Fusion Earbuds,Accessories,West India,7,10,26,5,4,50.0,13.523467
2021-04-14,Fusion Keyboard,Accessories,Central India,2,4,14,2,2,2.0,11.5323515
2022-10-13,Fusion Keyboard,Accessories,Central India,1,10,13,3,4,2.0,11.654006
2023-10-10,Fusion Keyboard,Accessories,Central India,1,10,10,1,4,1.0,15.075594
2024-02-29,Fusion Keyboard,Accessories,Central India,1,2,29,3,1,1.0,10.419304
2024-09-14,Fusion Keyboard,Accessories,Central India,2,9,14,5,3,3.0,7.639155
2021-05-23,Fusion Keyboard,Accessories,East India,1,5,23,6,2,3.0,9.017895
2021-08-22,Fusion Keyboard,Accessories,East India,2,8,22,6,3,1.0,14.725349
2022-05-30,Fusion Keyboard,Accessories,East India,4,5,30,0,2,1.0,10.536482
2023-02-06,Fusion Keyboard,Accessories,East India,1,2,6,0,1,1.0,7.920927
2023-05-28,Fusion Keyboard,Accessories,East India,5,5,28,6,2,1.0,8.322247
2024-07-20,Fusion Keyboard,Accessories,East India,1,7,20,5,3,3.0,8.811135
2021-04-16,Fusion Keyboard,Accessories,North India,4,4,16,4,2,3.0,10.621615
2021-10-15,Fusion Keyboard,Accessories,North India,1,10,15,4,4,5.0,7.4618435
2021-12-01,Fusion Keyboard,Accessories,North India,1,12,1,2,4,36.0,13.065852
2022-01-15,Fusion Keyboard,Accessories,North India,3,1,15,5,1,3.0,10.418432
2022-04-23,Fusion Keyboard,Accessories,North India,1,4,23,5,2,3.0,9.789441
2022-08-01,Fusion Keyboard,Accessories,North India,1,8,1,0,3,1.0,13.357194
2023-06-22,Fusion Keyboard,Accessories,North India,1,6,22,3,2,1.0,18.884066
2023-08-23,Fusion Keyboard,Accessories,North India,1,8,23,2,3,1.0,9.263701
2023-10-15,Fusion Keyboard,Accessories,North India,33,10,15,6,4,1.0,10.099383
2024-02-08,Fusion Keyboard,Accessories,North India,1,2,8,3,1,1.0,7.970487
2024-08-11,Fusion Keyboard,Accessories,North India,1,8,11,6,3,3.0,14.198684
2021-04-12,Fusion Keyboard,Accessories,South India,15,4,12,0,2,3.0,8.364338
2021-11-25,Fusion Keyboard,Accessories,South India,1,11,25,3,4,6.0,21.230734
2022-02-20,Fusion Keyboard,Accessories,South India,20,2,20,6,1,4.0,7.4191065
2022-06-26,Fusion Keyboard,Accessories,South India,27,6,26,6,2,4.0,8.843778
2022-10-02,Fusion Keyboard,Accessories,South India,4,10,2,6,4,8.0,15.285594
2022-11-05,Fusion Keyboard,Accessories,South India,1,11,5,5,4,3.0,11.59593
2023-02-25,Fusion Keyboard,Accessories,South India,2,2,25,5,1,3.0,8.1783085
2023-06-17,Fusion Keyboard,Accessories,South India,1,6,17,5,2,1.0,9.713575
2023-08-26,Fusion Keyboard,Accessories,South India,2,8,26,5,3,1.0,7.8785205
2024-03-19,Fusion Keyboard,Accessories,South India,1,3,19,1,1,2.0,3.9984632
2024-05-03,Fusion Keyboard,Accessories,South India,1,5,3,4,2,1.0,11.881681
2024-06-26,Fusion Keyboard,Accessories,South India,63,6,26,2,2,2.0,10.569925
2024-10-05,Fusion Keyboard,Accessories,South India,5,10,5,5,4,1.0,6.3368897
2024-11-12,Fusion Keyboard,Accessories,South India,2,11,12,1,4,8.0,8.5702915
2024-12-24,Fusion Keyboard,Accessories,South India,1,12,24,1,4,2.0,10.228807
2021-05-08,Fusion Keyboard,Accessories,West India,2,5,8,5,2,4.0,9.085381
2021-08-26,Fusion Keyboard,Accessories,West India,73,8,26,3,3,1.0,11.4628725
2021-11-17,Fusion Keyboard,Accessories,West India,46,11,17,2,4,100.0,8.764249
2021-12-30,Fusion Keyboard,Accessories,West India,1,12,30,3,4,3.0,8.357595
2022-02-12,Fusion Keyboard,Accessories,West India,2,2,12,5,1,1.0,4.9298263
2022-04-19,Fusion Keyboard,Accessories,West India,1,4,19,1,2,1.0,6.4699807
2022-06-25,Fusion Keyboard,Accessories,West India,4,6,25,5,2,1.0,9.583362
2022-09-22,Fusion Keyboard,Accessories,West India,2,9,22,3,3,3.0,9.436053
2022-11-04,Fusion Keyboard,Accessories,West India,49,11,4,4,4,20.0,7.3685036
2022-12-31,Fusion Keyboard,Accessories,West India,1,12,31,5,4,1.0,6.0365686
2023-03-24,Fusion Keyboard,Accessories,West India,1,3,24,4,1,1.0,7.3668323
2023-06-03,Fusion Keyboard,Accessories,West India,1,6,3,5,2,2.0,6.598285
2023-08-09,Fusion Keyboard,Accessories,West India,3,8,9,2,3,2.0,8.9149685
2023-10-21,Fusion Keyboard,Accessories,West India,2,10,21,5,4,1.0,8.634242
2024-01-06,Fusion Keyboard,Accessories,West India,2,1,6,5,1,1.0,11.433592
2024-03-07,Fusion Keyboard,Accessories,West India,1,3,7,3,1,1.0,7.1471562
2024-06-23,Fusion Keyboard,Accessories,West India,3,6,23,6,2,3.0,6.602037
2024-08-16,Fusion Keyboard,Accessories,West India,1,8,16,4,3,2.0,8.711999
2024-12-20,Fusion Keyboard,Accessories,West India,1,12,20,4,4,2.0,12.25493
2021-09-04,Fusion Mouse,Accessories,Central India,1,9,4,5,3,1.0,12.164592
2021-12-01,Fusion Mouse,Accessories,Central India,1,12,1,2,4,22.0,23.695778
2022-11-27,Fusion Mouse,Accessories,Central India,1,11,27,6,4,4.0,6.05243
2023-08-31,Fusion Mouse,Accessories,Central India,1,8,31,3,3,2.0,6.738064
2024-01-26,Fusion Mouse,Accessories,Central India,1,1,26,4,1,1.0,6.3813634
2021-05-08,Fusion Mouse,Accessories,East India,4,5,8,5,2,119.0,7.9608684
2021-08-01,Fusion Mouse,Accessories,East India,1,8,1,6,3,123.0,7.880235
2021-10-23,Fusion Mouse,Accessories,East India,28,10,23,5,4,1.0,6.84855
2022-01-12,Fusion Mouse,Accessories,East India,1,1,12,2,1,1.0,7.2380633
2022-05-01,Fusion Mouse,Accessories,East India,1,5,1,6,2,1.0,6.2127256
2022-11-17,Fusion Mouse,Accessories,East India,4,11,17,3,4,42.0,9.545472
2023-03-11,Fusion Mouse,Accessories,East India,3,3,11,5,1,3.0,6.4373364
2023-09-30,Fusion Mouse,Accessories,East India,22,9,30,5,3,1.0,8.47952
2023-12-03,Fusion Mouse,Accessories,East India,1,12,3,6,4,2.0,7.9724293
2024-02-20,Fusion Mouse,Accessories,East India,3,2,20,1,1,1.0,14.360167
2024-09-28,Fusion Mouse,Accessories,East India,1,9,28,5,3,1.0,9.344007
2021-07-11,Fusion Mouse,Accessories,North India,1,7,11,6,3,1.0,6.6254673
2021-08-21,Fusion Mouse,Accessories,North India,2,8,21,5,3,3.0,6.3728013
2021-11-15,Fusion Mouse,Accessories,North India,62,11,15,0,4,3.0,11.526123
2022-01-03,Fusion Mouse,Accessories,North India,5,1,3,0,1,1.0,12.201995
2022-02-25,Fusion Mouse,Accessories,North India,2,2,25,4,1,1.0,8.053251
2022-04-12,Fusion Mouse,Accessories,North India,77,4,12,1,2,1.0,7.377375
2022-05-23,Fusion Mouse,Accessories,North India,8,5,23,0,2,2.0,6.758157
2022-07-01,Fusion Mouse,Accessories,North India,1,7,1,4,3,1.0,4.4849443
2022-10-20,Fusion Mouse,Accessories,North India,93,10,20,3,4,3.0,8.02682
2022-12-02,Fusion Mouse,Accessories,North India,42,12,2,4,4,2.0,10.417357
2023-12-18,Fusion Mouse,Accessories,North India,75,12,18,0,4,1.0,6.9256306
2024-02-05,Fusion Mouse,Accessories,North India,50,2,5,0,1,2.0,6.451709
2024-05-23,Fusion Mouse,Accessories,North India,1,5,23,3,2,43.0,5.264246
2024-07-09,Fusion Mouse,Accessories,North India,1,7,9,1,3,2.0,6.879061
2021-08-27,Fusion Mouse,Accessories,South India,1,8,27,4,3,5.0,6.553078
2021-12-12,Fusion Mouse,Accessories,South India,5,12,12,6,4,3.0,7.062015
2022-01-21,Fusion Mouse,Accessories,South India,3,1,21,4,1,2.0,7.1621428
2022-05-09,Fusion Mouse,Accessories,South India,29,5,9,0,2,4.0,7.6241503
2022-06-19,Fusion Mouse,Accessories,South India,34,6,19,6,2,3.0,8.942863
2022-10-06,Fusion Mouse,Accessories,South India,3,10,6,3,4,1.0,7.5067873
2023-02-17,Fusion Mouse,Accessories,South India,185,2,17,4,1,2.0,8.14616
2023-05-13,Fusion Mouse,Accessories,South India,3,5,13,5,2,4.0,10.616421
2023-10-12,Fusion Mouse,Accessories,South India,5,10,12,3,4,41.0,6.5167975
2023-12-31,Fusion Mouse,Accessories,South India,2,12,31,6,4,4.0,6.5747714
2024-03-24,Fusion Mouse,Accessories,South India,2,3,24,6,1,1.0,8.955134
2024-05-16,Fusion Mouse,Accessories,South India,201,5,16,3,2,3.0,8.5286
2024-10-24,Fusion Mouse,Accessories,South India,12,10,24,3,4,4.0,7.1443443
2024-11-30,Fusion Mouse,Accessories,South India,7,11,30,5,4,3.0,7.439668
2021-06-10,Fusion Mouse,Accessories,West India,1,6,10,3,2,2.0,4.4279776
2022-01-21,Fusion Mouse,Accessories,West India,5,1,21,4,1,1.0,9.267411
2022-06-23,Fusion Mouse,Accessories,West India,1,6,23,3,2,43.0,18.912611
2022-10-22,Fusion Mouse,Accessories,West India,38,10,22,5,4,10.0,12.087075
2023-04-21,Fusion Mouse,Accessories,West India,1,4,21,4,2,55.0,11.690936
2023-07-04,Fusion Mouse,Accessories,West India,2,7,4,1,3,2.0,11.304097
2023-09-17,Fusion Mouse,Accessories,West India,1,9,17,6,3,1.0,19.107618
2024-01-10,Fusion Mouse,Accessories,West India,6,1,10,2,1,148.0,9.668392
2024-03-16,Fusion Mouse,Accessories,West India,3,3,16,5,1,4.0,19.945517
2024-05-08,Fusion Mouse,Accessories,West India,1,5,8,2,2,1.0,6.3555727
2024-07-13,Fusion Mouse,Accessories,West India,5,7,13,5,3,2.0,10.044231
2024-10-24,Fusion Mouse,Accessories,West India,10,10,24,3,4,4.0,13.172543
2022-05-14,Fusion Watch Lite,Wearables,Central India,1,5,14,5,2,28.0,17.67309
2022-04-06,Fusion Watch Lite,Wearables,East India,192,4,6,2,2,1.0,17.985952
2023-08-31,Fusion Watch Lite,Wearables,East India,1,8,31,3,3,1.0,13.784394
2021-12-01,Fusion Watch Lite,Wearables,North India,1,12,1,2,4,1.0,17.676783
2022-07-07,Fusion Watch Lite,Wearables,North India,1,7,7,3,3,1.0,22.137085
2023-05-20,Fusion Watch Lite,Wearables,North India,1,5,20,5,2,1.0,21.117168
2024-06-15,Fusion Watch Lite,Wearables,North India,1,6,15,5,2,1.0,22.372412
2021-10-31,Fusion Watch Lite,Wearables,South India,2,10,31,6,4,3.0,27.61983
2022-05-21,Fusion Watch Lite,Wearables,South India,4,5,21,5,2,1.0,18.206675
2022-12-22,Fusion Watch Lite,Wearables,South India,1,12,22,3,4,1.0,14.092981
2023-08-23,Fusion Watch Lite,Wearables,South India,1,8,23,2,3,23.0,23.90463
2024-11-10,Fusion Watch Lite,Wearables,South India,1,11,10,6,4,1.0,24.577564
2022-08-11,Fusion Watch Lite,Wearables,West India,1,8,11,3,3,46.0,19.218893
2023-01-15,Fusion Watch Lite,Wearables,West India,1,1,15,6,1,1.0,12.956164
2023-06-10,Fusion Watch Lite,Wearables,West India,1,6,10,5,2,1.0,22.203554
2024-06-02,Fusion Watch Lite,Wearables,West India,1,6,2,6,2,2.0,14.1802225
2023-10-12,Fusion Watch Pro,Wearables,East India,2,10,12,3,4,1.0,16.904285
2023-01-24,Fusion Watch Pro,Wearables,North India,1,1,24,1,1,1.0,12.04009
2023-11-25,Fusion Watch Pro,Wearables,North India,1,11,25,5,4,55.0,17.497337
2024-05-23,Fusion Watch Pro,Wearables,North India,2,5,23,3,2,1.0,18.32581
2024-10-23,Fusion Watch Pro,Wearables,North India,1,10,23,2,4,1.0,16.996428
2022-04-22,Fusion Watch Pro,Wearables,South India,39,4,22,4,2,1.0,17.368496
2022-06-08,Fusion Watch Pro,Wearables,South India,2,6,8,2,2,1.0,16.502832
2022-11-07,Fusion Watch Pro,Wearables,South India,1,11,7,0,4,1.0,7.521431
2024-04-01,Fusion Watch Pro,Wearables,South India,1,4,1,0,2,1.0,12.379326
2024-07-26,Fusion Watch Pro,Wearables,South India,1,7,26,4,3,1.0,11.264337
2024-11-28,Fusion Watch Pro,Wearables,South India,1,11,28,3,4,1.0,8.419881
2023-05-27,Fusion Watch Pro,Wearables,West India,4,5,27,5,2,1.0,8.492662
2023-11-23,Fusion Watch Pro,Wearables,West India,3,11,23,3,4,1.0,11.774856
2024-07-11,Fusion Watch Pro,Wearables,West India,1,7,11,3,3,1.0,5.9161563
2021-02-09,FusionBook Air,Laptops,Central India,180,2,9,1,1,1.0,9.686238
2021-09-25,FusionBook Air,Laptops,Central India,44,9,25,5,3,167.0,11.402318
2021-12-09,FusionBook Air,Laptops,Central India,39,12,9,3,4,1.0,9.743534
2022-04-30,FusionBook Air,Laptops,Central India,1,4,30,5,2,1.0,9.784156
2022-09-02,FusionBook Air,Laptops,Central India,13,9,2,4,3,1.0,7.923504
2021-06-09,FusionBook Air,Laptops,East India,194,6,9,2,2,161.0,8.313048
2022-05-12,FusionBook Air,Laptops,East India,56,5,12,3,2,1.0,4.670661
2022-08-18,FusionBook Air,Laptops,East India,1,8,18,3,3,8.0,6.064693
2022-11-09,FusionBook Air,Laptops,East India,1,11,9,2,4,45.0,3.4388173
2021-01-30,FusionBook Air,Laptops,North India,90,1,30,5,1,173.0,6.9437146
2021-04-22,FusionBook Air,Laptops,North India,42,4,22,3,2,36.0,8.762288
2021-12-09,FusionBook Air,Laptops,North India,2,12,9,3,4,1.0,12.919273
2022-02-19,FusionBook Air,Laptops,North India,44,2,19,5,1,120.0,8.314377
2022-06-27,FusionBook Air,Laptops,North India,25,6,27,0,2,2.0,7.0848455
2022-09-09,FusionBook Air,Laptops,North India,38,9,9,4,3,1.0,16.241903
2022-10-30,FusionBook Air,Laptops,North India,35,10,30,6,4,2.0,15.85871
2023-02-23,FusionBook Air,Laptops,North India,1,2,23,3,1,108.0,28.350733
2023-04-20,FusionBook Air,Laptops,North India,33,4,20,3,2,40.0,8.766461
2024-07-17,FusionBook Air,Laptops,North India,3,7,17,2,3,3.0,6.164145
2021-02-04,FusionBook Air,Laptops,South India,155,2,4,3,1,148.0,17.751522
2021-03-30,FusionBook Air,Laptops,South India,311,3,30,1,1,47.0,12.155126
2021-05-21,FusionBook Air,Laptops,South India,60,5,21,4,2,45.0,4.385159
2021-07-22,FusionBook Air,Laptops,South India,51,7,22,3,3,46.0,4.953894
2021-09-19,FusionBook Air,Laptops,South India,1,9,19,6,3,34.0,7.3686724
2022-01-08,FusionBook Air,Laptops,South India,40,1,8,5,1,1.0,9.11039
2022-03-03,FusionBook Air,Laptops,South India,2,3,3,3,1,4.0,17.406607
2022-04-18,FusionBook Air,Laptops,South India,1,4,18,0,2,1.0,8.6208725
2022-10-13,FusionBook Air,Laptops,South India,165,10,13,3,4,101.0,8.443542
2022-11-18,FusionBook Air,Laptops,South India,184,11,18,4,4,13.0,8.029524
2023-01-09,FusionBook Air,Laptops,South India,12,1,9,0,1,169.0,10.060305
2023-04-26,FusionBook Air,Laptops,South India,1,4,26,2,2,1.0,7.766822
2023-06-17,FusionBook Air,Laptops,South India,2,6,17,5,2,2.0,12.257299
2023-11-28,FusionBook Air,Laptops,South India,134,11,28,1,4,1.0,10.635824
2024-03-04,FusionBook Air,Laptops,South India,2,3,4,0,1,3.0,8.956024
2024-04-25,FusionBook Air,Laptops,South India,11,4,25,3,2,1.0,8.35217
2024-06-06,FusionBook Air,Laptops,South India,2,6,6,3,2,1.0,8.5812435
2024-07-12,FusionBook Air,Laptops,South India,2,7,12,4,3,10.0,8.2539015
2024-11-12,FusionBook Air,Laptops,South India,1,11,12,1,4,20.0,8.638548
2021-01-16,FusionBook Air,Laptops,West India,38,1,16,5,1,28.0,7.6915646
2021-07-09,FusionBook Air,Laptops,West India,1,7,9,4,3,72.0,8.677888
2021-08-25,FusionBook Air,Laptops,West India,42,8,25,2,3,1.0,11.469332
2022-01-14,FusionBook Air,Laptops,West India,1,1,14,4,1,1.0,10.024115
2022-04-26,FusionBook Air,Laptops,West India,50,4,26,1,2,19.0,8.852656
2022-06-14,FusionBook Air,Laptops,West India,1,6,14,1,2,33.0,9.678727
2022-07-31,FusionBook Air,Laptops,West India,49,7,31,6,3,1.0,10.207466
2022-11-06,FusionBook Air,Laptops,West India,30,11,6,6,4,81.0,7.9139843
2022-12-17,FusionBook Air,Laptops,West India,1,12,17,5,4,50.0,7.7791224
2023-05-27,FusionBook Air,Laptops,West India,1,5,27,5,2,46.0,19.50632
2023-09-23,FusionBook Air,Laptops,West India,24,9,23,5,3,96.0,11.052574
2023-12-29,FusionBook Air,Laptops,West India,40,12,29,4,4,1.0,11.963925
2024-02-18,FusionBook Air,Laptops,West India,17,2,18,6,1,27.0,8.728405
2024-08-03,FusionBook Air,Laptops,West India,81,8,3,5,3,1.0,13.461558
2024-10-09,FusionBook Air,Laptops,West India,9,10,9,2,4,2.0,12.9615755
2021-10-11,FusionBook Pro,Laptops,Central India,39,10,11,0,4,32.0,7.568934
2022-07-04,FusionBook Pro,Laptops,Central India,99,7,4,0,3,2.0,7.864258
2022-11-26,FusionBook Pro,Laptops,Central India,1,11,26,5,4,1.0,25.959473
2023-05-07,FusionBook Pro,Laptops,Central India,42,5,7,6,2,1.0,10.419304
2023-09-03,FusionBook Pro,Laptops,Central India,1,9,3,6,3,1.0,8.1340475
2021-06-25,FusionBook Pro,Laptops,East India,144,6,25,4,2,30.0,11.696304
2021-09-21,FusionBook Pro,Laptops,East India,1,9,21,1,3,34.0,18.950756
2022-04-21,FusionBook Pro,Laptops,East India,1,4,21,3,2,95.0,12.176921
2022-07-07,FusionBook Pro,Laptops,East India,110,7,7,3,3,1.0,8.094289
2022-10-12,FusionBook Pro,Laptops,East India,40,10,12,2,4,29.0,10.467383
2021-06-11,FusionBook Pro,Laptops,North India,26,6,11,4,2,164.0,15.158002
2021-07-24,FusionBook Pro,Laptops,North India,125,7,24,5,3,1.0,13.01023
2021-09-07,FusionBook Pro,Laptops,North India,49,9,7,1,3,2.0,10.17189
2021-11-22,FusionBook Pro,Laptops,North India,98,11,22,0,4,31.0,7.184754
2022-04-27,FusionBook Pro,Laptops,North India,3,4,27,2,2,1.0,10.90249
2022-06-21,FusionBook Pro,Laptops,North India,2,6,21,1,2,18.0,14.324888
2022-10-08,FusionBook Pro,Laptops,North India,39,10,8,5,4,36.0,9.799306
2022-12-02,FusionBook Pro,Laptops,North India,194,12,2,4,4,1.0,8.1783085
2023-03-08,FusionBook Pro,Laptops,North India,83,3,8,2,1,36.0,7.683416
2023-05-21,FusionBook Pro,Laptops,North India,23,5,21,6,2,1.0,9.920922
2023-07-19,FusionBook Pro,Laptops,North India,1,7,19,2,3,14.0,9.030416
2024-06-02,FusionBook Pro,Laptops,North India,1,6,2,6,2,46.0,15.96075
2024-07-22,FusionBook Pro,Laptops,North India,2,7,22,0,3,1.0,10.333201
2024-10-26,FusionBook Pro,Laptops,North India,681,10,26,5,4,34.0,9.875403
2021-08-01,FusionBook Pro,Laptops,South India,97,8,1,6,3,160.0,11.359501
2021-10-01,FusionBook Pro,Laptops,South India,25,10,1,4,4,1.0,9.917617
2022-07-31,FusionBook Pro,Laptops,South India,2,7,31,6,3,350.0,21.556812
2022-09-28,FusionBook Pro,Laptops,South India,73,9,28,2,3,1.0,10.004401
2022-11-03,FusionBook Pro,Laptops,South India,32,11,3,3,4,86.0,11.165464
2022-12-07,FusionBook Pro,Laptops,South India,36,12,7,2,4,1.0,7.91192
2023-02-20,FusionBook Pro,Laptops,South India,103,2,20,0,1,48.0,8.1783085
2023-09-12,FusionBook Pro,Laptops,South India,60,9,12,1,3,105.0,12.625629
2023-11-13,FusionBook Pro,Laptops,South India,342,11,13,0,4,107.0,17.362322
2024-04-02,FusionBook Pro,Laptops,South India,15,4,2,1,2,6.0,10.219231
2024-05-26,FusionBook Pro,Laptops,South India,10,5,26,6,2,110.0,12.371736
2024-07-10,FusionBook Pro,Laptops,South India,1,7,10,2,3,15.0,5.8555465
2024-08-21,FusionBook Pro,Laptops,South India,29,8,21,2,3,29.0,5.9355674
2024-11-05,FusionBook Pro,Laptops,South India,1,11,5,1,4,1.0,8.526234
2024-12-24,FusionBook Pro,Laptops,South India,85,12,24,1,4,1.0,8.636626
2021-09-07,FusionBook Pro,Laptops,West India,94,9,7,1,3,163.0,12.225817
2022-01-04,FusionBook Pro,Laptops,West India,74,1,4,1,1,16.0,7.4611964
2022-02-18,FusionBook Pro,Laptops,West India,23,2,18,4,1,23.0,6.3973255
2022-06-19,FusionBook Pro,Laptops,West India,77,6,19,6,2,135.0,9.59591
2022-08-27,FusionBook Pro,Laptops,West India,3,8,27,5,3,1.0,6.6646733
2022-10-18,FusionBook Pro,Laptops,West India,1,10,18,1,4,121.0,6.5576873
2022-11-26,FusionBook Pro,Laptops,West India,108,11,26,5,4,1.0,6.0365686
2023-05-07,FusionBook Pro,Laptops,West India,29,5,7,6,2,1.0,8.930439
2023-07-13,FusionBook Pro,Laptops,West India,88,7,13,3,3,1.0,8.494845
2023-09-07,FusionBook Pro,Laptops,West India,22,9,7,3,3,1.0,8.226689
2023-10-05,FusionBook Pro,Laptops,West India,78,10,5,3,4,39.0,7.1471562
2023-11-23,FusionBook Pro,Laptops,West India,1,11,23,3,4,61.0,6.4712844
2024-07-08,FusionBook Pro,Laptops,West India,1,7,8,0,3,118.0,11.110326
2024-11-13,FusionBook Pro,Laptops,West India,11,11,13,2,4,1.0,9.701246
2022-04-16,FusionBook Ultra,Laptops,Central India,22,4,16,5,2,17.0,6.2273717
2022-10-07,FusionBook Ultra,Laptops,Central India,1,10,7,4,4,29.0,7.342799
2023-06-03,FusionBook Ultra,Laptops,Central India,1,6,3,5,2,121.0,8.140464
2023-11-10,FusionBook Ultra,Laptops,Central India,1,11,10,4,4,20.0,10.941936
2024-06-24,FusionBook Ultra,Laptops,Central India,1,6,24,0,2,26.0,9.562051
2022-05-01,FusionBook Ultra,Laptops,East India,2,5,1,6,2,1.0,10.59251
2022-08-05,FusionBook Ultra,Laptops,East India,1,8,5,4,3,136.0,8.36544
2022-10-28,FusionBook Ultra,Laptops,East India,1,10,28,4,4,2.0,6.1237106
2023-01-08,FusionBook Ultra,Laptops,East India,1,1,8,6,1,19.0,7.2380633
2023-04-27,FusionBook Ultra,Laptops,East India,94,4,27,3,2,1.0,7.165674
2023-11-08,FusionBook Ultra,Laptops,East India,26,11,8,2,4,55.0,7.752334
2024-02-21,FusionBook Ultra,Laptops,East India,1,2,21,2,1,11.0,6.4373364
2024-06-09,FusionBook Ultra,Laptops,East India,47,6,9,6,2,98.0,8.406271
2022-06-13,FusionBook Ultra,Laptops,North India,79,6,13,0,2,2.0,9.54727
2022-07-22,FusionBook Ultra,Laptops,North India,1,7,22,4,3,2.0,7.715823
2022-11-04,FusionBook Ultra,Laptops,North India,21,11,4,4,4,14.0,7.373022
2023-01-18,FusionBook Ultra,Laptops,North India,9,1,18,2,1,18.0,7.8024344
2023-03-03,FusionBook Ultra,Laptops,North India,2,3,3,4,1,1.0,6.0883193
2023-07-07,FusionBook Ultra,Laptops,North India,51,7,7,4,3,73.0,9.9295025
2023-09-08,FusionBook Ultra,Laptops,North India,1,9,8,4,3,13.0,9.59993
2023-10-30,FusionBook Ultra,Laptops,North India,168,10,30,0,4,76.0,13.526479
2023-12-09,FusionBook Ultra,Laptops,North India,140,12,9,5,4,28.0,7.1994276
2024-09-06,FusionBook Ultra,Laptops,North India,50,9,6,4,3,1.0,11.552545
2022-04-13,FusionBook Ultra,Laptops,South India,96,4,13,2,2,81.0,6.5217447
2022-05-29,FusionBook Ultra,Laptops,South India,94,5,29,6,2,2.0,8.275872
2022-10-30,FusionBook Ultra,Laptops,South India,2,10,30,6,4,110.0,7.3379
2022-12-15,FusionBook Ultra,Laptops,South India,1,12,15,3,4,32.0,6.7319093
2023-02-25,FusionBook Ultra,Laptops,South India,38,2,25,5,1,1.0,8.812225
2023-04-24,FusionBook Ultra,Laptops,South India,2,4,24,0,2,60.0,5.4497805
2023-06-17,FusionBook Ultra,Laptops,South India,54,6,17,5,2,2.0,5.221509
2023-11-03,FusionBook Ultra,Laptops,South India,90,11,3,4,4,149.0,7.6073737
2023-12-24,FusionBook Ultra,Laptops,South India,25,12,24,6,4,23.0,6.600227
2024-02-06,FusionBook Ultra,Laptops,South India,22,2,6,1,1,39.0,5.924358
2024-04-25,FusionBook Ultra,Laptops,South India,87,4,25,3,2,3.0,6.8629246
2024-06-07,FusionBook Ultra,Laptops,South India,2,6,7,4,2,1.0,7.7300453
2024-07-20,FusionBook Ultra,Laptops,South India,1,7,20,5,3,1.0,8.616441
2024-10-14,FusionBook Ultra,Laptops,South India,94,10,14,0,4,20.0,6.8546686
2024-12-31,FusionBook Ultra,Laptops,South India,47,12,31,1,4,1.0,-14.480231
2022-06-23,FusionBook Ultra,Laptops,West India,1,6,23,3,2,1.0,8.942863
2022-10-26,FusionBook Ultra,Laptops,West India,1,10,26,2,4,22.0,11.041817
2023-01-22,FusionBook Ultra,Laptops,West India,2,1,22,6,1,70.0,6.778926
2023-08-24,FusionBook Ultra,Laptops,West India,33,8,24,3,3,46.0,9.610623
2023-11-02,FusionBook Ultra,Laptops,West India,2,11,2,3,4,1.0,7.928619
2021-03-12,FusionPhone Lite,Smartphones,Central India,1,3,12,4,1,3.0,7.7830954
2021-05-08,FusionPhone Lite,Smartphones,Central India,3,5,8,5,2,1.0,9.157165
2021-09-08,FusionPhone Lite,Smartphones,Central India,17,9,8,2,3,10.0,6.033809
2021-11-30,FusionPhone Lite,Smartphones,Central India,1,11,30,1,4,1.0,8.02962
2022-09-17,FusionPhone Lite,Smartphones,Central India,1,9,17,5,3,1.0,8.9286785
2023-11-20,FusionPhone Lite,Smartphones,Central India,1,11,20,0,4,1.0,7.398784
2024-09-13,FusionPhone Lite,Smartphones,Central India,1,9,13,4,3,1.0,12.860163
2021-02-27,FusionPhone Lite,Smartphones,East India,17,2,27,5,1,1.0,15.160001
2021-07-09,FusionPhone Lite,Smartphones,East India,1,7,9,4,3,3.0,7.429342
2021-10-23,FusionPhone Lite,Smartphones,East India,1,10,23,5,4,1.0,14.464115
2022-08-02,FusionPhone Lite,Smartphones,East India,31,8,2,1,3,1.0,18.44397
2023-09-23,FusionPhone Lite,Smartphones,East India,1,9,23,5,3,1.0,11.184553
2023-11-28,FusionPhone Lite,Smartphones,East India,1,11,28,1,4,1.0,1.9626272
2024-06-15,FusionPhone Lite,Smartphones,East India,200,6,15,5,2,20.0,11.173704
2021-02-10,FusionPhone Lite,Smartphones,North India,41,2,10,2,1,72.0,20.771933
2021-03-24,FusionPhone Lite,Smartphones,North India,52,3,24,2,1,16.0,10.749279
2021-05-10,FusionPhone Lite,Smartphones,North India,2,5,10,0,2,6.0,13.7694
2021-06-29,FusionPhone Lite,Smartphones,North India,2,6,29,1,2,2.0,9.751695
2021-10-16,FusionPhone Lite,Smartphones,North India,5,10,16,5,4,1.0,23.791975
2022-05-05,FusionPhone Lite,Smartphones,North India,4,5,5,3,2,2.0,22.58626
2022-06-30,FusionPhone Lite,Smartphones,North India,2,6,30,3,2,2.0,15.402124
2022-08-22,FusionPhone Lite,Smartphones,North India,2,8,22,0,3,1.0,23.174723
2022-10-21,FusionPhone Lite,Smartphones,North India,4,10,21,4,4,35.0,25.85152
2022-12-14,FusionPhone Lite,Smartphones,North India,2,12,14,2,4,4.0,24.495127
2023-02-09,FusionPhone Lite,Smartphones,North India,3,2,9,3,1,2.0,27.7932
2023-04-20,FusionPhone Lite,Smartphones,North India,2,4,20,3,2,1.0,25.82195
2024-02-26,FusionPhone Lite,Smartphones,North India,2,2,26,0,1,3.0,12.333943
2024-05-25,FusionPhone Lite,Smartphones,North India,1,5,25,5,2,2.0,21.041164
2024-08-27,FusionPhone Lite,Smartphones,North India,1,8,27,1,3,2.0,11.992047
2024-11-17,FusionPhone Lite,Smartphones,North India,6,11,17,6,4,23.0,12.152487
2021-03-08,FusionPhone Lite,Smartphones,South India,45,3,8,0,1,18.0,17.710526
2021-05-14,FusionPhone Lite,Smartphones,South India,3,5,14,4,2,53.0,12.04009
2021-07-24,FusionPhone Lite,Smartphones,South India,2,7,24,5,3,6.0,18.30442
2021-10-10,FusionPhone Lite,Smartphones,South India,6,10,10,6,4,10.0,19.97402
2021-12-19,FusionPhone Lite,Smartphones,South India,5,12,19,6,4,2.0,17.25538
2022-02-22,FusionPhone Lite,Smartphones,South India,2,2,22,1,1,1.0,20.78143
2022-05-04,FusionPhone Lite,Smartphones,South India,2,5,4,2,2,1.0,10.239449
2022-06-22,FusionPhone Lite,Smartphones,South India,1,6,22,2,2,67.0,16.370583
2022-09-27,FusionPhone Lite,Smartphones,South India,2,9,27,1,3,29.0,8.951611
2022-11-21,FusionPhone Lite,Smartphones,South India,5,11,21,0,4,4.0,17.497368
2023-03-11,FusionPhone Lite,Smartphones,South India,7,3,11,5,1,1.0,9.963513
2023-05-04,FusionPhone Lite,Smartphones,South India,1,5,4,3,2,1.0,11.250163
2023-12-31,FusionPhone Lite,Smartphones,South India,74,12,31,6,4,28.0,10.49426
2024-04-14,FusionPhone Lite,Smartphones,South India,36,4,14,6,2,2.0,6.0990686
2024-05-30,FusionPhone Lite,Smartphones,South India,1,5,30,3,2,2.0,9.30577
2024-08-31,FusionPhone Lite,Smartphones,South India,3,8,31,5,3,2.0,4.2852426
2024-10-17,FusionPhone Lite,Smartphones,South India,3,10,17,3,4,5.0,11.000983
2021-05-02,FusionPhone Lite,Smartphones,West India,4,5,2,6,2,84.0,7.545266
2021-06-11,FusionPhone Lite,Smartphones,West India,1,6,11,4,2,7.0,7.8333745
2021-10-08,FusionPhone Lite,Smartphones,West India,2,10,8,4,4,3.0,16.66343
2021-11-10,FusionPhone Lite,Smartphones,West India,4,11,10,2,4,2.0,9.010705
2021-12-26,FusionPhone Lite,Smartphones,West India,5,12,26,6,4,1.0,11.087741
2022-02-04,FusionPhone Lite,Smartphones,West India,3,2,4,4,1,1.0,11.916403
2022-04-28,FusionPhone Lite,Smartphones,West India,1,4,28,3,2,2.0,7.339876
2022-06-13,FusionPhone Lite,Smartphones,West India,1,6,13,0,2,4.0,7.3360405
2022-10-27,FusionPhone Lite,Smartphones,West India,1,10,27,3,4,6.0,6.2127304
2023-03-05,FusionPhone Lite,Smartphones,West India,3,3,5,6,1,3.0,5.180622
2023-07-09,FusionPhone Lite,Smartphones,West India,2,7,9,6,3,2.0,10.664482
2023-08-22,FusionPhone Lite,Smartphones,West India,6,8,22,1,3,34.0,6.9437146
2023-12-24,FusionPhone Lite,Smartphones,West India,32,12,24,6,4,2.0,5.653554
2024-02-05,FusionPhone Lite,Smartphones,West India,1,2,5,0,1,2.0,1.5257661
2024-03-21,FusionPhone Lite,Smartphones,West India,3,3,21,3,1,43.0,9.339471
2024-06-27,FusionPhone Lite,Smartphones,West India,2,6,27,3,2,1.0,8.664182
2022-11-02,FusionPhone Ultra,Smartphones,Central India,1,11,2,2,4,1.0,24.358208
2023-07-31,FusionPhone Ultra,Smartphones,Central India,1,7,31,0,3,1.0,7.8197227
2024-04-18,FusionPhone Ultra,Smartphones,Central India,1,4,18,3,2,1.0,31.716038
2024-09-10,FusionPhone Ultra,Smartphones,Central India,1,9,10,1,3,1.0,8.300488
2022-12-09,FusionPhone Ultra,Smartphones,East India,1,12,9,4,4,1.0,11.40576
2023-02-27,FusionPhone Ultra,Smartphones,East India,1,2,27,0,1,1.0,13.016049
2023-09-11,FusionPhone Ultra,Smartphones,East India,1,9,11,0,3,2.0,6.0467734
2023-11-15,FusionPhone Ultra,Smartphones,East India,2,11,15,2,4,1.0,6.121408
2024-04-29,FusionPhone Ultra,Smartphones,East India,1,4,29,0,2,1.0,7.3700085
2024-09-12,FusionPhone Ultra,Smartphones,East India,1,9,12,3,3,1.0,22.793219
2022-11-11,FusionPhone Ultra,Smartphones,North India,1,11,11,4,4,1.0,8.000532
2023-01-07,FusionPhone Ultra,Smartphones,North India,30,1,7,5,1,1.0,8.6835575
2023-03-09,FusionPhone Ultra,Smartphones,North India,1,3,9,3,1,1.0,10.001973
2023-05-15,FusionPhone Ultra,Smartphones,North India,1,5,15,0,2,2.0,10.622839
2023-07-12,FusionPhone Ultra,Smartphones,North India,29,7,12,2,3,1.0,14.479955
2023-09-30,FusionPhone Ultra,Smartphones,North India,2,9,30,5,3,1.0,18.170504
2024-02-04,FusionPhone Ultra,Smartphones,North India,8,2,4,6,1,1.0,-9.834894
2024-08-27,FusionPhone Ultra,Smartphones,North India,13,8,27,1,3,1.0,16.657978
2024-10-08,FusionPhone Ultra,Smartphones,North India,1,10,8,1,4,165.0,11.738265
2022-10-12,FusionPhone Ultra,Smartphones,South India,2,10,12,2,4,5.0,9.986173
2022-11-17,FusionPhone Ultra,Smartphones,South India,1,11,17,3,4,45.0,12.163534
2022-12-20,FusionPhone Ultra,Smartphones,South India,1,12,20,1,4,4.0,11.888958
2023-03-14,FusionPhone Ultra,Smartphones,South India,1,3,14,1,1,66.0,21.515915
2023-05-16,FusionPhone Ultra,Smartphones,South India,3,5,16,1,2,1.0,10.905413
2023-12-12,FusionPhone Ultra,Smartphones,South India,1,12,12,1,4,23.0,6.3139486
2024-01-24,FusionPhone Ultra,Smartphones,South India,1,1,24,2,1,1.0,8.085526
2024-04-23,FusionPhone Ultra,Smartphones,South India,1,4,23,1,2,26.0,9.300281
2024-10-01,FusionPhone Ultra,Smartphones,South India,1,10,1,1,4,36.0,10.105323
2024-12-29,FusionPhone Ultra,Smartphones,South India,56,12,29,6,4,5.0,11.680514
2023-03-20,FusionPhone Ultra,Smartphones,West India,122,3,20,0,1,3.0,10.1976
2023-08-18,FusionPhone Ultra,Smartphones,West India,1,8,18,4,3,1.0,10.65606
2023-11-24,FusionPhone Ultra,Smartphones,West India,1,11,24,4,4,1.0,7.4273596
2024-04-18,FusionPhone Ultra,Smartphones,West India,47,4,18,3,2,2.0,11.480588
2024-06-22,FusionPhone Ultra,Smartphones,West India,2,6,22,5,2,2.0,15.448883
2024-09-15,FusionPhone Ultra,Smartphones,West India,46,9,15,6,3,2.0,9.103186
2021-11-21,FusionPhone X,Smartphones,Central India,1,11,21,6,4,2.0,12.45337
2022-08-06,FusionPhone X,Smartphones,Central India,1,8,6,5,3,1.0,8.742971
2023-05-28,FusionPhone X,Smartphones,Central India,1,5,28,6,2,1.0,11.288827
2024-01-16,FusionPhone X,Smartphones,Central India,1,1,16,1,1,1.0,10.5640955
2024-07-08,FusionPhone X,Smartphones,Central India,1,7,8,0,3,1.0,16.639198
2024-10-22,FusionPhone X,Smartphones,Central India,1,10,22,1,4,1.0,10.419304
2021-11-02,FusionPhone X,Smartphones,East India,2,11,2,1,4,14.0,7.597865
2022-08-06,FusionPhone X,Smartphones,East India,1,8,6,5,3,1.0,16.70303
2022-11-09,FusionPhone X,Smartphones,East India,2,11,9,2,4,1.0,32.08341
2023-06-16,FusionPhone X,Smartphones,East India,2,6,16,4,2,18.0,12.154885
2024-01-20,FusionPhone X,Smartphones,East India,1,1,20,5,1,1.0,13.751983
2024-03-13,FusionPhone X,Smartphones,East India,1,3,13,2,1,2.0,19.664137
2024-08-29,FusionPhone X,Smartphones,East India,1,8,29,3,3,1.0,11.032389
2024-11-03,FusionPhone X,Smartphones,East India,1,11,3,6,4,68.0,8.523198
2021-10-21,FusionPhone X,Smartphones,North India,2,10,21,3,4,1.0,8.364338
2021-12-04,FusionPhone X,Smartphones,North India,2,12,4,5,4,1.0,11.325989
2022-05-31,FusionPhone X,Smartphones,North India,1,5,31,1,2,1.0,7.142017
2022-07-06,FusionPhone X,Smartphones,North India,1,7,6,2,3,4.0,7.0288715
2022-12-20,FusionPhone X,Smartphones,North India,3,12,20,1,4,1.0,8.292463
2023-02-10,FusionPhone X,Smartphones,North India,2,2,10,4,1,25.0,7.91192
2023-05-21,FusionPhone X,Smartphones,North India,2,5,21,6,2,2.0,8.1783085
2023-07-22,FusionPhone X,Smartphones,North India,1,7,22,5,3,1.0,8.1783085
2023-10-28,FusionPhone X,Smartphones,North India,4,10,28,5,4,3.0,14.435911
2023-12-13,FusionPhone X,Smartphones,North India,1,12,13,2,4,1.0,9.804331
2024-01-27,FusionPhone X,Smartphones,North India,138,1,27,5,1,5.0,11.200311
2024-04-28,FusionPhone X,Smartphones,North India,2,4,28,6,2,4.0,8.780969
2024-06-16,FusionPhone X,Smartphones,North India,2,6,16,6,2,2.0,8.490737
2022-08-19,FusionPhone X,Smartphones,South India,90,8,19,4,3,1.0,6.9861345
2022-12-30,FusionPhone X,Smartphones,South India,1,12,30,4,4,4.0,13.652661
2023-02-10,FusionPhone X,Smartphones,South India,4,2,10,4,1,5.0,8.292463
2023-04-30,FusionPhone X,Smartphones,South India,2,4,30,6,2,3.0,7.8829885
2023-06-15,FusionPhone X,Smartphones,South India,1,6,15,3,2,3.0,8.1783085
2023-08-01,FusionPhone X,Smartphones,South India,97,8,1,1,3,1.0,9.139102
2023-11-09,FusionPhone X,Smartphones,South India,7,11,9,3,4,12.0,11.708097
2023-12-21,FusionPhone X,Smartphones,South India,3,12,21,3,4,4.0,8.587788
2024-02-26,FusionPhone X,Smartphones,South India,1,2,26,0,1,45.0,10.587467
2024-06-28,FusionPhone X,Smartphones,South India,1,6,28,4,2,31.0,10.653152
2024-09-29,FusionPhone X,Smartphones,South India,71,9,29,6,3,3.0,7.8758335
2024-12-05,FusionPhone X,Smartphones,South India,1,12,5,3,4,2.0,8.087338
2021-08-26,FusionPhone X,Smartphones,West India,1,8,26,3,3,1.0,7.2285147
2021-10-04,FusionPhone X,Smartphones,West India,2,10,4,0,4,3.0,6.5659633
2021-11-28,FusionPhone X,Smartphones,West India,4,11,28,6,4,4.0,12.685966
2022-01-21,FusionPhone X,Smartphones,West India,5,1,21,4,1,2.0,11.764792
2022-03-03,FusionPhone X,Smartphones,West India,2,3,3,3,1,4.0,7.2137113
2022-04-13,FusionPhone X,Smartphones,West India,4,4,13,2,2,96.0,7.1393523
2022-07-16,FusionPhone X,Smartphones,West India,3,7,16,5,3,1.0,9.307304
2022-08-31,FusionPhone X,Smartphones,West India,1,8,31,2,3,1.0,8.142035
2022-10-29,FusionPhone X,Smartphones,West India,29,10,29,5,4,32.0,7.936934
2022-12-25,FusionPhone X,Smartphones,West India,15,12,25,6,4,2.0,8.777884
2023-02-16,FusionPhone X,Smartphones,West India,2,2,16,3,1,1.0,8.067416
2023-04-09,FusionPhone X,Smartphones,West India,1,4,9,6,2,4.0,5.8818183
2023-06-12,FusionPhone X,Smartphones,West India,2,6,12,0,2,2.0,14.650921
2023-08-15,FusionPhone X,Smartphones,West India,4,8,15,1,3,21.0,8.176097
2023-10-09,FusionPhone X,Smartphones,West India,4,10,9,0,4,2.0,7.3668323
2023-11-29,FusionPhone X,Smartphones,West India,4,11,29,2,4,2.0,9.411874
2024-02-08,FusionPhone X,Smartphones,West India,2,2,8,3,1,1.0,8.0872965
2024-04-02,FusionPhone X,Smartphones,West India,2,4,2,1,2,1.0,8.127484
2024-05-30,FusionPhone X,Smartphones,West India,3,5,30,3,2,1.0,4.7178755
2024-07-25,FusionPhone X,Smartphones,West India,3,7,25,3,3,1.0,7.801551
2024-11-09,FusionPhone X,Smartphones,West India,3,11,9,5,4,1.0,6.3946905
2021-06-12,FusionTab Mini,Tablets,Central India,1,6,12,5,2,1.0,23.054913
2022-06-18,FusionTab Mini,Tablets,Central India,14,6,18,5,2,10.0,8.9722595
2024-02-01,FusionTab Mini,Tablets,Central India,23,2,1,3,1,1.0,7.485188
2021-07-08,FusionTab Mini,Tablets,East India,56,7,8,3,3,45.0,7.6707816
2022-02-03,FusionTab Mini,Tablets,East India,1,2,3,3,1,2.0,5.9535995
2022-09-04,FusionTab Mini,Tablets,East India,26,9,4,6,3,1.0,7.087203
2024-02-03,FusionTab Mini,Tablets,East India,40,2,3,5,1,1.0,7.7599173
2024-08-13,FusionTab Mini,Tablets,East India,92,8,13,1,3,16.0,9.060903
2021-06-02,FusionTab Mini,Tablets,North India,26,6,2,2,2,7.0,6.4256296
2021-10-19,FusionTab Mini,Tablets,North India,2,10,19,1,4,45.0,8.726492
2022-01-09,FusionTab Mini,Tablets,North India,1,1,9,6,1,1.0,7.929367
2022-05-08,FusionTab Mini,Tablets,North India,1,5,8,6,2,1.0,9.934967
2022-07-26,FusionTab Mini,Tablets,North India,21,7,26,1,3,2.0,7.403188
2022-10-29,FusionTab Mini,Tablets,North India,1,10,29,5,4,1.0,7.2093816
2023-06-07,FusionTab Mini,Tablets,North India,13,6,7,2,2,1.0,6.3350596
2023-11-03,FusionTab Mini,Tablets,North India,3,11,3,4,4,16.0,5.6020994
2024-05-15,FusionTab Mini,Tablets,North India,43,5,15,2,2,1.0,8.940231
2024-07-20,FusionTab Mini,Tablets,North India,82,7,20,5,3,1.0,7.183689
2021-05-12,FusionTab Mini,Tablets,South India,10,5,12,2,2,0.0,6.4860744
2021-07-07,FusionTab Mini,Tablets,South India,110,7,7,2,3,3.0,7.4383583
2021-09-05,FusionTab Mini,Tablets,South India,1,9,5,6,3,1.0,6.553078
2021-11-04,FusionTab Mini,Tablets,South India,96,11,4,3,4,131.0,8.616441
2022-01-11,FusionTab Mini,Tablets,South India,1,1,11,1,1,1.0,11.408155
2022-06-15,FusionTab Mini,Tablets,South India,46,6,15,2,2,3.0,7.8031397
2022-08-06,FusionTab Mini,Tablets,South India,36,8,6,5,3,1.0,11.241735
2022-10-21,FusionTab Mini,Tablets,South India,45,10,21,4,4,9.0,6.096455
2023-01-02,FusionTab Mini,Tablets,South India,1,1,2,0,1,2.0,13.914342
2023-03-27,FusionTab Mini,Tablets,South India,31,3,27,0,1,1.0,11.984106
2023-08-10,FusionTab Mini,Tablets,South India,1,8,10,3,3,40.0,6.893301
2023-10-19,FusionTab Mini,Tablets,South India,19,10,19,3,4,1.0,6.1474233
2024-02-04,FusionTab Mini,Tablets,South India,29,2,4,6,1,2.0,6.248405
2024-06-16,FusionTab Mini,Tablets,South India,3,6,16,6,2,44.0,14.516518
2024-12-10,FusionTab Mini,Tablets,South India,1,12,10,1,4,2.0,6.0775104
2021-06-20,FusionTab Mini,Tablets,West India,39,6,20,6,2,1.0,8.338138
2021-09-04,FusionTab Mini,Tablets,West India,38,9,4,5,3,1.0,7.098004
2021-11-04,FusionTab Mini,Tablets,West India,132,11,4,3,4,152.0,6.106788
2022-07-14,FusionTab Mini,Tablets,West India,79,7,14,3,3,1.0,8.496242
2022-09-30,FusionTab Mini,Tablets,West India,1,9,30,4,3,1.0,5.924358
2023-07-13,FusionTab Mini,Tablets,West India,45,7,13,3,3,1.0,11.462284
2023-09-24,FusionTab Mini,Tablets,West India,1,9,24,6,3,2.0,8.154483
2024-05-31,FusionTab Mini,Tablets,West India,25,5,31,4,2,3.0,7.6221576
2024-12-04,FusionTab Pro,Tablets,Central India,61,12,4,2,4,25.0,6.5486355
2022-07-07,FusionTab Pro,Tablets,East India,1,7,7,3,3,109.0,8.235748
2022-12-08,FusionTab Pro,Tablets,East India,1,12,8,3,4,1.0,6.120114
2023-08-04,FusionTab Pro,Tablets,East India,15,8,4,4,3,31.0,11.502191
2021-12-02,FusionTab Pro,Tablets,North India,1,12,2,3,4,45.0,6.5573797
2022-05-15,FusionTab Pro,Tablets,North India,2,5,15,6,2,2.0,7.3947616
2023-01-05,FusionTab Pro,Tablets,North India,94,1,5,3,1,2.0,7.765234
2023-09-27,FusionTab Pro,Tablets,North India,1,9,27,2,3,1.0,11.01369
2024-02-23,FusionTab Pro,Tablets,North India,76,2,23,4,1,76.0,8.02962
2024-05-24,FusionTab Pro,Tablets,North India,73,5,24,4,2,2.0,8.741805
2024-10-28,FusionTab Pro,Tablets,North India,3,10,28,0,4,3.0,8.085529
2022-08-14,FusionTab Pro,Tablets,South India,1,8,14,6,3,100.0,9.415279
2022-11-02,FusionTab Pro,Tablets,South India,1,11,2,2,4,79.0,3.4268112
2023-11-12,FusionTab Pro,Tablets,South India,85,11,12,6,4,98.0,8.922742
2024-05-22,FusionTab Pro,Tablets,South India,1,5,22,2,2,1.0,18.71119
2024-07-21,FusionTab Pro,Tablets,South India,28,7,21,6,3,1.0,10.853429
2021-11-24,FusionTab Pro,Tablets,West India,7,11,24,2,4,1.0,14.103641
2023-04-08,FusionTab Pro,Tablets,West India,34,4,8,5,2,1.0,8.117327
2023-07-01,FusionTab Pro,Tablets,West India,251,7,1,5,3,1.0,19.599874
2023-10-12,FusionTab Pro,Tablets,West India,44,10,12,3,4,74.0,18.803272
2024-12-07,FusionTab Pro,Tablets,West India,1,12,7,5,4,1.0,14.552498
2024-07-16,FusionView 24,Monitors,Central India,41,7,16,1,3,1.0,14.316677
2022-10-24,FusionView 24,Monitors,East India,92,10,24,0,4,37.0,22.269762
2021-07-09,FusionView 24,Monitors,North India,1,7,9,4,3,1.0,13.891857
2022-01-20,FusionView 24,Monitors,North India,1,1,20,3,1,1.0,13.68484
2022-10-20,FusionView 24,Monitors,North India,35,10,20,3,4,59.0,13.885964
2023-09-14,FusionView 24,Monitors,North India,65,9,14,3,3,1.0,17.301811
2024-06-26,FusionView 24,Monitors,North India,33,6,26,2,2,37.0,24.25157
2021-10-30,FusionView 24,Monitors,South India,1,10,30,5,4,24.0,14.588576
2022-07-11,FusionView 24,Monitors,South India,50,7,11,0,3,1.0,23.771261
2023-01-26,FusionView 24,Monitors,South India,1,1,26,3,1,25.0,29.19724
2023-11-23,FusionView 24,Monitors,South India,46,11,23,3,4,78.0,33.64881
2024-09-28,FusionView 24,Monitors,South India,19,9,28,5,3,68.0,23.184454
2021-11-03,FusionView 24,Monitors,West India,97,11,3,2,4,1.0,16.71804
2022-06-20,FusionView 24,Monitors,West India,1,6,20,0,2,1.0,14.092823
2024-06-06,FusionView 24,Monitors,West India,45,6,6,3,2,1.0,10.141197
2024-12-09,FusionView 24,Monitors,West India,11,12,9,0,4,1.0,17.240297
2022-10-06,FusionView 27,Monitors,East India,23,10,6,3,4,1.0,12.148549
2023-10-22,FusionView 27,Monitors,East India,6,10,22,6,4,23.0,12.515169
2022-05-26,FusionView 27,Monitors,North India,1,5,26,3,2,45.0,18.849455
2022-11-03,FusionView 27,Monitors,North India,1,11,3,3,4,30.0,16.627947
2023-11-09,FusionView 27,Monitors,North India,93,11,9,3,4,1.0,9.450966
2024-12-14,FusionView 27,Monitors,North India,42,12,14,5,4,47.0,8.2619705
2022-03-19,FusionView 27,Monitors,South India,49,3,19,5,1,15.0,15.713665
2022-08-14,FusionView 27,Monitors,South India,1,8,14,6,3,75.0,9.920975
2022-12-24,FusionView 27,Monitors,South India,46,12,24,5,4,50.0,10.359518
2023-06-30,FusionView 27,Monitors,South India,1,6,30,4,2,32.0,10.49426
2024-09-24,FusionView 27,Monitors,South India,1,9,24,1,3,24.0,10.063674
2021-07-03,FusionView 27,Monitors,West India,25,7,3,5,3,19.0,8.80335
2021-11-04,FusionView 27,Monitors,West India,73,11,4,3,4,124.0,8.529244
2023-07-21,FusionView 27,Monitors,West India,21,7,21,4,3,176.0,6.564845
2023-12-21,FusionView 27,Monitors,West India,1,12,21,3,4,15.0,8.314161
2022-06-18,FusionView 32,Monitors,East India,30,6,18,5,2,1.0,10.588533
2023-08-06,FusionView 32,Monitors,East India,25,8,6,6,3,38.0,8.130851
2022-05-13,FusionView 32,Monitors,North India,22,5,13,4,2,64.0,10.0295315
2022-10-25,FusionView 32,Monitors,North India,16,10,25,1,4,1.0,8.410674
2023-08-14,FusionView 32,Monitors,North India,2,8,14,0,3,50.0,11.354217
2024-05-12,FusionView 32,Monitors,North India,1,5,12,6,2,65.0,9.051639
2024-10-13,FusionView 32,Monitors,North India,1,10,13,6,4,1.0,7.624302
2022-10-21,FusionView 32,Monitors,South India,39,10,21,4,4,10.0,9.88373
2024-02-25,FusionView 32,Monitors,South India,5,2,25,6,1,39.0,6.412712
2024-07-07,FusionView 32,Monitors,South India,62,7,7,6,3,1.0,6.9437146
2024-10-28,FusionView 32,Monitors,South India,1,10,28,0,4,11.0,7.7708335
2022-07-25,FusionView 32,Monitors,West India,1,7,25,0,3,22.0,5.4343333
2023-01-20,FusionView 32,Monitors,West India,12,1,20,4,1,26.0,5.75026
2024-07-31,FusionView 32,Monitors,West India,38,7,31,2,3,18.0,-4.122269
2023-02-05,Fusion Case,Accessories,South India,1,2,5,6,1,2.0,7.166492
2023-04-18,Fusion Case,Accessories,South India,4,4,18,1,2,4.0,10.446035
2023-05-18,Fusion Case,Accessories,South India,4,5,18,3,2,3.0,7.326694
2023-07-22,Fusion Case,Accessories,South India,1,7,22,5,3,1.0,10.141018
2023-09-23,Fusion Case,Accessories,South India,47,9,23,5,3,1.0,12.391252
2023-10-24,Fusion Case,Accessories,South India,2,10,24,1,4,2.0,8.300472
2024-01-15,Fusion Case,Accessories,South India,2,1,15,0,1,3.0,3.596979
2024-05-30,Fusion Case,Accessories,South India,3,5,30,3,2,3.0,13.169126
2024-08-13,Fusion Case,Accessories,South India,1,8,13,1,3,2.0,5.720843
2024-10-20,Fusion Case,Accessories,South India,170,10,20,6,4,2.0,7.304845
2024-12-28,Fusion Case,Accessories,South India,1,12,28,5,4,1.0,8.000565
2021-03-16,Fusion Case,Accessories,West India,4,3,16,1,1,4.0,10.189204
2021-04-11,Fusion Case,Accessories,West India,2,4,11,6,2,1.0,8.966455
2021-05-11,Fusion Case,Accessories,West India,2,5,11,1,2,1.0,10.416596
2021-06-07,Fusion Case,Accessories,West India,2,6,7,0,2,47.0,9.88419
2021-07-18,Fusion Case,Accessories,West India,2,7,18,6,3,1.0,5.988628
2021-10-05,Fusion Case,Accessories,West India,2,10,5,1,4,25.0,8.18921
2021-11-06,Fusion Case,Accessories,West India,6,11,6,5,4,3.0,7.8107605
2022-01-02,Fusion Case,Accessories,West India,5,1,2,6,1,2.0,6.0140824
2022-02-06,Fusion Case,Accessories,West India,1,2,6,6,1,1.0,6.7092414
2022-04-01,Fusion Case,Accessories,West India,2,4,1,4,2,2.0,9.863599
2022-05-20,Fusion Case,Accessories,West India,1,5,20,4,2,2.0,6.109099
2022-07-08,Fusion Case,Accessories,West India,1,7,8,4,3,43.0,6.202879
2022-08-27,Fusion Case,Accessories,West India,1,8,27,5,3,1.0,6.849012
2022-10-08,Fusion Case,Accessories,West India,4,10,8,5,4,2.0,7.760462
2022-11-05,Fusion Case,Accessories,West India,16,11,5,5,4,1.0,6.0109224
2022-12-09,Fusion Case,Accessories,West India,1,12,9,4,4,4.0,9.013804
2023-01-17,Fusion Case,Accessories,West India,1,1,17,1,1,1.0,6.1133165
2023-05-24,Fusion Case,Accessories,West India,2,5,24,2,2,2.0,7.242316
2023-07-04,Fusion Case,Accessories,West India,77,7,4,1,3,48.0,5.2811723
2023-08-08,Fusion Case,Accessories,West India,41,8,8,1,3,1.0,5.687575
2023-09-23,Fusion Case,Accessories,West India,6,9,23,5,3,1.0,7.899934
2024-01-31,Fusion Case,Accessories,West India,2,1,31,2,1,5.0,6.786362
2024-03-27,Fusion Case,Accessories,West India,24,3,27,2,1,1.0,6.337684
2024-05-11,Fusion Case,Accessories,West India,4,5,11,5,2,1.0,5.3983154
2024-06-30,Fusion Case,Accessories,West India,8,6,30,6,2,1.0,5.2090693
2024-08-13,Fusion Case,Accessories,West India,2,8,13,1,3,3.0,8.689849
2024-09-29,Fusion Case,Accessories,West India,1,9,29,6,3,1.0,5.9305077
2021-02-06,Fusion Charger,Accessories,Central India,3,2,6,5,1,34.0,6.488002
2021-03-19,Fusion Charger,Accessories,Central India,2,3,19,4,1,1.0,6.549867
2021-06-12,Fusion Charger,Accessories,Central India,1,6,12,5,2,42.0,5.969542
2021-09-05,Fusion Charger,Accessories,Central India,3,9,5,6,3,46.0,6.294377
2021-11-06,Fusion Charger,Accessories,Central India,112,11,6,5,4,3.0,5.8945575
2022-03-18,Fusion Charger,Accessories,Central India,1,3,18,4,1,1.0,5.348498
2022-08-02,Fusion Charger,Accessories,Central India,1,8,2,1,3,1.0,5.8470197
2022-12-31,Fusion Charger,Accessories,Central India,1,12,31,5,4,1.0,4.68781
2023-08-07,Fusion Charger,Accessories,Central India,1,8,7,0,3,1.0,5.883648
2023-11-07,Fusion Charger,Accessories,Central India,2,11,7,1,4,20.0,5.0603127
2024-06-07,Fusion Charger,Accessories,Central India,1,6,7,4,2,1.0,5.9287167
2024-10-24,Fusion Charger,Accessories,Central India,2,10,24,3,4,2.0,5.9287167
2021-01-10,Fusion Charger,Accessories,East India,20,1,10,6,1,205.0,6.766668
2021-02-25,Fusion Charger,Accessories,East India,2,2,25,3,1,2.0,8.586404
2021-05-25,Fusion Charger,Accessories,East India,1,5,25,1,2,2.0,6.9667096
2021-08-03,Fusion Charger,Accessories,East India,1,8,3,1,3,1.0,5.276226
2021-11-15,Fusion Charger,Accessories,East India,1,11,15,0,4,1.0,7.1850753
2022-02-04,Fusion Charger,Accessories,East India,2,2,4,4,1,2.0,8.635965
2022-04-14,Fusion Charger,Accessories,East India,1,4,14,3,2,7.0,10.3036
2022-08-26,Fusion Charger,Accessories,East India,2,8,26,4,3,1.0,7.7584476
2022-10-17,Fusion Charger,Accessories,East India,73,10,17,0,4,7.0,3.1529994
2023-02-08,Fusion Charger,Accessories,East India,1,2,8,2,1,2.0,6.0071335
2023-09-10,Fusion Charger,Accessories,East India,2,9,10,6,3,1.0,6.7354693
2023-10-29,Fusion Charger,Accessories,East India,1,10,29,6,4,2.0,5.8180704
2024-04-03,Fusion Charger,Accessories,East India,1,4,3,2,2,1.0,5.8314304
2024-07-18,Fusion Charger,Accessories,East India,2,7,18,3,3,1.0,5.7590413
2021-04-03,Fusion Charger,Accessories,North India,3,4,3,5,2,2.0,2.5551982
2021-08-12,Fusion Charger,Accessories,North India,2,8,12,3,3,2.0,5.9287167
2021-10-30,Fusion Charger,Accessories,North India,10,10,30,5,4,5.0,9.087523
2022-10-08,Fusion Charger,Accessories,North India,2,10,8,5,4,29.0,6.653761
2022-12-27,Fusion Charger,Accessories,North India,1,12,27,1,4,3.0,6.098925
2023-02-02,Fusion Charger,Accessories,North India,2,2,2,3,1,26.0,5.7961783
2023-03-23,Fusion Charger,Accessories,North India,3,3,23,3,1,20.0,5.3225293
2023-05-12,Fusion Charger,Accessories,North India,2,5,12,4,2,17.0,6.516329
2024-01-12,Fusion Charger,Accessories,North India,3,1,12,4,1,1.0,9.379235
2024-02-27,Fusion Charger,Accessories,North India,1,2,27,1,1,2.0,9.978214
2024-05-06,Fusion Charger,Accessories,North India,1,5,6,0,2,1.0,8.754052
2024-06-18,Fusion Charger,Accessories,North India,1,6,18,1,2,1.0,8.333084
2024-09-11,Fusion Charger,Accessories,North India,1,9,11,2,3,2.0,6.1775036
2024-11-23,Fusion Charger,Accessories,North India,2,11,23,5,4,1.0,5.441328
2021-02-14,Fusion Charger,Accessories,South India,5,2,14,6,1,4.0,6.795862
2021-06-28,Fusion Charger,Accessories,South India,5,6,28,0,2,3.0,8.355671
2021-07-31,Fusion Charger,Accessories,South India,4,7,31,5,3,2.0,7.0341263
2021-10-26,Fusion Charger,Accessories,South India,31,10,26,1,4,56.0,6.7707076
2022-03-18,Fusion Charger,Accessories,South India,2,3,18,4,1,60.0,14.884307
2022-04-28,Fusion Charger,Accessories,South India,39,4,28,3,2,2.0,8.660052
2022-06-12,Fusion Charger,Accessories,South India,1,6,12,6,2,1.0,16.629232
2022-11-07,Fusion Charger,Accessories,South India,126,11,7,0,4,4.0,7.3002515
2022-12-18,Fusion Charger,Accessories,South India,4,12,18,6,4,1.0,7.555472
2023-01-28,Fusion Charger,Accessories,South India,4,1,28,5,1,1.0,7.8978767
2023-03-16,Fusion Charger,Accessories,South India,3,3,16,3,1,3.0,7.8978767
2023-05-06,Fusion Charger,Accessories,South India,1,5,6,5,2,38.0,11.751901
2023-07-03,Fusion Charger,Accessories,South India,1,7,3,0,3,1.0,8.982376
2023-10-18,Fusion Charger,Accessories,South India,1,10,18,2,4,3.0,14.742346
2023-11-28,Fusion Charger,Accessories,South India,3,11,28,1,4,3.0,15.923675
2024-01-16,Fusion Charger,Accessories,South India,1,1,16,1,1,3.0,13.919104
2024-02-25,Fusion Charger,Accessories,South India,44,2,25,6,1,1.0,10.527699
2024-06-25,Fusion Charger,Accessories,South India,3,6,25,1,2,1.0,17.886673
2024-11-06,Fusion Charger,Accessories,South India,1,11,6,2,4,18.0,21.360443
2024-12-27,Fusion Charger,Accessories,South India,2,12,27,4,4,1.0,9.698605
2021-03-26,Fusion Charger,Accessories,West India,5,3,26,4,1,2.0,20.804232
2021-07-07,Fusion Charger,Accessories,West India,4,7,7,2,3,1.0,10.769197
2021-09-24,Fusion Charger,Accessories,West India,3,9,24,4,3,12.0,22.529333
2021-11-25,Fusion Charger,Accessories,West India,4,11,25,3,4,12.0,20.695562
2022-02-03,Fusion Charger,Accessories,West India,39,2,3,3,1,57.0,18.933374
2022-04-20,Fusion Charger,Accessories,West India,3,4,20,2,2,3.0,19.934605
2022-07-03,Fusion Charger,Accessories,West India,1,7,3,6,3,1.0,12.406902
2022-09-27,Fusion Charger,Accessories,West India,3,9,27,1,3,5.0,51.075615
2022-11-22,Fusion Charger,Accessories,West India,6,11,22,1,4,1.0,-1.1530786
2023-02-02,Fusion Charger,Accessories,West India,1,2,2,3,1,4.0,10.005636
2023-04-27,Fusion Charger,Accessories,West India,2,4,27,3,2,3.0,15.665752
2023-07-28,Fusion Charger,Accessories,West India,13,7,28,4,3,1.0,10.23246
2023-10-08,Fusion Charger,Accessories,West India,1,10,8,6,4,2.0,7.5311747
2024-05-11,Fusion Charger,Accessories,West India,1,5,11,5,2,1.0,9.458536
2024-07-01,Fusion Charger,Accessories,West India,2,7,1,0,3,3.0,15.902232
2024-08-20,Fusion Charger,Accessories,West India,3,8,20,1,3,4.0,15.783187
2024-10-13,Fusion Charger,Accessories,West India,4,10,13,6,4,3.0,9.441967
2024-11-28,Fusion Charger,Accessories,West India,1,11,28,3,4,2.0,17.204962
2021-07-30,Fusion Earbuds,Accessories,Central India,1,7,30,4,3,1.0,16.48992
2022-02-18,Fusion Earbuds,Accessories,Central India,1,2,18,4,1,1.0,10.750793
2023-01-25,Fusion Earbuds,Accessories,Central India,1,1,25,2,1,1.0,14.87896
2023-11-05,Fusion Earbuds,Accessories,Central India,4,11,5,6,4,1.0,9.600171
2021-01-16,Fusion Earbuds,Accessories,East India,2,1,16,5,1,27.0,4.6672297
2021-03-18,Fusion Earbuds,Accessories,East India,1,3,18,3,1,13.0,9.202479
2022-01-10,Fusion Earbuds,Accessories,East India,1,1,10,0,1,1.0,11.805562
2022-05-14,Fusion Earbuds,Accessories,East India,1,5,14,5,2,2.0,7.7587476
2022-11-20,Fusion Earbuds,Accessories,East India,1,11,20,6,4,1.0,8.808475
2023-03-04,Fusion Earbuds,Accessories,East India,1,3,4,5,1,1.0,6.715423
2023-09-18,Fusion Earbuds,Accessories,East India,4,9,18,0,3,4.0,7.313472
2023-11-30,Fusion Earbuds,Accessories,East India,1,11,30,3,4,40.0,6.7061887
2024-05-22,Fusion Earbuds,Accessories,East India,3,5,22,2,2,1.0,10.46048
2024-08-19,Fusion Earbuds,Accessories,East India,2,8,19,0,3,1.0,7.3237824
2021-02-03,Fusion Earbuds,Accessories,North India,2,2,3,2,1,4.0,7.841258
2021-03-09,Fusion Earbuds,Accessories,North India,40,3,9,1,1,75.0,10.098448
2022-03-29,Fusion Earbuds,Accessories,North India,1,3,29,1,1,15.0,8.660847
2022-05-14,Fusion Earbuds,Accessories,North India,27,5,14,5,2,4.0,4.7984395
2022-08-07,Fusion Earbuds,Accessories,North India,3,8,7,6,3,1.0,6.298532
2022-10-01,Fusion Earbuds,Accessories,North India,1,10,1,5,4,2.0,5.1021733
2023-05-12,Fusion Earbuds,Accessories,North India,1,5,12,4,2,1.0,7.2211185
2023-09-15,Fusion Earbuds,Accessories,North India,3,9,15,4,3,2.0,11.386359
2023-11-17,Fusion Earbuds,Accessories,North India,3,11,17,4,4,4.0,7.3743196
2024-03-24,Fusion Earbuds,Accessories,North India,4,3,24,6,1,1.0,41.412987
2024-07-31,Fusion Earbuds,Accessories,North India,26,7,31,2,3,16.0,61.636517
2024-11-23,Fusion Earbuds,Accessories,North India,7,11,23,5,4,2.0,39.493183
2021-03-18,Fusion Earbuds,Accessories,South India,44,3,18,3,1,4.0,16.795023
2021-05-22,Fusion Earbuds,Accessories,South India,6,5,22,5,2,4.0,6.2735896
2021-11-07,Fusion Earbuds,Accessories,South India,5,11,7,6,4,3.0,7.648198
2021-12-31,Fusion Earbuds,Accessories,South India,62,12,31,4,4,2.0,19.277447
2022-02-28,Fusion Earbuds,Accessories,South India,3,2,28,0,1,31.0,10.076975
2022-04-16,Fusion Earbuds,Accessories,South India,1,4,16,5,2,19.0,18.965876
2022-07-17,Fusion Earbuds,Accessories,South India,1,7,17,6,3,2.0,7.4867516
2022-09-18,Fusion Earbuds,Accessories,South India,14,9,18,6,3,4.0,8.05461
2022-10-22,Fusion Earbuds,Accessories,South India,13,10,22,5,4,5.0,6.394542
2022-12-09,Fusion Earbuds,Accessories,South India,1,12,9,4,4,2.0,27.689556
2023-03-08,Fusion Earbuds,Accessories,South India,6,3,8,2,1,2.0,12.264711
2023-04-24,Fusion Earbuds,Accessories,South India,20,4,24,0,2,3.0,7.770243
2023-08-14,Fusion Earbuds,Accessories,South India,2,8,14,0,3,3.0,8.095934
2023-11-17,Fusion Earbuds,Accessories,South India,1,11,17,4,4,2.0,13.4317875
2024-03-15,Fusion Earbuds,Accessories,South India,34,3,15,4,1,1.0,11.30178
2024-07-20,Fusion Earbuds,Accessories,South India,5,7,20,5,3,2.0,15.382219
2024-10-16,Fusion Earbuds,Accessories,South India,2,10,16,2,4,2.0,8.436053
2021-01-26,Fusion Earbuds,Accessories,West India,46,1,26,1,1,2.0,6.37484
2021-04-02,Fusion Earbuds,Accessories,West India,63,4,2,4,2,3.0,7.6341586
2021-06-27,Fusion Earbuds,Accessories,West India,97,6,27,6,2,2.0,7.634956
2021-11-23,Fusion Earbuds,Accessories,West India,4,11,23,1,4,4.0,9.84996
2022-01-11,Fusion Earbuds,Accessories,West India,1,1,11,1,1,1.0,8.164213
2022-02-25,Fusion Earbuds,Accessories,West India,2,2,25,4,1,3.0,12.5996895
2022-04-28,Fusion Earbuds,Accessories,West India,2,4,28,3,2,1.0,6.5388713
2022-09-17,Fusion Earbuds,Accessories,West India,1,9,17,5,3,1.0,10.107361
2022-12-01,Fusion Earbuds,Accessories,West India,3,12,1,3,4,38.0,12.049944
2023-06-13,Fusion Earbuds,Accessories,West India,1,6,13,1,2,28.0,10.446297
2023-10-31,Fusion Earbuds,Accessories,West India,1,10,31,1,4,2.0,9.7816515
2023-12-18,Fusion Earbuds,Accessories,West India,1,12,18,0,4,1.0,9.603166
2024-02-05,Fusion Earbuds,Accessories,West India,1,2,5,0,1,21.0,8.345518
2024-03-13,Fusion Earbuds,Accessories,West India,20,3,13,2,1,1.0,8.345518
2021-12-23,Fusion Keyboard,Accessories,Central India,1,12,23,3,4,2.0,9.283658
2022-10-17,Fusion Keyboard,Accessories,Central India,37,10,17,0,4,1.0,7.3796434
2023-02-22,Fusion Keyboard,Accessories,Central India,1,2,22,2,1,43.0,7.7825847
2021-05-24,Fusion Keyboard,Accessories,East India,1,5,24,0,2,1.0,8.458846
2021-08-26,Fusion Keyboard,Accessories,East India,1,8,26,3,3,2.0,10.893616
2022-02-20,Fusion Keyboard,Accessories,East India,32,2,20,6,1,2.0,3.5813348
2023-10-03,Fusion Keyboard,Accessories,East India,2,10,3,1,4,4.0,7.7576056
2024-03-28,Fusion Keyboard,Accessories,East India,1,3,28,3,1,1.0,8.649825
2021-10-16,Fusion Keyboard,Accessories,North India,2,10,16,5,4,1.0,7.4365506
2022-01-16,Fusion Keyboard,Accessories,North India,6,1,16,6,1,3.0,7.6936965
2022-02-27,Fusion Keyboard,Accessories,North India,3,2,27,6,1,3.0,7.6936965
2022-04-24,Fusion Keyboard,Accessories,North India,1,4,24,6,2,1.0,12.627719
2022-12-06,Fusion Keyboard,Accessories,North India,3,12,6,1,4,1.0,6.44004
2023-03-30,Fusion Keyboard,Accessories,North India,2,3,30,3,1,2.0,9.406655
2023-06-23,Fusion Keyboard,Accessories,North India,1,6,23,4,2,1.0,9.228025
2023-08-24,Fusion Keyboard,Accessories,North India,20,8,24,3,3,1.0,9.4255295
2023-12-05,Fusion Keyboard,Accessories,North India,1,12,5,1,4,2.0,8.803443
2024-05-24,Fusion Keyboard,Accessories,North India,1,5,24,4,2,2.0,12.518289
2021-05-28,Fusion Keyboard,Accessories,South India,98,5,28,4,2,4.0,10.641587
2021-07-27,Fusion Keyboard,Accessories,South India,2,7,27,1,3,3.0,7.9366693
2022-05-08,Fusion Keyboard,Accessories,South India,7,5,8,6,2,30.0,6.729723
2022-11-06,Fusion Keyboard,Accessories,South India,2,11,6,6,4,1.0,8.080771
2022-12-17,Fusion Keyboard,Accessories,South India,8,12,17,5,4,3.0,11.296092
2023-02-26,Fusion Keyboard,Accessories,South India,1,2,26,6,1,2.0,8.469393
2023-08-27,Fusion Keyboard,Accessories,South India,1,8,27,6,3,2.0,8.974699
2023-10-03,Fusion Keyboard,Accessories,South India,3,10,3,1,4,6.0,11.478106
2023-11-13,Fusion Keyboard,Accessories,South India,10,11,13,0,4,65.0,14.977228
2023-12-09,Fusion Keyboard,Accessories,South India,1,12,9,5,4,3.0,8.272074
2024-01-31,Fusion Keyboard,Accessories,South India,2,1,31,2,1,2.0,5.7859178
2024-05-05,Fusion Keyboard,Accessories,South India,3,5,5,6,2,1.0,7.9407215
2024-06-28,Fusion Keyboard,Accessories,South India,2,6,28,4,2,63.0,7.9834714
2024-08-17,Fusion Keyboard,Accessories,South India,4,8,17,5,3,1.0,8.249197
2024-11-13,Fusion Keyboard,Accessories,South India,2,11,13,2,4,2.0,5.6823454
2024-12-25,Fusion Keyboard,Accessories,South India,2,12,25,2,4,1.0,6.8385262
2021-06-30,Fusion Keyboard,Accessories,West India,2,6,30,2,2,4.0,7.235609
2022-02-13,Fusion Keyboard,Accessories,West India,6,2,13,6,1,2.0,5.0879416
2022-04-20,Fusion Keyboard,Accessories,West India,2,4,20,2,2,1.0,5.5939636
2022-06-26,Fusion Keyboard,Accessories,West India,39,6,26,6,2,4.0,9.570064
2022-09-23,Fusion Keyboard,Accessories,West India,1,9,23,4,3,2.0,7.681596
2022-11-06,Fusion Keyboard,Accessories,West India,2,11,6,6,4,49.0,6.840068
2023-06-04,Fusion Keyboard,Accessories,West India,46,6,4,6,2,1.0,6.1133165
2023-08-11,Fusion Keyboard,Accessories,West India,3,8,11,4,3,3.0,8.737429
2023-10-22,Fusion Keyboard,Accessories,West India,3,10,22,6,4,2.0,7.0906606
2024-01-10,Fusion Keyboard,Accessories,West India,1,1,10,2,1,2.0,7.942006
2024-04-30,Fusion Keyboard,Accessories,West India,4,4,30,1,2,2.0,4.795903
2024-06-24,Fusion Keyboard,Accessories,West India,1,6,24,0,2,3.0,8.274688
2024-08-20,Fusion Keyboard,Accessories,West India,1,8,20,1,3,1.0,7.899934
2024-10-20,Fusion Keyboard,Accessories,West India,5,10,20,6,4,4.0,6.7325115
2024-12-21,Fusion Keyboard,Accessories,West India,33,12,21,5,4,1.0,8.865103
2021-09-14,Fusion Mouse,Accessories,Central India,1,9,14,1,3,1.0,6.6997213
2021-12-11,Fusion Mouse,Accessories,Central India,1,12,11,5,4,1.0,5.833181
2022-12-05,Fusion Mouse,Accessories,Central India,1,12,5,0,4,1.0,5.274144
2023-09-03,Fusion Mouse,Accessories,Central India,1,9,3,6,3,1.0,5.6030774
2024-08-27,Fusion Mouse,Accessories,Central India,1,8,27,1,3,1.0,6.9630375
2021-08-04,Fusion Mouse,Accessories,East India,1,8,4,2,3,1.0,12.149779
2021-10-24,Fusion Mouse,Accessories,East India,1,10,24,6,4,28.0,10.275672
2022-01-13,Fusion Mouse,Accessories,East India,145,1,13,3,1,1.0,6.034617
2022-05-02,Fusion Mouse,Accessories,East India,4,5,2,0,2,1.0,5.8945575
2022-09-13,Fusion Mouse,Accessories,East India,43,9,13,1,3,3.0,8.7256
2022-11-18,Fusion Mouse,Accessories,East India,1,11,18,4,4,4.0,6.6220293
2023-03-14,Fusion Mouse,Accessories,East India,1,3,14,1,1,3.0,8.245466
2023-07-01,Fusion Mouse,Accessories,East India,2,7,1,5,3,1.0,6.305515
2023-10-02,Fusion Mouse,Accessories,East India,2,10,2,0,4,22.0,5.7439613
2023-12-04,Fusion Mouse,Accessories,East India,1,12,4,0,4,1.0,6.001106
2024-05-07,Fusion Mouse,Accessories,East India,2,5,7,1,2,1.0,7.168814
2024-09-30,Fusion Mouse,Accessories,East India,1,9,30,0,3,1.0,6.8723946
2021-06-04,Fusion Mouse,Accessories,North India,1,6,4,4,2,2.0,6.8162003
2021-07-12,Fusion Mouse,Accessories,North India,1,7,12,0,3,1.0,7.667677
2021-10-01,Fusion Mouse,Accessories,North India,4,10,1,4,4,1.0,7.0568166
2021-11-16,Fusion Mouse,Accessories,North India,3,11,16,1,4,62.0,7.937647
2022-01-05,Fusion Mouse,Accessories,North India,13,1,5,2,1,5.0,16.230015
2022-02-27,Fusion Mouse,Accessories,North India,7,2,27,6,1,2.0,6.599558
2022-08-28,Fusion Mouse,Accessories,North India,64,8,28,6,3,2.0,5.2906775
2022-12-05,Fusion Mouse,Accessories,North India,2,12,5,0,4,42.0,6.1804504
2023-12-20,Fusion Mouse,Accessories,North India,11,12,20,2,4,75.0,9.831949
2024-05-24,Fusion Mouse,Accessories,North India,3,5,24,4,2,1.0,6.5027328
2021-07-21,Fusion Mouse,Accessories,South India,3,7,21,2,3,3.0,6.0681105
2021-10-07,Fusion Mouse,Accessories,South India,5,10,7,3,4,42.0,6.7306695
2021-12-13,Fusion Mouse,Accessories,South India,3,12,13,0,4,5.0,5.8777623
2022-05-11,Fusion Mouse,Accessories,South India,1,5,11,2,2,29.0,5.7961783
2022-08-04,Fusion Mouse,Accessories,South India,1,8,4,3,3,5.0,9.710165
2023-02-18,Fusion Mouse,Accessories,South India,4,2,18,5,1,185.0,5.5782003
2023-07-07,Fusion Mouse,Accessories,South India,3,7,7,4,3,2.0,6.8393574
2023-09-02,Fusion Mouse,Accessories,South India,1,9,2,5,3,3.0,7.8635545
2023-10-13,Fusion Mouse,Accessories,South India,4,10,13,4,4,5.0,6.0471406
2023-11-23,Fusion Mouse,Accessories,South India,2,11,23,3,4,39.0,6.1775036
2024-01-01,Fusion Mouse,Accessories,South India,1,1,1,0,1,2.0,9.281764
2021-04-30,Fusion Mouse,Accessories,West India,2,4,30,4,2,1.0,7.4339695
2021-06-11,Fusion Mouse,Accessories,West India,1,6,11,4,2,1.0,7.4711065
2021-07-19,Fusion Mouse,Accessories,West India,2,7,19,0,3,1.0,6.8450947
2021-09-15,Fusion Mouse,Accessories,West India,1,9,15,2,3,2.0,6.959318
2022-01-22,Fusion Mouse,Accessories,West India,8,1,22,5,1,5.0,7.21138
2022-03-28,Fusion Mouse,Accessories,West India,8,3,28,0,1,1.0,10.86526
2022-06-25,Fusion Mouse,Accessories,West India,3,6,25,5,2,1.0,10.17796
2022-12-13,Fusion Mouse,Accessories,West India,2,12,13,1,4,1.0,7.274198
2023-02-03,Fusion Mouse,Accessories,West India,1,2,3,4,1,3.0,7.348452
2023-04-22,Fusion Mouse,Accessories,West India,5,4,22,5,2,1.0,11.944759
2023-07-05,Fusion Mouse,Accessories,West India,11,7,5,2,3,2.0,9.061839
2023-11-05,Fusion Mouse,Accessories,West India,10,11,5,6,4,4.0,14.276493
2024-03-17,Fusion Mouse,Accessories,West India,1,3,17,6,1,3.0,8.600363
2024-05-09,Fusion Mouse,Accessories,West India,27,5,9,3,2,1.0,13.272019
2024-07-14,Fusion Mouse,Accessories,West India,1,7,14,6,3,5.0,14.020026
2022-05-16,Fusion Watch Lite,Wearables,Central India,1,5,16,0,2,1.0,9.169687
2022-04-14,Fusion Watch Lite,Wearables,East India,1,4,14,3,2,192.0,19.821728
2023-09-05,Fusion Watch Lite,Wearables,East India,1,9,5,1,3,1.0,17.564133
2021-12-05,Fusion Watch Lite,Wearables,North India,1,12,5,6,4,1.0,16.178741
2023-05-21,Fusion Watch Lite,Wearables,North India,2,5,21,6,2,1.0,20.83827
2024-06-18,Fusion Watch Lite,Wearables,North India,1,6,18,1,2,1.0,22.13985
2021-11-01,Fusion Watch Lite,Wearables,South India,46,11,1,0,4,2.0,17.952772
2022-05-22,Fusion Watch Lite,Wearables,South India,23,5,22,6,2,4.0,20.305874
2022-12-31,Fusion Watch Lite,Wearables,South India,1,12,31,5,4,1.0,10.106746
2023-12-28,Fusion Watch Lite,Wearables,South India,1,12,28,3,4,1.0,10.153639
2023-01-18,Fusion Watch Lite,Wearables,West India,2,1,18,2,1,1.0,18.999819
2023-06-17,Fusion Watch Lite,Wearables,West India,1,6,17,5,2,1.0,9.718444
2023-12-30,Fusion Watch Lite,Wearables,West India,1,12,30,5,4,1.0,18.523018
2022-05-16,Fusion Watch Pro,Wearables,Central India,1,5,16,0,2,1.0,10.362707
2023-06-03,Fusion Watch Pro,Wearables,North India,2,6,3,5,2,1.0,9.339491
2022-04-23,Fusion Watch Pro,Wearables,South India,81,4,23,5,2,39.0,9.125238
2022-11-11,Fusion Watch Pro,Wearables,South India,1,11,11,4,4,1.0,6.4072223
2023-04-15,Fusion Watch Pro,Wearables,South India,2,4,15,5,2,20.0,6.4072223
2023-09-03,Fusion Watch Pro,Wearables,South India,1,9,3,6,3,1.0,13.58054
2024-04-03,Fusion Watch Pro,Wearables,South India,2,4,3,2,2,1.0,3.5696952
2024-08-03,Fusion Watch Pro,Wearables,South India,1,8,3,5,3,1.0,13.649944
2022-05-22,Fusion Watch Pro,Wearables,West India,1,5,22,6,2,1.0,7.2270055
2024-07-13,Fusion Watch Pro,Wearables,West India,1,7,13,5,3,1.0,9.214262
2021-10-01,FusionBook Air,Laptops,Central India,40,10,1,4,4,44.0,8.287501
2023-03-18,FusionBook Air,Laptops,Central India,26,3,18,5,1,1.0,6.356643
2021-02-20,FusionBook Air,Laptops,East India,1,2,20,5,1,27.0,6.992163
2021-04-15,FusionBook Air,Laptops,East India,42,4,15,3,2,233.0,7.7532864
2021-06-10,FusionBook Air,Laptops,East India,1,6,10,3,2,194.0,0.9872951
2022-05-13,FusionBook Air,Laptops,East India,1,5,13,4,2,56.0,4.192111
2022-11-26,FusionBook Air,Laptops,East India,46,11,26,5,4,1.0,1.9587123
2024-10-25,FusionBook Air,Laptops,East India,58,10,25,4,4,1.0,5.1021733
2021-03-10,FusionBook Air,Laptops,North India,3,3,10,2,1,112.0,6.376822
2021-06-11,FusionBook Air,Laptops,North India,84,6,11,4,2,92.0,7.3900204
2021-10-09,FusionBook Air,Laptops,North India,108,10,9,5,4,29.0,6.56308
2021-12-10,FusionBook Air,Laptops,North India,35,12,10,4,4,2.0,20.634928
2022-02-21,FusionBook Air,Laptops,North India,97,2,21,0,1,44.0,7.3497334
2022-05-05,FusionBook Air,Laptops,North India,35,5,5,3,2,15.0,7.86175
2022-06-28,FusionBook Air,Laptops,North India,16,6,28,1,2,25.0,15.362827
2022-10-31,FusionBook Air,Laptops,North India,2,10,31,0,4,35.0,7.7564497
2022-12-21,FusionBook Air,Laptops,North India,88,12,21,2,4,1.0,22.246988
2023-02-24,FusionBook Air,Laptops,North India,1,2,24,4,1,1.0,10.388862
2023-04-21,FusionBook Air,Laptops,North India,14,4,21,4,2,33.0,8.298232
2023-09-12,FusionBook Air,Laptops,North India,28,9,12,1,3,1.0,47.53066
2023-12-07,FusionBook Air,Laptops,North India,21,12,7,3,4,1.0,11.237684
2024-09-29,FusionBook Air,Laptops,North India,1,9,29,6,3,1.0,18.329144
2021-03-31,FusionBook Air,Laptops,South India,35,3,31,2,1,311.0,10.076975
2021-05-22,FusionBook Air,Laptops,South India,42,5,22,5,2,60.0,15.888195
2021-07-23,FusionBook Air,Laptops,South India,39,7,23,4,3,51.0,7.427513
2021-09-21,FusionBook Air,Laptops,South India,1,9,21,1,3,1.0,7.529907
2022-01-09,FusionBook Air,Laptops,South India,3,1,9,6,1,40.0,18.60899
2022-07-10,FusionBook Air,Laptops,South India,39,7,10,6,3,5.0,9.859727
2022-11-19,FusionBook Air,Laptops,South India,118,11,19,5,4,184.0,7.9379225
2023-01-11,FusionBook Air,Laptops,South India,48,1,11,2,1,12.0,12.869966
2023-06-18,FusionBook Air,Laptops,South India,1,6,18,6,2,2.0,8.007572
2023-10-19,FusionBook Air,Laptops,South India,1,10,19,3,4,173.0,8.895178
2024-03-05,FusionBook Air,Laptops,South India,120,3,5,1,1,2.0,8.26122
2024-04-26,FusionBook Air,Laptops,South India,1,4,26,4,2,11.0,12.229511
2024-09-27,FusionBook Air,Laptops,South India,1,9,27,4,3,1.0,9.575772
2021-03-04,FusionBook Air,Laptops,West India,2,3,4,3,1,1.0,7.6330023
2021-04-12,FusionBook Air,Laptops,West India,74,4,12,0,2,180.0,9.631738
2021-05-30,FusionBook Air,Laptops,West India,26,5,30,6,2,44.0,7.611186
2021-10-22,FusionBook Air,Laptops,West India,2,10,22,4,4,126.0,12.782178
2022-03-13,FusionBook Air,Laptops,West India,79,3,13,6,1,1.0,7.4417906
2022-12-18,FusionBook Air,Laptops,West India,13,12,18,6,4,1.0,7.378475
2023-03-28,FusionBook Air,Laptops,West India,1,3,28,1,1,1.0,8.793233
2023-09-25,FusionBook Air,Laptops,West India,2,9,25,0,3,24.0,9.603166
2024-04-08,FusionBook Air,Laptops,West India,48,4,8,0,2,2.0,6.143297
2024-08-05,FusionBook Air,Laptops,West India,75,8,5,0,3,81.0,7.4026146
2024-12-02,FusionBook Air,Laptops,West India,193,12,2,0,4,61.0,7.2772493
2023-05-16,FusionBook Pro,Laptops,Central India,5,5,16,1,2,42.0,9.380429
2024-02-15,FusionBook Pro,Laptops,Central India,15,2,15,3,1,1.0,9.113434
2024-09-05,FusionBook Pro,Laptops,Central India,1,9,5,3,3,35.0,9.643126
2021-06-29,FusionBook Pro,Laptops,East India,295,6,29,1,2,144.0,11.811896
2022-07-08,FusionBook Pro,Laptops,East India,28,7,8,4,3,110.0,15.341499
2023-01-03,FusionBook Pro,Laptops,East India,34,1,3,1,1,46.0,12.147975
2023-04-24,FusionBook Pro,Laptops,East India,5,4,24,0,2,1.0,7.301233
2024-02-21,FusionBook Pro,Laptops,East India,57,2,21,2,1,1.0,8.649825
2024-06-21,FusionBook Pro,Laptops,East India,15,6,21,4,2,73.0,8.046525
2021-07-25,FusionBook Pro,Laptops,North India,37,7,25,6,3,125.0,7.384958
2022-04-28,FusionBook Pro,Laptops,North India,1,4,28,3,2,3.0,12.826188
2022-06-22,FusionBook Pro,Laptops,North India,41,6,22,2,2,2.0,13.022706
2022-10-09,FusionBook Pro,Laptops,North India,187,10,9,6,4,39.0,7.5913024
2023-01-13,FusionBook Pro,Laptops,North India,36,1,13,4,1,7.0,11.152508
2023-07-22,FusionBook Pro,Laptops,North India,61,7,22,5,3,1.0,9.638062
2023-09-10,FusionBook Pro,Laptops,North India,127,9,10,6,3,2.0,7.7206006
2023-11-02,FusionBook Pro,Laptops,North India,1,11,2,3,4,1.0,7.580911
2021-06-26,FusionBook Pro,Laptops,South India,31,6,26,5,2,51.0,12.648592
2022-05-03,FusionBook Pro,Laptops,South India,1,5,3,1,2,1.0,6.729723
2022-06-09,FusionBook Pro,Laptops,South India,2,6,9,3,2,133.0,9.286903
2022-08-01,FusionBook Pro,Laptops,South India,23,8,1,0,3,2.0,12.391252
2022-11-05,FusionBook Pro,Laptops,South India,235,11,5,5,4,32.0,7.863636
2023-01-09,FusionBook Pro,Laptops,South India,45,1,9,0,1,1.0,7.583839
2023-03-26,FusionBook Pro,Laptops,South India,1,3,26,6,1,273.0,10.635521
2023-11-14,FusionBook Pro,Laptops,South India,65,11,14,1,4,342.0,11.671662
2024-02-07,FusionBook Pro,Laptops,South India,1,2,7,2,1,1.0,6.675278
2024-05-27,FusionBook Pro,Laptops,South India,1,5,27,0,2,10.0,6.328054
2021-07-22,FusionBook Pro,Laptops,West India,2,7,22,3,3,56.0,11.566616
2021-09-09,FusionBook Pro,Laptops,West India,1,9,9,3,3,94.0,7.7405324
2021-10-19,FusionBook Pro,Laptops,West India,1,10,19,1,4,1.0,6.496794
2021-11-25,FusionBook Pro,Laptops,West India,1,11,25,3,4,2.0,6.427335
2022-04-16,FusionBook Pro,Laptops,West India,69,4,16,5,2,89.0,6.6754727
2022-06-20,FusionBook Pro,Laptops,West India,1,6,20,0,2,77.0,6.0316195
2022-08-28,FusionBook Pro,Laptops,West India,26,8,28,6,3,3.0,5.9948964
2022-11-27,FusionBook Pro,Laptops,West India,1,11,27,6,4,108.0,7.429842
2023-01-18,FusionBook Pro,Laptops,West India,38,1,18,2,1,36.0,6.9632144
2023-03-15,FusionBook Pro,Laptops,West India,1,3,15,2,1,189.0,8.737429
2023-09-08,FusionBook Pro,Laptops,West India,47,9,8,4,3,22.0,9.7867985
2023-10-06,FusionBook Pro,Laptops,West India,29,10,6,4,4,78.0,6.635585
2023-11-24,FusionBook Pro,Laptops,West India,1,11,24,4,4,1.0,6.4042273
2024-02-19,FusionBook Pro,Laptops,West India,56,2,19,0,1,2.0,8.231527
2024-07-09,FusionBook Pro,Laptops,West India,2,7,9,1,3,1.0,8.865103
2024-11-15,FusionBook Pro,Laptops,West India,58,11,15,4,4,11.0,5.96459
2022-04-20,FusionBook Ultra,Laptops,Central India,26,4,20,2,2,22.0,5.1826277
2022-10-10,FusionBook Ultra,Laptops,Central India,6,10,10,0,4,1.0,5.651134
2023-06-23,FusionBook Ultra,Laptops,Central India,2,6,23,4,2,1.0,5.201755
2023-11-11,FusionBook Ultra,Laptops,Central India,1,11,11,5,4,1.0,5.6030774
2024-06-29,FusionBook Ultra,Laptops,Central India,22,6,29,5,2,1.0,7.968679
2022-05-09,FusionBook Ultra,Laptops,East India,46,5,9,0,2,2.0,6.485933
2022-08-07,FusionBook Ultra,Laptops,East India,1,8,7,6,3,1.0,9.059148
2022-10-31,FusionBook Ultra,Laptops,East India,44,10,31,0,4,1.0,6.066304
2023-01-10,FusionBook Ultra,Laptops,East India,1,1,10,1,1,1.0,5.964389
2023-05-04,FusionBook Ultra,Laptops,East India,9,5,4,3,2,94.0,5.962228
2023-11-09,FusionBook Ultra,Laptops,East India,22,11,9,3,4,26.0,7.8828554
2024-02-25,FusionBook Ultra,Laptops,East India,1,2,25,6,1,1.0,6.903457
2024-08-11,FusionBook Ultra,Laptops,East India,1,8,11,6,3,2.0,5.6381726
2024-11-15,FusionBook Ultra,Laptops,East India,1,11,15,4,4,1.0,5.3028727
2022-04-20,FusionBook Ultra,Laptops,North India,79,4,20,2,2,1.0,7.1430526
2022-06-14,FusionBook Ultra,Laptops,North India,89,6,14,1,2,79.0,6.600022
2022-07-24,FusionBook Ultra,Laptops,North India,2,7,24,6,3,1.0,6.8723946
2022-11-05,FusionBook Ultra,Laptops,North India,215,11,5,5,4,21.0,6.5492644
2022-12-06,FusionBook Ultra,Laptops,North India,16,12,6,1,4,1.0,3.8457863
2023-01-19,FusionBook Ultra,Laptops,North India,127,1,19,3,1,9.0,6.1404996
2023-07-08,FusionBook Ultra,Laptops,North India,60,7,8,5,3,51.0,6.129859
2023-09-09,FusionBook Ultra,Laptops,North India,49,9,9,5,3,1.0,5.479068
2024-03-16,FusionBook Ultra,Laptops,North India,2,3,16,5,1,8.0,5.614713
2024-12-17,FusionBook Ultra,Laptops,North India,212,12,17,1,4,26.0,5.477433
2022-07-17,FusionBook Ultra,Laptops,South India,1,7,17,6,3,34.0,8.152659
2022-10-31,FusionBook Ultra,Laptops,South India,24,10,31,0,4,2.0,8.795758
2024-02-07,FusionBook Ultra,Laptops,South India,25,2,7,2,1,22.0,5.8987117
2024-06-08,FusionBook Ultra,Laptops,South India,3,6,8,5,2,2.0,6.0681105
2024-11-23,FusionBook Ultra,Laptops,South India,28,11,23,5,4,14.0,5.738075
2022-03-20,FusionBook Ultra,Laptops,West India,1,3,20,6,1,0.0,6.6164675
2022-05-12,FusionBook Ultra,Laptops,West India,25,5,12,3,2,68.0,8.978848
2022-08-30,FusionBook Ultra,Laptops,West India,1,8,30,1,3,11.0,8.688732
2022-12-03,FusionBook Ultra,Laptops,West India,1,12,3,5,4,1.0,7.0233107
2023-06-28,FusionBook Ultra,Laptops,West India,3,6,28,2,2,48.0,5.5782003
2023-11-03,FusionBook Ultra,Laptops,West India,54,11,3,4,4,2.0,6.4894824
2024-02-11,FusionBook Ultra,Laptops,West India,68,2,11,6,1,2.0,5.9769125
2024-04-01,FusionBook Ultra,Laptops,West India,1,4,1,0,2,70.0,6.1122155
2024-05-25,FusionBook Ultra,Laptops,West India,1,5,25,5,2,1.0,9.801973
2024-11-02,FusionBook Ultra,Laptops,West India,116,11,2,5,4,229.0,8.743033
2024-12-20,FusionBook Ultra,Laptops,West India,96,12,20,4,4,97.0,6.094205
2021-03-13,FusionPhone Lite,Smartphones,Central India,3,3,13,5,1,1.0,7.3509536
2021-05-10,FusionPhone Lite,Smartphones,Central India,1,5,10,0,2,3.0,6.6684074
2021-09-13,FusionPhone Lite,Smartphones,Central India,2,9,13,0,3,17.0,6.5960183
2022-09-22,FusionPhone Lite,Smartphones,Central India,1,9,22,3,3,1.0,8.10672
2023-11-21,FusionPhone Lite,Smartphones,Central India,2,11,21,1,4,1.0,5.54371
2024-09-17,FusionPhone Lite,Smartphones,Central India,1,9,17,1,3,1.0,11.181596
2021-02-28,FusionPhone Lite,Smartphones,East India,3,2,28,6,1,17.0,9.343204
2021-07-10,FusionPhone Lite,Smartphones,East India,1,7,10,5,3,1.0,10.735203
2022-01-10,FusionPhone Lite,Smartphones,East India,1,1,10,0,1,1.0,13.415429
2022-05-02,FusionPhone Lite,Smartphones,East India,3,5,2,0,2,1.0,7.5207734
2022-08-03,FusionPhone Lite,Smartphones,East India,1,8,3,2,3,31.0,9.061839
2022-10-31,FusionPhone Lite,Smartphones,East India,2,10,31,0,4,1.0,10.121043
2023-05-13,FusionPhone Lite,Smartphones,East India,1,5,13,5,2,2.0,9.277654
2023-09-26,FusionPhone Lite,Smartphones,East India,3,9,26,1,3,1.0,8.082794
2024-10-16,FusionPhone Lite,Smartphones,East India,3,10,16,2,4,2.0,12.437962
2021-03-25,FusionPhone Lite,Smartphones,North India,2,3,25,3,1,52.0,9.756674
2021-05-11,FusionPhone Lite,Smartphones,North India,2,5,11,1,2,2.0,17.39059
2021-06-30,FusionPhone Lite,Smartphones,North India,2,6,30,2,2,2.0,8.364845
2021-08-12,FusionPhone Lite,Smartphones,North India,4,8,12,3,3,2.0,10.367506
2021-10-17,FusionPhone Lite,Smartphones,North India,49,10,17,6,4,5.0,20.694674
2021-12-09,FusionPhone Lite,Smartphones,North India,3,12,9,3,4,3.0,10.503445
2022-03-24,FusionPhone Lite,Smartphones,North India,1,3,24,3,1,48.0,22.328207
2022-05-06,FusionPhone Lite,Smartphones,North India,6,5,6,4,2,4.0,20.527752
2022-08-23,FusionPhone Lite,Smartphones,North India,1,8,23,1,3,2.0,10.153639
2022-12-16,FusionPhone Lite,Smartphones,North India,2,12,16,4,4,2.0,9.177358
2023-04-21,FusionPhone Lite,Smartphones,North India,60,4,21,4,2,2.0,15.236147
2023-06-15,FusionPhone Lite,Smartphones,North India,24,6,15,3,2,1.0,9.718444
2023-08-23,FusionPhone Lite,Smartphones,North India,1,8,23,2,3,38.0,15.161253
2023-10-21,FusionPhone Lite,Smartphones,North India,3,10,21,5,4,2.0,8.80742
2024-02-27,FusionPhone Lite,Smartphones,North India,1,2,27,1,1,2.0,10.393313
2024-05-27,FusionPhone Lite,Smartphones,North India,1,5,27,0,2,1.0,20.108734
2024-08-29,FusionPhone Lite,Smartphones,North India,2,8,29,3,3,1.0,16.45163
2024-11-18,FusionPhone Lite,Smartphones,North India,2,11,18,0,4,6.0,15.739505
2021-03-09,FusionPhone Lite,Smartphones,South India,2,3,9,1,1,45.0,10.69479
2021-05-15,FusionPhone Lite,Smartphones,South India,31,5,15,5,2,3.0,15.695215
2021-07-25,FusionPhone Lite,Smartphones,South India,2,7,25,6,3,2.0,10.265285
2022-02-23,FusionPhone Lite,Smartphones,South India,3,2,23,2,1,2.0,17.965563
2022-05-05,FusionPhone Lite,Smartphones,South India,2,5,5,3,2,2.0,9.125238
2022-08-05,FusionPhone Lite,Smartphones,South India,50,8,5,4,3,3.0,25.443193
2022-11-22,FusionPhone Lite,Smartphones,South India,1,11,22,1,4,5.0,15.119958
2023-05-05,FusionPhone Lite,Smartphones,South India,1,5,5,4,2,1.0,7.2270055
2023-09-12,FusionPhone Lite,Smartphones,South India,1,9,12,1,3,1.0,7.0199866
2023-11-06,FusionPhone Lite,Smartphones,South India,15,11,6,0,4,37.0,14.773232
2024-01-01,FusionPhone Lite,Smartphones,South India,2,1,1,0,1,74.0,8.469387
2024-09-01,FusionPhone Lite,Smartphones,South India,4,9,1,6,3,3.0,7.801998
2021-02-07,FusionPhone Lite,Smartphones,West India,8,2,7,6,1,30.0,7.4079504
2021-03-24,FusionPhone Lite,Smartphones,West India,3,3,24,2,1,2.0,7.458399
2021-07-16,FusionPhone Lite,Smartphones,West India,3,7,16,4,3,4.0,6.6218805
2021-08-23,FusionPhone Lite,Smartphones,West India,14,8,23,0,3,21.0,7.7532864
2021-11-11,FusionPhone Lite,Smartphones,West India,2,11,11,3,4,4.0,8.228364
2022-08-01,FusionPhone Lite,Smartphones,West India,3,8,1,0,3,1.0,8.0138235
2023-01-19,FusionPhone Lite,Smartphones,West India,1,1,19,3,1,1.0,4.6293683
2023-03-09,FusionPhone Lite,Smartphones,West India,1,3,9,3,1,3.0,4.623402
2024-06-28,FusionPhone Lite,Smartphones,West India,2,6,28,4,2,2.0,7.3497334
2024-09-10,FusionPhone Lite,Smartphones,West India,2,9,10,1,3,2.0,16.678034
2024-11-25,FusionPhone Lite,Smartphones,West India,3,11,25,0,4,2.0,8.208948
2024-04-23,FusionPhone Ultra,Smartphones,Central India,31,4,23,1,2,1.0,14.872839
2024-09-18,FusionPhone Ultra,Smartphones,Central India,1,9,18,2,3,1.0,8.746819
2023-02-28,FusionPhone Ultra,Smartphones,East India,44,2,28,1,1,1.0,23.415594
2023-09-14,FusionPhone Ultra,Smartphones,East India,2,9,14,3,3,1.0,6.5388083
2024-02-02,FusionPhone Ultra,Smartphones,East India,1,2,2,4,1,1.0,8.446916
2024-05-02,FusionPhone Ultra,Smartphones,East India,1,5,2,3,2,1.0,8.241134
2024-09-13,FusionPhone Ultra,Smartphones,East India,1,9,13,4,3,1.0,10.732563
2024-12-21,FusionPhone Ultra,Smartphones,East India,1,12,21,5,4,2.0,16.897997
2022-11-12,FusionPhone Ultra,Smartphones,North India,3,11,12,5,4,1.0,7.1622944
2023-01-08,FusionPhone Ultra,Smartphones,North India,3,1,8,6,1,30.0,18.808788
2023-10-01,FusionPhone Ultra,Smartphones,North India,3,10,1,6,4,2.0,33.59282
2024-03-31,FusionPhone Ultra,Smartphones,North India,4,3,31,6,1,2.0,10.030376
2024-08-28,FusionPhone Ultra,Smartphones,North India,1,8,28,2,3,13.0,13.035002
2024-10-09,FusionPhone Ultra,Smartphones,North India,6,10,9,2,4,1.0,14.154326
2023-11-06,FusionPhone Ultra,Smartphones,South India,42,11,6,0,4,10.0,8.642136
2023-12-13,FusionPhone Ultra,Smartphones,South India,1,12,13,2,4,1.0,17.691446
2024-10-02,FusionPhone Ultra,Smartphones,South India,2,10,2,2,4,1.0,9.750029
2024-11-15,FusionPhone Ultra,Smartphones,South India,3,11,15,4,4,1.0,9.921833
2024-12-31,FusionPhone Ultra,Smartphones,South India,1,12,31,1,4,56.0,8.784815
2023-03-21,FusionPhone Ultra,Smartphones,West India,1,3,21,1,1,122.0,12.107261
2023-07-05,FusionPhone Ultra,Smartphones,West India,1,7,5,2,3,2.0,10.049371
2023-08-19,FusionPhone Ultra,Smartphones,West India,4,8,19,5,3,1.0,8.179756
2024-01-11,FusionPhone Ultra,Smartphones,West India,3,1,11,3,1,1.0,13.658951
2024-03-05,FusionPhone Ultra,Smartphones,West India,1,3,5,1,1,1.0,7.44355
2024-09-16,FusionPhone Ultra,Smartphones,West India,1,9,16,0,3,46.0,8.413189
2021-11-23,FusionPhone X,Smartphones,Central India,2,11,23,1,4,1.0,10.770046
2022-03-18,FusionPhone X,Smartphones,Central India,2,3,18,4,1,2.0,8.081874
2022-11-05,FusionPhone X,Smartphones,Central India,152,11,5,5,4,2.0,6.4746585
2023-05-29,FusionPhone X,Smartphones,Central India,1,5,29,0,2,1.0,11.073567
2024-01-18,FusionPhone X,Smartphones,Central India,1,1,18,3,1,1.0,9.089863
2024-07-16,FusionPhone X,Smartphones,Central India,1,7,16,1,3,1.0,13.133801
2024-10-24,FusionPhone X,Smartphones,Central India,1,10,24,3,4,1.0,11.520342
2021-09-02,FusionPhone X,Smartphones,East India,1,9,2,3,3,1.0,7.2772493
2022-08-08,FusionPhone X,Smartphones,East India,1,8,8,0,3,1.0,8.675713
2024-11-04,FusionPhone X,Smartphones,East India,1,11,4,0,4,1.0,10.607873
2021-09-06,FusionPhone X,Smartphones,North India,1,9,6,0,3,24.0,8.046525
2021-10-22,FusionPhone X,Smartphones,North India,6,10,22,4,4,2.0,8.046525
2022-01-28,FusionPhone X,Smartphones,North India,1,1,28,4,1,1.0,8.670126
2022-03-13,FusionPhone X,Smartphones,North India,1,3,13,6,1,3.0,8.053467
2022-06-01,FusionPhone X,Smartphones,North India,21,6,1,2,2,1.0,6.8242025
2022-12-21,FusionPhone X,Smartphones,North India,4,12,21,2,4,3.0,10.292409
2023-02-11,FusionPhone X,Smartphones,North India,2,2,11,5,1,2.0,9.811919
2023-03-29,FusionPhone X,Smartphones,North India,50,3,29,2,1,1.0,10.439863
2023-10-29,FusionPhone X,Smartphones,North India,29,10,29,6,4,4.0,11.010939
2024-11-15,FusionPhone X,Smartphones,North India,3,11,15,4,4,3.0,7.321037
2021-08-22,FusionPhone X,Smartphones,South India,2,8,22,6,3,6.0,14.03373
2022-03-08,FusionPhone X,Smartphones,South India,3,3,8,1,1,4.0,8.627939
2022-04-20,FusionPhone X,Smartphones,South India,2,4,20,2,2,1.0,11.229762
2022-11-13,FusionPhone X,Smartphones,South India,15,11,13,6,4,35.0,10.558631
2023-03-16,FusionPhone X,Smartphones,South India,1,3,16,3,1,6.0,7.481445
2023-05-02,FusionPhone X,Smartphones,South India,1,5,2,1,2,2.0,7.583839
2023-12-22,FusionPhone X,Smartphones,South India,3,12,22,4,4,3.0,9.568646
2024-02-28,FusionPhone X,Smartphones,South India,1,2,28,2,1,1.0,10.273537
2024-05-16,FusionPhone X,Smartphones,South India,4,5,16,3,2,1.0,10.664923
2024-06-29,FusionPhone X,Smartphones,South India,3,6,29,5,2,1.0,11.651979
2024-08-16,FusionPhone X,Smartphones,South India,1,8,16,4,3,1.0,7.0825343
2024-12-06,FusionPhone X,Smartphones,South India,21,12,6,4,4,1.0,5.4359145
2021-08-27,FusionPhone X,Smartphones,West India,2,8,27,4,3,1.0,5.386355
2021-10-05,FusionPhone X,Smartphones,West India,1,10,5,1,4,2.0,5.7876773
2022-05-26,FusionPhone X,Smartphones,West India,1,5,26,3,2,1.0,6.0765996
2022-07-17,FusionPhone X,Smartphones,West India,2,7,17,6,3,3.0,6.6528497
2022-09-01,FusionPhone X,Smartphones,West India,29,9,1,3,3,1.0,6.0791574
2022-10-30,FusionPhone X,Smartphones,West India,33,10,30,6,4,29.0,8.191767
2022-12-26,FusionPhone X,Smartphones,West India,1,12,26,0,4,15.0,5.823637
2023-02-17,FusionPhone X,Smartphones,West India,1,2,17,4,1,2.0,7.94666
2023-04-12,FusionPhone X,Smartphones,West India,1,4,12,2,2,1.0,5.856172
2023-10-10,FusionPhone X,Smartphones,West India,1,10,10,1,4,4.0,6.1133165
2023-11-30,FusionPhone X,Smartphones,West India,1,11,30,3,4,4.0,7.590547
2024-02-09,FusionPhone X,Smartphones,West India,2,2,9,4,1,2.0,10.287918
2024-04-04,FusionPhone X,Smartphones,West India,2,4,4,3,2,2.0,8.338448
2024-05-31,FusionPhone X,Smartphones,West India,1,5,31,4,2,3.0,8.209808
2024-07-26,FusionPhone X,Smartphones,West India,1,7,26,4,3,3.0,8.027407
2024-11-10,FusionPhone X,Smartphones,West India,1,11,10,6,4,3.0,4.8982973
2021-06-13,FusionTab Mini,Tablets,Central India,1,6,13,6,2,1.0,7.536933
2022-06-20,FusionTab Mini,Tablets,Central India,1,6,20,0,2,14.0,6.1939263
2023-05-06,FusionTab Mini,Tablets,Central India,1,5,6,5,2,1.0,8.641261
2024-02-09,FusionTab Mini,Tablets,Central India,1,2,9,4,1,23.0,5.7704077
2021-07-10,FusionTab Mini,Tablets,East India,156,7,10,5,3,56.0,5.722988
2022-09-07,FusionTab Mini,Tablets,East India,1,9,7,2,3,26.0,5.423636
2023-05-18,FusionTab Mini,Tablets,East India,9,5,18,3,2,1.0,6.8128037
2024-02-07,FusionTab Mini,Tablets,East India,1,2,7,2,1,40.0,7.644648
2024-08-17,FusionTab Mini,Tablets,East India,46,8,17,5,3,92.0,5.750078
2021-06-03,FusionTab Mini,Tablets,North India,1,6,3,3,2,26.0,5.9783325
2021-07-17,FusionTab Mini,Tablets,North India,4,7,17,5,3,1.0,6.2038474
2021-10-20,FusionTab Mini,Tablets,North India,1,10,20,2,4,2.0,6.967087
2022-01-15,FusionTab Mini,Tablets,North India,1,1,15,5,1,1.0,5.8919997
2022-05-09,FusionTab Mini,Tablets,North India,47,5,9,0,2,1.0,7.254329
2022-07-27,FusionTab Mini,Tablets,North India,2,7,27,2,3,21.0,9.82863
2022-10-31,FusionTab Mini,Tablets,North India,1,10,31,0,4,1.0,6.2085485
2023-02-03,FusionTab Mini,Tablets,North India,1,2,3,4,1,64.0,5.572702
2023-06-08,FusionTab Mini,Tablets,North India,2,6,8,3,2,13.0,5.1316133
2023-08-03,FusionTab Mini,Tablets,North India,1,8,3,3,3,2.0,5.074601
2023-11-05,FusionTab Mini,Tablets,North India,79,11,5,6,4,3.0,5.7459064
2024-05-16,FusionTab Mini,Tablets,North India,3,5,16,3,2,43.0,7.4394207
2021-07-08,FusionTab Mini,Tablets,South India,1,7,8,3,3,110.0,6.0681105
2021-11-05,FusionTab Mini,Tablets,South India,51,11,5,4,4,96.0,6.7306695
2022-01-12,FusionTab Mini,Tablets,South India,1,1,12,2,1,1.0,5.709747
2022-03-20,FusionTab Mini,Tablets,South India,66,3,20,6,1,2.0,5.8777623
2022-08-07,FusionTab Mini,Tablets,South India,15,8,7,6,3,36.0,11.058265
2023-01-04,FusionTab Mini,Tablets,South India,24,1,4,2,1,1.0,3.7956157
2023-03-30,FusionTab Mini,Tablets,South India,50,3,30,3,1,31.0,3.7920465
2023-06-17,FusionTab Mini,Tablets,South India,1,6,17,5,2,32.0,7.1389713
2023-12-11,FusionTab Mini,Tablets,South India,1,12,11,0,4,34.0,5.542508
2024-06-17,FusionTab Mini,Tablets,South India,1,6,17,0,2,3.0,6.043677
2024-12-11,FusionTab Mini,Tablets,South India,82,12,11,2,4,1.0,6.3474493
2021-09-10,FusionTab Mini,Tablets,West India,41,9,10,4,3,38.0,7.757683
2021-11-05,FusionTab Mini,Tablets,West India,1,11,5,4,4,132.0,5.230771
2022-01-31,FusionTab Mini,Tablets,West India,2,1,31,0,1,81.0,8.556642
2023-01-22,FusionTab Mini,Tablets,West India,118,1,22,6,1,1.0,7.642011
2023-04-13,FusionTab Mini,Tablets,West India,1,4,13,3,2,1.0,5.9287167
2023-07-15,FusionTab Mini,Tablets,West India,34,7,15,5,3,45.0,6.766668
2024-10-14,FusionTab Mini,Tablets,West India,1,10,14,0,4,1.0,6.5440784
2022-02-06,FusionTab Pro,Tablets,Central India,100,2,6,6,1,41.0,7.9949675
2024-01-21,FusionTab Pro,Tablets,Central India,1,1,21,6,1,1.0,6.173537
2023-08-10,FusionTab Pro,Tablets,East India,1,8,10,3,3,15.0,7.5122185
2024-02-15,FusionTab Pro,Tablets,East India,1,2,15,3,1,1.0,9.754065
2022-07-17,FusionTab Pro,Tablets,North India,1,7,17,6,3,2.0,6.3672566
2023-09-30,FusionTab Pro,Tablets,North India,77,9,30,5,3,1.0,6.0692635
2022-11-05,FusionTab Pro,Tablets,South India,2,11,5,5,4,1.0,5.8886003
2023-11-13,FusionTab Pro,Tablets,South India,53,11,13,0,4,85.0,7.2491755
2024-01-30,FusionTab Pro,Tablets,South India,1,1,30,1,1,1.0,8.709233
2021-11-25,FusionTab Pro,Tablets,West India,1,11,25,3,4,7.0,15.385626
2022-03-16,FusionTab Pro,Tablets,West India,29,3,16,2,1,51.0,7.7878065
2022-12-07,FusionTab Pro,Tablets,West India,2,12,7,2,4,36.0,15.982755
2023-04-09,FusionTab Pro,Tablets,West India,35,4,9,6,2,34.0,8.875566
2023-07-02,FusionTab Pro,Tablets,West India,2,7,2,6,3,251.0,10.734716
2024-12-08,FusionTab Pro,Tablets,West India,34,12,8,6,4,1.0,11.172346
2024-08-25,FusionView 24,Monitors,Central India,45,8,25,6,3,41.0,21.123
2022-10-31,FusionView 24,Monitors,East India,43,10,31,0,4,92.0,12.40646
2021-07-10,FusionView 24,Monitors,North India,32,7,10,5,3,1.0,9.905622
2022-01-21,FusionView 24,Monitors,North India,1,1,21,4,1,1.0,20.119608
2024-06-28,FusionView 24,Monitors,North India,1,6,28,4,2,33.0,10.757357
2021-10-31,FusionView 24,Monitors,South India,41,10,31,6,4,1.0,19.229197
2022-07-14,FusionView 24,Monitors,South India,9,7,14,3,3,50.0,19.981182
2023-01-27,FusionView 24,Monitors,South India,1,1,27,4,1,1.0,11.009829
2023-11-25,FusionView 24,Monitors,South India,53,11,25,5,4,46.0,16.052708
2024-10-06,FusionView 24,Monitors,South India,1,10,6,6,4,19.0,20.607574
2021-11-05,FusionView 24,Monitors,West India,44,11,5,4,4,97.0,16.182322
2022-06-23,FusionView 24,Monitors,West India,9,6,23,3,2,1.0,17.250004
2023-03-09,FusionView 24,Monitors,West India,7,3,9,3,1,27.0,9.259641
2023-10-28,FusionView 24,Monitors,West India,1,10,28,5,4,43.0,9.191892
2024-06-10,FusionView 24,Monitors,West India,25,6,10,0,2,45.0,10.312058
2023-10-27,FusionView 27,Monitors,East India,31,10,27,4,4,6.0,10.208961
2024-07-20,FusionView 27,Monitors,North India,2,7,20,5,3,1.0,7.415974
2023-01-01,FusionView 27,Monitors,South India,1,1,1,6,1,46.0,14.373062
2023-07-01,FusionView 27,Monitors,South India,26,7,1,5,3,1.0,9.9012985
2023-11-11,FusionView 27,Monitors,South India,297,11,11,5,4,44.0,9.634704
2024-03-18,FusionView 27,Monitors,South India,15,3,18,0,1,1.0,7.4639726
2021-07-04,FusionView 27,Monitors,West India,1,7,4,6,3,25.0,6.520372
2022-06-18,FusionView 27,Monitors,West India,25,6,18,5,2,47.0,8.347437
2024-11-06,FusionView 27,Monitors,West India,34,11,6,2,4,31.0,6.6248913
2022-06-22,FusionView 32,Monitors,East India,1,6,22,2,2,30.0,9.65966
2022-05-20,FusionView 32,Monitors,North India,49,5,20,4,2,22.0,9.183492
2023-03-02,FusionView 32,Monitors,North India,36,3,2,3,1,31.0,9.5174465
2024-10-15,FusionView 32,Monitors,North India,1,10,15,1,4,1.0,6.665617
2022-02-04,FusionView 32,Monitors,South India,21,2,4,4,1,76.0,3.4765003
2022-06-12,FusionView 32,Monitors,South India,1,6,12,6,2,24.0,2.2841403
2023-07-05,FusionView 32,Monitors,South India,2,7,5,2,3,16.0,4.804876
2023-10-27,FusionView 32,Monitors,South India,1,10,27,4,4,49.0,6.5818663
2024-02-28,FusionView 32,Monitors,South India,30,2,28,2,1,5.0,3.008826
2024-07-09,FusionView 32,Monitors,South India,115,7,9,1,3,62.0,8.4556265
2023-01-23,FusionView 32,Monitors,West India,111,1,23,0,1,12.0,5.368276
2023-07-08,FusionView 32,Monitors,West India,39,7,8,5,3,5.0,3.102331
2024-08-04,FusionView 32,Monitors,West India,171,8,4,6,3,38.0,6.63101
2024-11-30,FusionView 32,Monitors,West India,8,11,30,5,4,36.0,8.229662
2021-03-20,Fusion Earbuds,Accessories,East India,27,3,20,5,1,1.0,4.270316
2021-06-16,Fusion Earbuds,Accessories,East India,1,6,16,2,2,1.0,13.180501
2021-10-29,Fusion Earbuds,Accessories,North India,46,10,29,4,4,6.0,1.6254529
2022-02-20,Fusion Earbuds,Accessories,North India,2,2,20,6,1,3.0,3.9531682
2021-06-28,Fusion Earbuds,Accessories,South India,34,6,28,0,2,2.0,2.5027897
2023-03-09,Fusion Earbuds,Accessories,South India,2,3,9,3,1,6.0,7.2579494
2023-10-06,Fusion Earbuds,Accessories,South India,19,10,6,4,4,4.0,5.8722134
2023-11-18,Fusion Earbuds,Accessories,South India,4,11,18,5,4,1.0,6.248354
2021-04-03,Fusion Earbuds,Accessories,West India,6,4,3,5,2,63.0,8.685607
2021-05-12,Fusion Earbuds,Accessories,West India,34,5,12,2,2,3.0,23.324848
2023-08-06,Fusion Earbuds,Accessories,West India,1,8,6,6,3,2.0,5.8405094
2023-06-02,Fusion Keyboard,Accessories,East India,1,6,2,4,2,5.0,5.20782
2021-10-17,Fusion Keyboard,Accessories,North India,3,10,17,6,4,2.0,7.696705
2022-09-21,Fusion Keyboard,Accessories,North India,2,9,21,2,3,4.0,5.1673007
2023-03-31,Fusion Keyboard,Accessories,North India,4,3,31,4,1,2.0,6.457077
2024-11-19,Fusion Keyboard,Accessories,North India,1,11,19,1,4,70.0,5.343695
2021-07-28,Fusion Keyboard,Accessories,South India,4,7,28,2,3,2.0,4.2727103
2021-11-26,Fusion Keyboard,Accessories,South India,50,11,26,4,4,1.0,5.6095448
2023-06-18,Fusion Keyboard,Accessories,South India,5,6,18,6,2,1.0,4.813243
2023-08-29,Fusion Keyboard,Accessories,South India,1,8,29,1,3,1.0,3.2906072
2023-10-04,Fusion Keyboard,Accessories,South India,5,10,4,2,4,3.0,6.7479844
2024-02-03,Fusion Keyboard,Accessories,South India,2,2,3,5,1,2.0,3.933138
2024-12-26,Fusion Keyboard,Accessories,South India,2,12,26,3,4,2.0,4.37875
2021-07-01,Fusion Keyboard,Accessories,West India,1,7,1,3,3,2.0,5.0349994
2022-09-24,Fusion Keyboard,Accessories,West India,86,9,24,5,3,1.0,19.675322
2023-06-07,Fusion Keyboard,Accessories,West India,1,6,7,2,2,46.0,4.269221
2024-01-11,Fusion Keyboard,Accessories,West India,24,1,11,3,1,1.0,4.954059
2024-03-08,Fusion Keyboard,Accessories,West India,2,3,8,4,1,1.0,5.2136116
2024-06-25,Fusion Keyboard,Accessories,West India,2,6,25,1,2,1.0,4.091453
2024-08-22,Fusion Keyboard,Accessories,West India,1,8,22,3,3,1.0,6.097813
2021-09-18,Fusion Mouse,Accessories,Central India,2,9,18,5,3,1.0,-3.7017834
2022-06-25,Fusion Mouse,Accessories,Central India,2,6,25,5,2,1.0,-3.236853
2021-04-28,Fusion Mouse,Accessories,North India,1,4,28,2,2,47.0,4.658102
2021-11-17,Fusion Mouse,Accessories,North India,3,11,17,2,4,3.0,6.831176
2022-01-06,Fusion Mouse,Accessories,North India,5,1,6,3,1,13.0,7.3350935
2023-12-22,Fusion Mouse,Accessories,North India,1,12,22,4,4,11.0,4.756085
2024-01-02,Fusion Mouse,Accessories,South India,1,1,2,1,1,1.0,4.819641
2024-07-07,Fusion Mouse,Accessories,South India,2,7,7,6,3,2.0,4.520718
2022-05-21,Fusion Watch Lite,Wearables,Central India,1,5,21,5,2,1.0,5.7776065
2021-12-06,Fusion Watch Lite,Wearables,North India,1,12,6,0,4,1.0,5.4681516
2023-05-24,Fusion Watch Lite,Wearables,North India,42,5,24,2,2,2.0,17.95856
2022-02-13,Fusion Watch Lite,Wearables,West India,1,2,13,6,1,1.0,15.333452
2023-01-19,Fusion Watch Lite,Wearables,West India,1,1,19,3,1,2.0,8.295157
2022-06-07,Fusion Watch Pro,Wearables,Central India,1,6,7,1,2,1.0,7.3085656
2023-03-29,FusionBook Air,Laptops,Central India,35,3,29,2,1,26.0,4.003409
2023-08-27,FusionBook Air,Laptops,Central India,1,8,27,6,3,39.0,5.719575
2024-11-22,FusionBook Air,Laptops,Central India,30,11,22,4,4,1.0,-7.687878
2021-01-31,FusionBook Air,Laptops,North India,24,1,31,6,1,90.0,4.165414
2022-06-29,FusionBook Air,Laptops,North India,14,6,29,2,2,16.0,6.2844486
2022-11-02,FusionBook Air,Laptops,North India,17,11,2,2,4,2.0,10.331207
2022-12-22,FusionBook Air,Laptops,North India,48,12,22,3,4,88.0,6.542853
2024-07-18,FusionBook Air,Laptops,North India,4,7,18,3,3,3.0,3.525568
2022-07-12,FusionBook Air,Laptops,South India,98,7,12,1,3,39.0,6.9147816
2023-10-20,FusionBook Air,Laptops,South India,1,10,20,4,4,1.0,-0.15614648
2021-03-05,FusionBook Air,Laptops,West India,1,3,5,4,1,2.0,-3.1674
2023-11-10,FusionBook Air,Laptops,West India,246,11,10,4,4,163.0,5.863406
2021-07-11,FusionBook Pro,Laptops,Central India,24,7,11,6,3,43.0,4.599216
2022-11-30,FusionBook Pro,Laptops,Central India,1,11,30,2,4,1.0,5.458393
2024-09-14,FusionBook Pro,Laptops,Central India,85,9,14,5,3,1.0,4.7813315
2021-09-22,FusionBook Pro,Laptops,East India,113,9,22,2,3,1.0,8.353996
2024-09-22,FusionBook Pro,Laptops,East India,1,9,22,6,3,1.0,5.4290714
2023-05-22,FusionBook Pro,Laptops,North India,1,5,22,0,2,23.0,5.704914
2022-08-03,FusionBook Pro,Laptops,South India,1,8,3,2,3,23.0,5.92399
2023-05-22,FusionBook Pro,Laptops,South India,1,5,22,0,2,53.0,6.133136
2024-02-08,FusionBook Pro,Laptops,South India,3,2,8,3,1,1.0,4.8224983
2024-07-11,FusionBook Pro,Laptops,South India,230,7,11,3,3,1.0,3.9006488
2024-12-25,FusionBook Pro,Laptops,South India,63,12,25,2,4,85.0,4.37875
2023-11-25,FusionBook Pro,Laptops,West India,22,11,25,5,4,1.0,4.8141646
2024-01-07,FusionBook Pro,Laptops,West India,2,1,7,6,1,63.0,-1.7491229
2024-05-05,FusionBook Pro,Laptops,West India,1,5,5,6,2,2.0,-2.3884294
2023-11-12,FusionBook Ultra,Laptops,Central India,1,11,12,6,4,1.0,4.3176045
2023-02-26,FusionBook Ultra,Laptops,South India,112,2,26,6,1,38.0,4.6163983
2024-07-21,FusionBook Ultra,Laptops,South India,87,7,21,6,3,1.0,4.632895
2022-01-12,FusionPhone Lite,Smartphones,East India,1,1,12,2,1,1.0,9.065026
2021-07-01,FusionPhone Lite,Smartphones,North India,5,7,1,3,3,2.0,13.983668
2024-03-01,FusionPhone Lite,Smartphones,North India,2,3,1,4,1,1.0,7.339172
2024-08-30,FusionPhone Lite,Smartphones,North India,1,8,30,4,3,2.0,5.4197025
2024-11-19,FusionPhone Lite,Smartphones,North India,1,11,19,1,4,2.0,11.055616
2021-05-16,FusionPhone Lite,Smartphones,South India,6,5,16,6,2,31.0,9.907038
2021-10-11,FusionPhone Lite,Smartphones,South India,68,10,11,0,4,6.0,1.3029336
2022-02-24,FusionPhone Lite,Smartphones,South India,3,2,24,3,1,3.0,7.366454
2022-11-23,FusionPhone Lite,Smartphones,South India,1,11,23,2,4,1.0,-0.27083987
2024-07-22,FusionPhone Lite,Smartphones,South India,3,7,22,0,3,3.0,5.509581
2021-05-03,FusionPhone Lite,Smartphones,West India,15,5,3,0,2,4.0,4.630294
2023-08-03,FusionPhone Ultra,Smartphones,Central India,1,8,3,3,3,1.0,31.340292
2023-06-18,FusionPhone Ultra,Smartphones,East India,2,6,18,6,2,1.0,5.275454
2024-12-22,FusionPhone Ultra,Smartphones,East India,2,12,22,6,4,1.0,5.9475923
2023-10-02,FusionPhone Ultra,Smartphones,North India,2,10,2,0,4,3.0,6.835865
2024-04-01,FusionPhone Ultra,Smartphones,North India,1,4,1,0,2,4.0,7.0171757
2024-10-12,FusionPhone Ultra,Smartphones,North India,3,10,12,5,4,6.0,5.9408174
2023-11-07,FusionPhone Ultra,Smartphones,South India,23,11,7,1,4,42.0,2.357786
2023-12-14,FusionPhone Ultra,Smartphones,South India,54,12,14,3,4,1.0,-4.0636263
2024-01-25,FusionPhone Ultra,Smartphones,South India,4,1,25,3,1,1.0,4.298597
2024-04-19,FusionPhone Ultra,Smartphones,West India,3,4,19,4,2,47.0,3.2636008
2024-11-26,FusionPhone Ultra,Smartphones,West India,2,11,26,1,4,2.0,3.90609
2023-10-23,FusionPhone X,Smartphones,Central India,1,10,23,0,4,1.0,4.70161
2024-03-17,FusionPhone X,Smartphones,East India,1,3,17,6,1,1.0,5.3882933
2022-10-01,FusionPhone X,Smartphones,North India,3,10,1,5,4,4.0,5.1592917
2024-09-25,FusionPhone X,Smartphones,North India,3,9,25,2,3,1.0,6.918645
2023-05-10,FusionTab Mini,Tablets,Central India,1,5,10,2,2,1.0,4.450301
2023-05-22,FusionTab Mini,Tablets,East India,1,5,22,0,2,9.0,4.9366
2022-07-28,FusionTab Mini,Tablets,North India,1,7,28,3,3,2.0,4.8751316
2024-05-18,FusionTab Mini,Tablets,North India,1,5,18,5,2,3.0,4.700438
2024-07-21,FusionTab Mini,Tablets,North India,1,7,21,6,3,82.0,2.2989523
2022-06-16,FusionTab Mini,Tablets,South India,2,6,16,3,2,46.0,5.6773543
2021-06-21,FusionTab Mini,Tablets,West India,1,6,21,0,2,39.0,-3.0084512
2021-09-11,FusionTab Mini,Tablets,West India,68,9,11,5,3,41.0,4.609084
2023-01-07,FusionTab Pro,Tablets,Central India,1,1,7,5,1,1.0,6.77216
2023-12-04,FusionTab Pro,Tablets,North India,1,12,4,0,4,1.0,3.9095757
2023-01-04,FusionTab Pro,Tablets,South India,46,1,4,2,1,51.0,5.843346
2023-04-23,FusionTab Pro,Tablets,West India,1,4,23,6,2,35.0,8.904723
2022-11-09,FusionView 24,Monitors,East India,11,11,9,2,4,43.0,5.824727
2022-07-15,FusionView 24,Monitors,South India,1,7,15,4,3,9.0,6.663953
2023-01-28,FusionView 24,Monitors,South India,224,1,28,5,1,1.0,6.784128
2023-11-26,FusionView 24,Monitors,South India,13,11,26,6,4,53.0,12.741281
2023-03-19,FusionView 24,Monitors,West India,107,3,19,6,1,7.0,5.9711075
2023-10-30,FusionView 24,Monitors,West India,12,10,30,0,4,1.0,3.3812692
2022-06-22,FusionView 27,Monitors,West India,1,6,22,2,2,25.0,6.4013314
2024-07-20,FusionView 27,Monitors,West India,6,7,20,5,3,23.0,6.780156
2024-11-11,FusionView 27,Monitors,West India,32,11,11,0,4,34.0,-1.2271358
2024-09-07,FusionView 32,Monitors,East India,79,9,7,5,3,1.0,6.2618833
2023-03-04,FusionView 32,Monitors,North India,1,3,4,5,1,36.0,5.469237
2023-11-06,Fusion Earbuds,Accessories,Central India,2,11,6,0,4,4.0,5.812381
2024-03-31,Fusion Earbuds,Accessories,Central India,1,3,31,6,1,1.0,6.15853
2021-10-14,Fusion Earbuds,Accessories,East India,1,10,14,3,4,7.0,8.590513
2022-01-13,Fusion Earbuds,Accessories,East India,1,1,13,3,1,1.0,13.974158
2022-11-22,Fusion Earbuds,Accessories,East India,2,11,22,1,4,1.0,10.42561
2024-05-25,Fusion Earbuds,Accessories,East India,20,5,25,5,2,3.0,2.6809857
2024-10-26,Fusion Earbuds,Accessories,East India,1,10,26,5,4,2.0,7.544689
2021-02-04,Fusion Earbuds,Accessories,North India,7,2,4,3,1,2.0,6.7400274
2021-04-10,Fusion Earbuds,Accessories,North India,76,4,10,5,2,1.0,8.390532
2021-09-19,Fusion Earbuds,Accessories,North India,2,9,19,6,3,1.0,3.8580043
2021-10-30,Fusion Earbuds,Accessories,North India,85,10,30,5,4,46.0,6.3313217
2022-08-08,Fusion Earbuds,Accessories,North India,1,8,8,0,3,3.0,50.966457
2022-12-20,Fusion Earbuds,Accessories,North India,1,12,20,1,4,1.0,4.91435
2023-01-26,Fusion Earbuds,Accessories,North India,49,1,26,3,1,2.0,6.642734
2024-02-18,Fusion Earbuds,Accessories,North India,1,2,18,6,1,2.0,13.603075
2021-03-19,Fusion Earbuds,Accessories,South India,3,3,19,4,1,44.0,10.782869
2021-06-29,Fusion Earbuds,Accessories,South India,3,6,29,1,2,34.0,3.3765287
2021-11-08,Fusion Earbuds,Accessories,South India,1,11,8,0,4,5.0,7.3529167
2022-03-01,Fusion Earbuds,Accessories,South India,3,3,1,1,1,3.0,14.20217
2023-10-07,Fusion Earbuds,Accessories,South India,6,10,7,5,4,19.0,16.057743
2024-04-20,Fusion Earbuds,Accessories,South India,4,4,20,5,2,2.0,7.794091
2024-07-21,Fusion Earbuds,Accessories,South India,3,7,21,6,3,5.0,9.435226
2021-11-24,Fusion Earbuds,Accessories,West India,3,11,24,2,4,4.0,7.2281795
2022-01-12,Fusion Earbuds,Accessories,West India,4,1,12,2,1,1.0,9.150955
2024-07-04,Fusion Earbuds,Accessories,West India,2,7,4,3,3,1.0,5.3971047
2024-08-31,Fusion Earbuds,Accessories,West India,1,8,31,5,3,3.0,5.630318
2021-04-15,Fusion Keyboard,Accessories,Central India,1,4,15,3,2,2.0,17.903578
2021-12-26,Fusion Keyboard,Accessories,Central India,1,12,26,6,4,1.0,6.686533
2022-05-09,Fusion Keyboard,Accessories,Central India,2,5,9,0,2,1.0,6.788927
2021-08-28,Fusion Keyboard,Accessories,East India,1,8,28,5,3,1.0,10.671717
2022-05-31,Fusion Keyboard,Accessories,East India,1,5,31,1,2,4.0,19.787828
2023-12-10,Fusion Keyboard,Accessories,East India,1,12,10,6,4,19.0,13.391911
2021-12-02,Fusion Keyboard,Accessories,North India,1,12,2,3,4,1.0,7.1029787
2022-10-30,Fusion Keyboard,Accessories,North India,1,10,30,6,4,8.0,8.892305
2023-12-06,Fusion Keyboard,Accessories,North India,1,12,6,2,4,1.0,14.76562
2024-03-30,Fusion Keyboard,Accessories,North India,26,3,30,5,1,4.0,7.370696
2024-11-20,Fusion Keyboard,Accessories,North India,3,11,20,2,4,1.0,15.366431
2021-07-29,Fusion Keyboard,Accessories,South India,2,7,29,3,3,4.0,7.874295
2021-11-27,Fusion Keyboard,Accessories,South India,4,11,27,5,4,50.0,8.553417
2022-08-09,Fusion Keyboard,Accessories,South India,1,8,9,1,3,3.0,15.49665
2022-10-03,Fusion Keyboard,Accessories,South India,5,10,3,0,4,4.0,12.533712
2023-01-19,Fusion Keyboard,Accessories,South India,2,1,19,3,1,1.0,11.170676
2023-12-11,Fusion Keyboard,Accessories,South India,87,12,11,0,4,1.0,6.646727
2024-05-06,Fusion Keyboard,Accessories,South India,2,5,6,0,2,3.0,6.470278
2024-06-29,Fusion Keyboard,Accessories,South India,12,6,29,5,2,2.0,6.707038
2024-12-27,Fusion Keyboard,Accessories,South India,1,12,27,4,4,2.0,5.508508
2021-05-09,Fusion Keyboard,Accessories,West India,4,5,9,6,2,2.0,5.508508
2021-11-18,Fusion Keyboard,Accessories,West India,4,11,18,3,4,46.0,5.5693913
2022-06-28,Fusion Keyboard,Accessories,West India,1,6,28,1,2,39.0,5.7689633
2022-09-30,Fusion Keyboard,Accessories,West India,1,9,30,4,3,86.0,11.399457
2023-01-01,Fusion Keyboard,Accessories,West India,1,1,1,6,1,1.0,5.577007
2024-01-12,Fusion Keyboard,Accessories,West India,2,1,12,4,1,24.0,21.893526
2021-12-20,Fusion Mouse,Accessories,Central India,1,12,20,0,4,1.0,5.335164
2023-09-16,Fusion Mouse,Accessories,Central India,1,9,16,5,3,1.0,3.5147924
2024-01-27,Fusion Mouse,Accessories,Central India,1,1,27,5,1,1.0,5.2216945
2021-08-07,Fusion Mouse,Accessories,East India,1,8,7,5,3,1.0,5.900093
2021-10-25,Fusion Mouse,Accessories,East India,4,10,25,0,4,1.0,5.7604065
2022-09-14,Fusion Mouse,Accessories,East India,3,9,14,2,3,43.0,4.9014716
2023-12-06,Fusion Mouse,Accessories,East India,2,12,6,2,4,1.0,-5.666408
2024-11-30,Fusion Mouse,Accessories,East India,2,11,30,5,4,1.0,6.2580223
2021-04-29,Fusion Mouse,Accessories,North India,3,4,29,3,2,1.0,6.0850887
2021-08-22,Fusion Mouse,Accessories,North India,3,8,22,6,3,2.0,4.470019
2022-08-30,Fusion Mouse,Accessories,North India,2,8,30,1,3,64.0,5.313502
2023-03-01,Fusion Mouse,Accessories,North India,4,3,1,2,1,1.0,4.9711065
2023-12-24,Fusion Mouse,Accessories,North India,20,12,24,6,4,1.0,5.8246236
2024-07-10,Fusion Mouse,Accessories,North India,4,7,10,2,3,1.0,4.554756
2021-06-09,Fusion Mouse,Accessories,South India,53,6,9,2,2,6.0,5.62443
2022-01-22,Fusion Mouse,Accessories,South India,52,1,22,5,1,3.0,5.2507167
2023-01-08,Fusion Mouse,Accessories,South India,3,1,8,6,1,1.0,7.434495
2023-07-08,Fusion Mouse,Accessories,South India,4,7,8,5,3,3.0,6.0136366
2023-09-03,Fusion Mouse,Accessories,South India,3,9,3,6,3,1.0,5.866469
2023-11-24,Fusion Mouse,Accessories,South India,3,11,24,4,4,2.0,5.792285
2024-07-09,Fusion Mouse,Accessories,South India,95,7,9,1,3,2.0,5.890279
2022-01-23,Fusion Mouse,Accessories,West India,42,1,23,6,1,8.0,8.511461
2022-03-29,Fusion Mouse,Accessories,West India,1,3,29,1,1,8.0,7.988527
2022-12-14,Fusion Mouse,Accessories,West India,1,12,14,2,4,2.0,5.2214136
2023-02-04,Fusion Mouse,Accessories,West India,1,2,4,5,1,1.0,6.1515875
2023-07-06,Fusion Mouse,Accessories,West India,3,7,6,3,3,11.0,7.0268917
2024-10-25,Fusion Mouse,Accessories,West India,15,10,25,4,4,10.0,9.909337
2022-05-31,Fusion Watch Lite,Wearables,Central India,1,5,31,1,2,1.0,16.08629
2021-12-12,Fusion Watch Lite,Wearables,North India,1,12,12,6,4,1.0,6.8109584
2023-05-27,Fusion Watch Lite,Wearables,North India,2,5,27,5,2,42.0,7.181903
2021-11-02,Fusion Watch Lite,Wearables,South India,14,11,2,1,4,46.0,11.274217
2022-05-24,Fusion Watch Lite,Wearables,South India,19,5,24,1,2,23.0,10.003942
2023-08-24,Fusion Watch Lite,Wearables,South India,21,8,24,3,3,1.0,9.41528
2024-01-09,Fusion Watch Lite,Wearables,South India,1,1,9,1,1,1.0,7.6369386
2024-06-14,Fusion Watch Lite,Wearables,South India,1,6,14,4,2,1.0,6.1913257
2022-02-14,Fusion Watch Lite,Wearables,West India,1,2,14,0,1,1.0,14.077359
2024-10-24,Fusion Watch Pro,Wearables,North India,2,10,24,3,4,1.0,12.051737
2023-04-16,Fusion Watch Pro,Wearables,South India,2,4,16,6,2,2.0,4.885374
2023-09-08,Fusion Watch Pro,Wearables,South India,2,9,8,4,3,1.0,6.0634775
2024-12-01,Fusion Watch Pro,Wearables,South India,1,12,1,6,4,1.0,6.0188427
2022-09-04,FusionBook Air,Laptops,Central India,1,9,4,6,3,13.0,5.141744
2024-12-04,FusionBook Air,Laptops,Central India,1,12,4,2,4,30.0,5.766897
2023-10-02,FusionBook Air,Laptops,East India,197,10,2,0,4,216.0,4.9995556
2021-04-23,FusionBook Air,Laptops,North India,1,4,23,4,2,42.0,4.1173434
2021-02-05,FusionBook Air,Laptops,South India,20,2,5,4,1,155.0,10.437283
2021-04-02,FusionBook Air,Laptops,South India,93,4,2,4,2,35.0,9.781694
2023-04-27,FusionBook Air,Laptops,South India,54,4,27,3,2,1.0,7.2451415
2023-07-21,FusionBook Air,Laptops,South India,86,7,21,4,3,27.0,13.963292
2024-09-28,FusionBook Air,Laptops,South India,79,9,28,5,3,1.0,7.251152
2024-11-13,FusionBook Air,Laptops,South India,35,11,13,2,4,1.0,9.994685
2021-04-13,FusionBook Air,Laptops,West India,52,4,13,1,2,74.0,7.1098886
2021-11-24,FusionBook Air,Laptops,West India,129,11,24,2,4,43.0,-0.5882811
2023-05-31,FusionBook Air,Laptops,West India,128,5,31,2,2,1.0,7.6046133
2023-07-29,FusionBook Air,Laptops,West India,3,7,29,5,3,1.0,8.995972
2024-10-11,FusionBook Air,Laptops,West India,1,10,11,4,4,9.0,6.874106
2021-10-14,FusionBook Pro,Laptops,Central India,26,10,14,3,4,39.0,6.788927
2022-04-22,FusionBook Pro,Laptops,East India,57,4,22,4,2,1.0,11.667757
2023-01-06,FusionBook Pro,Laptops,East India,1,1,6,4,1,34.0,7.5301123
2023-04-25,FusionBook Pro,Laptops,East India,1,4,25,1,2,5.0,7.4805527
2021-09-08,FusionBook Pro,Laptops,North India,1,9,8,2,3,49.0,6.814262
2021-11-23,FusionBook Pro,Laptops,North India,17,11,23,1,4,98.0,6.4047456
2022-06-23,FusionBook Pro,Laptops,North India,69,6,23,3,2,41.0,7.8196154
2023-12-12,FusionBook Pro,Laptops,North India,216,12,12,1,4,133.0,6.9797454
2024-03-07,FusionBook Pro,Laptops,North India,42,3,7,3,1,131.0,11.153853
2024-10-27,FusionBook Pro,Laptops,North India,5,10,27,6,4,681.0,7.1466994
2021-11-08,FusionBook Pro,Laptops,South India,62,11,8,0,4,44.0,13.089712
2022-01-29,FusionBook Pro,Laptops,South India,54,1,29,5,1,48.0,7.253172
2022-05-04,FusionBook Pro,Laptops,South India,90,5,4,2,2,1.0,6.1390066
2022-06-10,FusionBook Pro,Laptops,South India,2,6,10,4,2,2.0,12.857003
2022-11-06,FusionBook Pro,Laptops,South India,34,11,6,6,4,235.0,7.0304146
2023-12-22,FusionBook Pro,Laptops,South India,1,12,22,4,4,14.0,5.2764792
2024-04-03,FusionBook Pro,Laptops,South India,2,4,3,2,2,15.0,12.864282
2024-05-28,FusionBook Pro,Laptops,South India,6,5,28,1,2,1.0,6.0216
2024-08-22,FusionBook Pro,Laptops,South India,1,8,22,3,3,29.0,5.602355
2022-06-22,FusionBook Pro,Laptops,West India,186,6,22,2,2,1.0,9.002168
2022-08-29,FusionBook Pro,Laptops,West India,1,8,29,0,3,26.0,5.560981
2022-10-19,FusionBook Pro,Laptops,West India,19,10,19,2,4,1.0,5.561943
2023-03-17,FusionBook Pro,Laptops,West India,39,3,17,4,1,1.0,5.679401
2023-11-26,FusionBook Pro,Laptops,West India,194,11,26,6,4,22.0,6.339131
2024-07-10,FusionBook Pro,Laptops,West India,108,7,10,2,3,2.0,6.6932445
2024-09-18,FusionBook Pro,Laptops,West India,223,9,18,2,3,1.0,5.5266604
2024-06-30,FusionBook Ultra,Laptops,Central India,119,6,30,6,2,22.0,4.9069247
2023-01-14,FusionBook Ultra,Laptops,East India,1,1,14,5,1,1.0,5.238014
2024-06-11,FusionBook Ultra,Laptops,East India,46,6,11,1,2,47.0,5.6196847
2024-08-12,FusionBook Ultra,Laptops,East India,1,8,12,0,3,1.0,5.651258
2022-06-15,FusionBook Ultra,Laptops,North India,23,6,15,2,2,89.0,5.297358
2022-11-06,FusionBook Ultra,Laptops,North India,105,11,6,6,4,215.0,5.8458395
2024-05-16,FusionBook Ultra,Laptops,North India,1,5,16,3,2,70.0,5.233062
2022-05-30,FusionBook Ultra,Laptops,South India,29,5,30,0,2,94.0,4.9637923
2023-06-18,FusionBook Ultra,Laptops,South India,33,6,18,6,2,54.0,4.3834968
2024-04-26,FusionBook Ultra,Laptops,South India,235,4,26,4,2,87.0,5.4088717
2024-06-09,FusionBook Ultra,Laptops,South India,61,6,9,6,2,3.0,5.6000624
2024-09-03,FusionBook Ultra,Laptops,South India,333,9,3,1,3,38.0,6.5378723
2023-06-30,FusionBook Ultra,Laptops,West India,21,6,30,4,2,3.0,5.0855947
2024-04-02,FusionBook Ultra,Laptops,West India,114,4,2,1,2,1.0,6.2661176
2024-11-03,FusionBook Ultra,Laptops,West India,14,11,3,6,4,116.0,5.3319817
2021-05-11,FusionPhone Lite,Smartphones,Central India,1,5,11,1,2,1.0,6.693516
2022-09-26,FusionPhone Lite,Smartphones,Central India,1,9,26,0,3,1.0,6.3573565
2023-04-16,FusionPhone Lite,Smartphones,Central India,1,4,16,6,2,1.0,6.0447364
2023-01-21,FusionPhone Lite,Smartphones,East India,1,1,21,5,1,1.0,6.597955
2023-05-16,FusionPhone Lite,Smartphones,East India,2,5,16,1,2,1.0,6.202349
2024-02-17,FusionPhone Lite,Smartphones,East India,1,2,17,5,1,1.0,6.931962
2024-10-17,FusionPhone Lite,Smartphones,East India,1,10,17,3,4,3.0,17.002558
2021-02-11,FusionPhone Lite,Smartphones,North India,3,2,11,3,1,41.0,9.756169
2022-03-26,FusionPhone Lite,Smartphones,North India,4,3,26,5,1,1.0,11.707906
2022-05-07,FusionPhone Lite,Smartphones,North India,4,5,7,5,2,6.0,7.7332144
2022-07-02,FusionPhone Lite,Smartphones,North India,2,7,2,5,3,2.0,7.3830276
2022-08-24,FusionPhone Lite,Smartphones,North India,2,8,24,2,3,1.0,7.6369386
2023-04-22,FusionPhone Lite,Smartphones,North India,1,4,22,5,2,60.0,21.668352
2024-03-02,FusionPhone Lite,Smartphones,North India,5,3,2,5,1,2.0,8.783462
2021-05-17,FusionPhone Lite,Smartphones,South India,5,5,17,0,2,6.0,10.962487
2021-07-26,FusionPhone Lite,Smartphones,South India,3,7,26,0,3,2.0,7.972751
2021-12-20,FusionPhone Lite,Smartphones,South India,2,12,20,0,4,5.0,8.454599
2022-02-25,FusionPhone Lite,Smartphones,South India,4,2,25,4,1,3.0,7.751862
2022-05-06,FusionPhone Lite,Smartphones,South India,1,5,6,4,2,2.0,11.52438
2022-08-06,FusionPhone Lite,Smartphones,South India,81,8,6,5,3,50.0,4.885374
2022-11-24,FusionPhone Lite,Smartphones,South India,3,11,24,3,4,1.0,6.3347793
2023-07-09,FusionPhone Lite,Smartphones,South India,85,7,9,6,3,2.0,5.498139
2023-11-07,FusionPhone Lite,Smartphones,South India,69,11,7,1,4,15.0,6.975344
2024-05-31,FusionPhone Lite,Smartphones,South India,2,5,31,4,2,1.0,6.240383
2024-09-02,FusionPhone Lite,Smartphones,South India,2,9,2,0,3,4.0,7.349698
2021-05-04,FusionPhone Lite,Smartphones,West India,4,5,4,1,2,15.0,6.405746
2022-06-14,FusionPhone Lite,Smartphones,West India,2,6,14,1,2,1.0,4.8749976
2023-01-20,FusionPhone Lite,Smartphones,West India,3,1,20,4,1,1.0,2.3878586
2024-03-24,FusionPhone Lite,Smartphones,West India,3,3,24,6,1,3.0,6.4565682
2024-06-29,FusionPhone Lite,Smartphones,West India,2,6,29,5,2,2.0,6.978928
2024-05-01,FusionPhone Ultra,Smartphones,Central India,1,5,1,2,2,31.0,8.323654
2022-12-10,FusionPhone Ultra,Smartphones,East India,1,12,10,5,4,1.0,11.389661
2023-03-10,FusionPhone Ultra,Smartphones,North India,9,3,10,4,1,1.0,0.807074
2024-05-22,FusionPhone Ultra,Smartphones,North India,2,5,22,2,2,1.0,6.122371
2024-11-27,FusionPhone Ultra,Smartphones,North India,1,11,27,2,4,62.0,7.294701
2023-11-08,FusionPhone Ultra,Smartphones,South India,2,11,8,2,4,23.0,8.099597
2024-11-16,FusionPhone Ultra,Smartphones,South India,2,11,16,5,4,3.0,8.615337
2022-11-13,FusionPhone Ultra,Smartphones,West India,6,11,13,6,4,64.0,7.175299
2023-08-20,FusionPhone Ultra,Smartphones,West India,40,8,20,6,3,4.0,7.522272
2024-06-23,FusionPhone Ultra,Smartphones,West India,2,6,23,6,2,2.0,16.174068
2023-11-15,FusionPhone X,Smartphones,East India,1,11,15,2,4,1.0,7.5301123
2024-08-31,FusionPhone X,Smartphones,East India,1,8,31,5,3,1.0,15.477616
2021-10-23,FusionPhone X,Smartphones,North India,5,10,23,5,4,6.0,7.4096026
2022-06-02,FusionPhone X,Smartphones,North India,52,6,2,3,2,21.0,13.0951185
2022-03-09,FusionPhone X,Smartphones,South India,2,3,9,2,1,3.0,7.991018
2023-06-16,FusionPhone X,Smartphones,South India,1,6,16,4,2,1.0,6.2834396
2023-09-21,FusionPhone X,Smartphones,South India,2,9,21,3,3,2.0,12.299355
2023-12-23,FusionPhone X,Smartphones,South India,1,12,23,5,4,3.0,9.525488
2022-04-15,FusionPhone X,Smartphones,West India,2,4,15,4,2,4.0,8.526606
2022-12-27,FusionPhone X,Smartphones,West India,2,12,27,1,4,1.0,8.913594
2023-04-14,FusionPhone X,Smartphones,West India,1,4,14,4,2,1.0,5.4222565
2023-06-13,FusionPhone X,Smartphones,West India,1,6,13,1,2,2.0,4.981168
2023-10-11,FusionPhone X,Smartphones,West India,1,10,11,2,4,1.0,9.1570215
2023-12-02,FusionPhone X,Smartphones,West India,2,12,2,5,4,1.0,11.5921545
2024-02-10,FusionPhone X,Smartphones,West India,2,2,10,5,1,2.0,12.5769415
2024-11-11,FusionPhone X,Smartphones,West India,1,11,11,0,4,1.0,4.833201
2021-06-16,FusionTab Mini,Tablets,Central India,72,6,16,2,2,1.0,10.770423
2022-02-12,FusionTab Mini,Tablets,East India,1,2,12,5,1,1.0,5.010149
2023-05-29,FusionTab Mini,Tablets,East India,1,5,29,0,2,1.0,6.9490824
2024-02-12,FusionTab Mini,Tablets,East India,98,2,12,0,1,1.0,5.932025
2021-06-04,FusionTab Mini,Tablets,North India,1,6,4,4,2,1.0,5.672435
2021-07-19,FusionTab Mini,Tablets,North India,47,7,19,0,3,4.0,5.4671373
2021-10-21,FusionTab Mini,Tablets,North India,2,10,21,3,4,1.0,5.439406
2023-08-04,FusionTab Mini,Tablets,North India,1,8,4,4,3,1.0,5.5387125
2023-11-06,FusionTab Mini,Tablets,North India,89,11,6,0,4,79.0,4.568356
2024-05-19,FusionTab Mini,Tablets,North India,14,5,19,6,2,1.0,6.2580223
2024-10-21,FusionTab Mini,Tablets,North India,1,10,21,0,4,83.0,5.8060083
2021-11-06,FusionTab Mini,Tablets,South India,81,11,6,5,4,51.0,5.4116106
2022-01-14,FusionTab Mini,Tablets,South India,31,1,14,4,1,1.0,5.8482113
2022-08-15,FusionTab Mini,Tablets,South India,2,8,15,0,3,15.0,9.429018
2023-12-12,FusionTab Mini,Tablets,South India,50,12,12,1,4,1.0,5.1908393
2022-07-15,FusionTab Mini,Tablets,West India,2,7,15,4,3,79.0,5.677489
2023-07-16,FusionTab Mini,Tablets,West India,40,7,16,6,3,34.0,9.836724
2024-12-05,FusionTab Pro,Tablets,Central India,1,12,5,3,4,61.0,7.368019
2024-02-24,FusionTab Pro,Tablets,East India,28,2,24,5,1,1.0,5.795925
2024-07-28,FusionTab Pro,Tablets,East India,1,7,28,6,3,50.0,5.6760216
2024-08-01,FusionTab Pro,Tablets,North India,10,8,1,3,3,39.0,6.3573565
2024-10-29,FusionTab Pro,Tablets,North India,2,10,29,1,4,3.0,6.045029
2022-06-20,FusionTab Pro,Tablets,South India,2,6,20,0,2,87.0,6.014966
2024-05-23,FusionTab Pro,Tablets,South India,1,5,23,3,2,1.0,14.496814
2022-06-19,FusionTab Pro,Tablets,West India,16,6,19,6,2,1.0,5.7696166
2024-12-10,FusionTab Pro,Tablets,West India,178,12,10,1,4,34.0,8.655651
2022-11-18,FusionView 24,Monitors,East India,1,11,18,4,4,11.0,10.6545315
2022-01-23,FusionView 24,Monitors,North India,31,1,23,6,1,1.0,7.181903
2023-09-16,FusionView 24,Monitors,North India,28,9,16,5,3,65.0,9.960557
2022-07-20,FusionView 24,Monitors,South India,16,7,20,2,3,1.0,7.6037006
2023-12-01,FusionView 24,Monitors,South India,31,12,1,4,4,13.0,12.81019
2021-11-07,FusionView 24,Monitors,West India,1,11,7,6,4,44.0,11.475917
2023-02-20,FusionView 27,Monitors,Central India,29,2,20,0,1,30.0,9.136252
2023-11-10,FusionView 27,Monitors,North India,2,11,10,4,4,93.0,6.3347793
2024-12-15,FusionView 27,Monitors,North India,62,12,15,6,4,42.0,6.068124
2023-11-12,FusionView 27,Monitors,South India,147,11,12,6,4,297.0,6.615574
2024-08-05,FusionView 27,Monitors,West India,40,8,5,0,3,6.0,5.7698674
2023-06-17,FusionView 32,Monitors,Central India,32,6,17,5,2,32.0,5.7730856
2022-06-26,FusionView 32,Monitors,East India,1,6,26,6,2,1.0,6.3529835
2022-05-30,FusionView 32,Monitors,North India,86,5,30,0,2,49.0,7.2131643
2023-03-08,FusionView 32,Monitors,North India,27,3,8,2,1,1.0,7.3714366
2022-06-13,FusionView 32,Monitors,South India,43,6,13,0,2,1.0,5.8458443
2024-12-02,FusionView 32,Monitors,West India,29,12,2,0,4,8.0,8.212805
2023-01-26,Fusion Earbuds,Accessories,Central India,1,1,26,3,1,1.0,9.683781
2023-11-07,Fusion Earbuds,Accessories,Central India,2,11,7,1,4,2.0,8.654327
2024-10-05,Fusion Earbuds,Accessories,Central India,35,10,5,5,4,51.0,8.42237
2021-01-17,Fusion Earbuds,Accessories,East India,75,1,17,6,1,2.0,13.583235
2022-01-14,Fusion Earbuds,Accessories,East India,1,1,14,4,1,1.0,8.051233
2022-05-18,Fusion Earbuds,Accessories,East India,3,5,18,2,2,1.0,9.97128
2023-03-05,Fusion Earbuds,Accessories,East India,28,3,5,6,1,1.0,6.643683
2024-02-25,Fusion Earbuds,Accessories,East India,1,2,25,6,1,1.0,7.3636007
2021-04-11,Fusion Earbuds,Accessories,North India,21,4,11,6,2,76.0,10.062979
2021-05-23,Fusion Earbuds,Accessories,North India,3,5,23,6,2,1.0,8.528524
2021-09-22,Fusion Earbuds,Accessories,North India,5,9,22,2,3,2.0,4.3770514
2022-05-15,Fusion Earbuds,Accessories,North India,2,5,15,6,2,27.0,4.98338
2022-11-08,Fusion Earbuds,Accessories,North India,5,11,8,1,4,2.0,6.605126
2022-12-25,Fusion Earbuds,Accessories,North India,1,12,25,6,4,1.0,5.0031557
2023-03-23,Fusion Earbuds,Accessories,North India,1,3,23,3,1,1.0,-14.826363
2023-07-08,Fusion Earbuds,Accessories,North India,2,7,8,5,3,4.0,23.436068
2023-09-16,Fusion Earbuds,Accessories,North India,34,9,16,5,3,3.0,23.487474
2024-02-21,Fusion Earbuds,Accessories,North India,2,2,21,2,1,1.0,7.9723945
2024-06-02,Fusion Earbuds,Accessories,North India,1,6,2,6,2,3.0,23.044155
2024-08-01,Fusion Earbuds,Accessories,North India,1,8,1,3,3,26.0,23.890581
2021-04-23,Fusion Earbuds,Accessories,South India,2,4,23,4,2,2.0,15.371757
2021-05-23,Fusion Earbuds,Accessories,South India,201,5,23,6,2,6.0,6.7282786
2021-06-30,Fusion Earbuds,Accessories,South India,2,6,30,2,2,3.0,7.098335
2021-08-09,Fusion Earbuds,Accessories,South India,4,8,9,0,3,1.0,7.00897
2021-09-24,Fusion Earbuds,Accessories,South India,3,9,24,4,3,1.0,8.036464
2021-11-09,Fusion Earbuds,Accessories,South India,2,11,9,1,4,1.0,8.263323
2022-01-03,Fusion Earbuds,Accessories,South India,29,1,3,0,1,62.0,11.256441
2022-03-02,Fusion Earbuds,Accessories,South India,5,3,2,2,1,3.0,17.300991
2022-05-30,Fusion Earbuds,Accessories,South India,2,5,30,0,2,7.0,7.130715
2022-07-18,Fusion Earbuds,Accessories,South India,1,7,18,0,3,1.0,7.9181743
2023-07-08,Fusion Earbuds,Accessories,South India,4,7,8,5,3,3.0,8.867943
2023-08-15,Fusion Earbuds,Accessories,South India,3,8,15,1,3,2.0,8.08126
2023-11-19,Fusion Earbuds,Accessories,South India,1,11,19,6,4,4.0,10.21013
2023-12-26,Fusion Earbuds,Accessories,South India,2,12,26,1,4,1.0,12.161108
2024-07-22,Fusion Earbuds,Accessories,South India,1,7,22,0,3,3.0,10.537073
2024-09-16,Fusion Earbuds,Accessories,South India,3,9,16,0,3,26.0,10.246342
2022-02-26,Fusion Earbuds,Accessories,West India,1,2,26,5,1,2.0,14.847996
2022-06-16,Fusion Earbuds,Accessories,West India,1,6,16,3,2,2.0,11.387389
2023-02-27,Fusion Earbuds,Accessories,West India,1,2,27,0,1,1.0,7.766742
2023-09-21,Fusion Earbuds,Accessories,West India,1,9,21,3,3,1.0,9.093394
2024-03-14,Fusion Earbuds,Accessories,West India,1,3,14,3,1,20.0,13.52428
2021-04-16,Fusion Keyboard,Accessories,Central India,11,4,16,4,2,1.0,14.278287
2021-08-17,Fusion Keyboard,Accessories,Central India,1,8,17,1,3,24.0,9.842577
2023-02-24,Fusion Keyboard,Accessories,Central India,3,2,24,4,1,1.0,7.7679105
2024-03-03,Fusion Keyboard,Accessories,Central India,1,3,3,6,1,1.0,9.172089
2021-09-03,Fusion Keyboard,Accessories,East India,48,9,3,4,3,1.0,11.281885
2022-02-21,Fusion Keyboard,Accessories,East India,1,2,21,0,1,32.0,13.558115
2022-09-10,Fusion Keyboard,Accessories,East India,1,9,10,5,3,4.0,11.732059
2023-12-17,Fusion Keyboard,Accessories,East India,1,12,17,6,4,1.0,9.352189
2024-07-21,Fusion Keyboard,Accessories,East India,2,7,21,6,3,1.0,12.230901
2024-11-15,Fusion Keyboard,Accessories,East India,1,11,15,4,4,3.0,8.434794
2021-04-17,Fusion Keyboard,Accessories,North India,4,4,17,5,2,4.0,8.367124
2021-06-23,Fusion Keyboard,Accessories,North India,31,6,23,2,2,56.0,7.846624
2021-08-05,Fusion Keyboard,Accessories,North India,3,8,5,3,3,2.0,8.447666
2022-01-17,Fusion Keyboard,Accessories,North India,1,1,17,0,1,6.0,8.081962
2022-02-28,Fusion Keyboard,Accessories,North India,1,2,28,0,1,3.0,8.081962
2022-06-20,Fusion Keyboard,Accessories,North India,2,6,20,0,2,2.0,9.473041
2022-09-22,Fusion Keyboard,Accessories,North India,1,9,22,3,3,2.0,8.045992
2023-04-02,Fusion Keyboard,Accessories,North India,1,4,2,6,2,4.0,20.110657
2023-08-26,Fusion Keyboard,Accessories,North India,1,8,26,5,3,20.0,7.9327884
2024-08-12,Fusion Keyboard,Accessories,North India,13,8,12,0,3,1.0,8.727285
2024-10-02,Fusion Keyboard,Accessories,North India,1,10,2,2,4,1.0,8.311578
2021-07-30,Fusion Keyboard,Accessories,South India,14,7,30,4,3,2.0,8.324937
2021-09-30,Fusion Keyboard,Accessories,South India,4,9,30,3,3,4.0,9.262632
2021-11-28,Fusion Keyboard,Accessories,South India,9,11,28,6,4,4.0,9.622979
2022-02-21,Fusion Keyboard,Accessories,South India,2,2,21,0,1,20.0,7.6101236
2022-04-01,Fusion Keyboard,Accessories,South India,4,4,1,4,2,3.0,8.837897
2022-11-07,Fusion Keyboard,Accessories,South India,2,11,7,0,4,2.0,8.009398
2023-01-20,Fusion Keyboard,Accessories,South India,4,1,20,4,1,2.0,10.353208
2023-12-12,Fusion Keyboard,Accessories,South India,1,12,12,1,4,87.0,7.343758
2024-02-04,Fusion Keyboard,Accessories,South India,2,2,4,6,1,2.0,7.8994164
2024-03-21,Fusion Keyboard,Accessories,South India,16,3,21,3,1,1.0,5.953242
2024-08-19,Fusion Keyboard,Accessories,South India,2,8,19,0,3,4.0,5.637046
2024-10-06,Fusion Keyboard,Accessories,South India,2,10,6,6,4,5.0,5.8986816
2021-05-11,Fusion Keyboard,Accessories,West India,2,5,11,1,2,4.0,6.164707
2021-07-02,Fusion Keyboard,Accessories,West India,1,7,2,4,3,1.0,8.32482
2021-08-27,Fusion Keyboard,Accessories,West India,1,8,27,4,3,73.0,6.9630103
2021-10-06,Fusion Keyboard,Accessories,West India,2,10,6,2,4,3.0,6.3975186
2021-12-31,Fusion Keyboard,Accessories,West India,33,12,31,4,4,1.0,6.5851793
2022-02-14,Fusion Keyboard,Accessories,West India,2,2,14,0,1,6.0,4.470967
2022-04-22,Fusion Keyboard,Accessories,West India,2,4,22,4,2,2.0,5.264021
2022-11-07,Fusion Keyboard,Accessories,West India,1,11,7,0,4,2.0,6.496192
2023-06-09,Fusion Keyboard,Accessories,West India,5,6,9,4,2,1.0,8.694268
2023-08-12,Fusion Keyboard,Accessories,West India,3,8,12,5,3,3.0,6.289396
2023-10-24,Fusion Keyboard,Accessories,West India,1,10,24,1,4,3.0,8.989199
2024-01-13,Fusion Keyboard,Accessories,West India,1,1,13,5,1,2.0,8.66417
2024-03-09,Fusion Keyboard,Accessories,West India,27,3,9,5,1,2.0,9.169854
2024-05-04,Fusion Keyboard,Accessories,West India,1,5,4,5,2,4.0,4.971983
2024-06-27,Fusion Keyboard,Accessories,West India,6,6,27,3,2,2.0,6.8107543
2024-10-21,Fusion Keyboard,Accessories,West India,46,10,21,0,4,5.0,5.899209
2022-01-04,Fusion Mouse,Accessories,Central India,1,1,4,1,1,1.0,5.0835304
2022-07-08,Fusion Mouse,Accessories,Central India,1,7,8,4,3,2.0,5.019845
2022-12-07,Fusion Mouse,Accessories,Central India,3,12,7,2,4,1.0,5.0353603
2023-09-21,Fusion Mouse,Accessories,Central India,1,9,21,3,3,1.0,5.6119676
2024-02-12,Fusion Mouse,Accessories,Central India,1,2,12,0,1,1.0,5.6119676
2024-09-02,Fusion Mouse,Accessories,Central India,1,9,2,0,3,1.0,6.956185
2021-05-09,Fusion Mouse,Accessories,East India,43,5,9,6,2,4.0,6.970827
2021-08-08,Fusion Mouse,Accessories,East India,3,8,8,6,3,1.0,5.8002167
2022-01-15,Fusion Mouse,Accessories,East India,2,1,15,5,1,145.0,5.795833
2022-09-15,Fusion Mouse,Accessories,East India,1,9,15,3,3,3.0,5.9034476
2023-03-15,Fusion Mouse,Accessories,East India,1,3,15,2,1,1.0,6.0955057
2023-07-06,Fusion Mouse,Accessories,East India,1,7,6,3,3,2.0,5.644864
2023-10-03,Fusion Mouse,Accessories,East India,1,10,3,1,4,2.0,5.4960876
2023-12-07,Fusion Mouse,Accessories,East India,3,12,7,3,4,2.0,5.762322
2024-02-24,Fusion Mouse,Accessories,East India,48,2,24,5,1,3.0,6.716519
2024-05-15,Fusion Mouse,Accessories,East India,1,5,15,2,2,2.0,5.786256
2021-04-30,Fusion Mouse,Accessories,North India,44,4,30,4,2,3.0,5.9299183
2021-06-05,Fusion Mouse,Accessories,North India,2,6,5,5,2,1.0,5.7993217
2021-08-23,Fusion Mouse,Accessories,North India,3,8,23,0,3,3.0,4.775487
2021-10-02,Fusion Mouse,Accessories,North India,53,10,2,5,4,4.0,5.625619
2021-11-18,Fusion Mouse,Accessories,North India,3,11,18,3,4,3.0,9.01036
2022-07-02,Fusion Mouse,Accessories,North India,1,7,2,5,3,1.0,4.899894
2022-10-21,Fusion Mouse,Accessories,North India,30,10,21,4,4,93.0,5.5543976
2022-12-07,Fusion Mouse,Accessories,North India,1,12,7,2,4,2.0,7.0685024
2023-05-24,Fusion Mouse,Accessories,North India,1,5,24,2,2,1.0,5.7679315
2023-07-08,Fusion Mouse,Accessories,North India,3,7,8,5,3,2.0,5.6165805
2023-12-26,Fusion Mouse,Accessories,North India,1,12,26,1,4,20.0,9.885319
2024-07-11,Fusion Mouse,Accessories,North India,2,7,11,3,3,4.0,7.150701
2024-09-12,Fusion Mouse,Accessories,North India,1,9,12,3,3,3.0,10.759656
2021-06-12,Fusion Mouse,Accessories,South India,2,6,12,5,2,53.0,5.762322
2021-07-23,Fusion Mouse,Accessories,South India,42,7,23,4,3,3.0,5.9256496
2021-10-08,Fusion Mouse,Accessories,South India,8,10,8,4,4,5.0,7.7247458
2022-03-19,Fusion Mouse,Accessories,South India,32,3,19,5,1,2.0,13.665786
2022-08-05,Fusion Mouse,Accessories,South India,1,8,5,4,3,1.0,6.674424
2022-10-08,Fusion Mouse,Accessories,South India,2,10,8,5,4,3.0,6.090138
2022-12-04,Fusion Mouse,Accessories,South India,4,12,4,6,4,31.0,8.55264
2023-01-09,Fusion Mouse,Accessories,South India,3,1,9,0,1,3.0,9.304613
2023-05-14,Fusion Mouse,Accessories,South India,3,5,14,6,2,3.0,9.701448
2024-02-09,Fusion Mouse,Accessories,South India,2,2,9,4,1,56.0,5.136386
2024-03-25,Fusion Mouse,Accessories,South India,1,3,25,0,1,2.0,9.534137
2024-05-17,Fusion Mouse,Accessories,South India,41,5,17,4,2,201.0,6.0433407
2021-06-12,Fusion Mouse,Accessories,West India,101,6,12,5,2,1.0,7.4935937
2021-09-18,Fusion Mouse,Accessories,West India,1,9,18,5,3,1.0,8.946832
2021-10-26,Fusion Mouse,Accessories,West India,7,10,26,1,4,3.0,5.6936126
2022-03-30,Fusion Mouse,Accessories,West India,31,3,30,2,1,1.0,10.704794
2022-06-26,Fusion Mouse,Accessories,West India,1,6,26,6,2,3.0,9.73387
2022-10-23,Fusion Mouse,Accessories,West India,6,10,23,6,4,38.0,13.419437
2022-12-16,Fusion Mouse,Accessories,West India,1,12,16,4,4,1.0,7.3888683
2023-02-05,Fusion Mouse,Accessories,West India,1,2,5,6,1,1.0,11.361449
2023-07-07,Fusion Mouse,Accessories,West India,61,7,7,4,3,3.0,11.371341
2023-09-18,Fusion Mouse,Accessories,West India,1,9,18,0,3,1.0,12.615201
2023-11-06,Fusion Mouse,Accessories,West India,2,11,6,0,4,10.0,8.569814
2024-05-12,Fusion Mouse,Accessories,West India,4,5,12,6,2,27.0,8.648514
2024-07-17,Fusion Mouse,Accessories,West India,1,7,17,2,3,1.0,27.28925
2024-10-26,Fusion Mouse,Accessories,West India,3,10,26,5,4,15.0,19.24302
2022-07-23,Fusion Watch Lite,Wearables,Central India,1,7,23,5,3,1.0,18.836208
2022-04-16,Fusion Watch Lite,Wearables,East India,1,4,16,5,2,1.0,9.808901
2021-12-13,Fusion Watch Lite,Wearables,North India,1,12,13,0,4,1.0,8.816362
2022-07-09,Fusion Watch Lite,Wearables,North India,1,7,9,5,3,1.0,18.790285
2023-05-28,Fusion Watch Lite,Wearables,North India,1,5,28,6,2,2.0,9.883545
2021-11-05,Fusion Watch Lite,Wearables,South India,1,11,5,4,4,14.0,13.17721
2023-01-01,Fusion Watch Lite,Wearables,South India,18,1,1,6,1,1.0,16.473492
2023-08-26,Fusion Watch Lite,Wearables,South India,1,8,26,5,3,21.0,20.44029
2024-11-15,Fusion Watch Lite,Wearables,South India,1,11,15,4,4,1.0,25.838879
2023-01-25,Fusion Watch Lite,Wearables,West India,1,1,25,2,1,1.0,19.02442
2023-06-22,Fusion Watch Lite,Wearables,West India,1,6,22,3,2,1.0,9.400624
2022-06-23,Fusion Watch Pro,Wearables,Central India,1,6,23,3,2,1.0,18.238213
2022-03-09,Fusion Watch Pro,Wearables,North India,1,3,9,2,1,1.0,9.79922
2023-01-26,Fusion Watch Pro,Wearables,North India,1,1,26,3,1,1.0,10.70365
2023-11-26,Fusion Watch Pro,Wearables,North India,2,11,26,6,4,1.0,18.460588
2024-10-26,Fusion Watch Pro,Wearables,North India,3,10,26,5,4,2.0,16.754196
2022-06-11,Fusion Watch Pro,Wearables,South India,1,6,11,5,2,2.0,6.8587394
2022-11-13,Fusion Watch Pro,Wearables,South India,1,11,13,6,4,1.0,6.5921626
2023-04-21,Fusion Watch Pro,Wearables,South India,17,4,21,4,2,2.0,6.5921626
2024-04-05,Fusion Watch Pro,Wearables,South India,9,4,5,4,2,2.0,8.654327
2022-11-21,Fusion Watch Pro,Wearables,West India,31,11,21,0,4,1.0,10.87886
2023-12-10,Fusion Watch Pro,Wearables,West India,1,12,10,6,4,3.0,9.831504
2024-08-02,Fusion Watch Pro,Wearables,West India,1,8,2,4,3,1.0,9.399202
2021-02-10,FusionBook Air,Laptops,Central India,173,2,10,2,1,180.0,9.298467
2021-04-30,FusionBook Air,Laptops,Central India,46,4,30,4,2,1.0,7.1321545
2021-06-11,FusionBook Air,Laptops,East India,2,6,11,4,2,1.0,7.06937
2022-05-14,FusionBook Air,Laptops,East India,83,5,14,5,2,1.0,5.0026793
2022-08-19,FusionBook Air,Laptops,East India,1,8,19,4,3,1.0,5.52609
2024-10-26,FusionBook Air,Laptops,East India,166,10,26,5,4,58.0,11.121781
2021-08-03,FusionBook Air,Laptops,North India,1,8,3,1,3,24.0,7.248372
2021-10-10,FusionBook Air,Laptops,North India,42,10,10,6,4,108.0,8.738204
2022-02-24,FusionBook Air,Laptops,North India,1,2,24,3,1,97.0,7.561921
2022-09-10,FusionBook Air,Laptops,North India,95,9,10,5,3,38.0,8.2488165
2023-07-23,FusionBook Air,Laptops,North India,37,7,23,6,3,42.0,36.037502
2023-09-13,FusionBook Air,Laptops,North India,41,9,13,2,3,28.0,9.135088
2023-12-08,FusionBook Air,Laptops,North India,1,12,8,4,4,21.0,24.215525
2024-02-07,FusionBook Air,Laptops,North India,1,2,7,2,1,1.0,12.145272
2024-04-07,FusionBook Air,Laptops,North India,29,4,7,6,2,1.0,6.6618567
2024-11-18,FusionBook Air,Laptops,North India,26,11,18,0,4,1.0,20.16897
2021-02-06,FusionBook Air,Laptops,South India,100,2,6,5,1,20.0,11.256441
2021-11-11,FusionBook Air,Laptops,South India,19,11,11,3,4,1.0,7.8301163
2023-04-28,FusionBook Air,Laptops,South India,1,4,28,4,2,54.0,2.8058987
2023-07-22,FusionBook Air,Laptops,South India,54,7,22,5,3,86.0,10.106816
2023-09-04,FusionBook Air,Laptops,South India,43,9,4,0,3,1.0,9.283447
2023-10-21,FusionBook Air,Laptops,South India,1,10,21,5,4,1.0,9.283447
2024-04-27,FusionBook Air,Laptops,South India,55,4,27,5,2,1.0,11.5133505
2024-08-12,FusionBook Air,Laptops,South India,40,8,12,0,3,27.0,6.763107
2021-01-17,FusionBook Air,Laptops,West India,282,1,17,6,1,38.0,7.5135493
2021-05-31,FusionBook Air,Laptops,West India,61,5,31,0,2,26.0,8.636287
2021-08-26,FusionBook Air,Laptops,West India,2,8,26,3,3,42.0,9.522222
2022-01-16,FusionBook Air,Laptops,West India,32,1,16,6,1,1.0,6.0677743
2022-08-02,FusionBook Air,Laptops,West India,2,8,2,1,3,49.0,12.580253
2023-07-30,FusionBook Air,Laptops,West India,2,7,30,6,3,3.0,10.30553
2023-09-27,FusionBook Air,Laptops,West India,1,9,27,2,3,2.0,9.991435
2024-04-09,FusionBook Air,Laptops,West India,1,4,9,1,2,48.0,6.531564
2024-10-12,FusionBook Air,Laptops,West India,19,10,12,5,4,1.0,7.853093
2021-10-19,FusionBook Pro,Laptops,Central India,119,10,19,1,4,26.0,10.331321
2021-09-27,FusionBook Pro,Laptops,East India,1,9,27,0,3,113.0,11.281885
2021-11-25,FusionBook Pro,Laptops,East India,2,11,25,3,4,34.0,15.501018
2023-11-04,FusionBook Pro,Laptops,East India,103,11,4,5,4,32.0,13.492453
2024-09-29,FusionBook Pro,Laptops,East India,13,9,29,6,3,1.0,8.367124
2021-07-26,FusionBook Pro,Laptops,North India,29,7,26,0,3,37.0,7.773226
2021-10-18,FusionBook Pro,Laptops,North India,38,10,18,0,4,153.0,10.7673025
2022-02-16,FusionBook Pro,Laptops,North India,1,2,16,2,1,143.0,8.081962
2022-06-24,FusionBook Pro,Laptops,North India,56,6,24,4,2,69.0,11.596731
2023-01-14,FusionBook Pro,Laptops,North India,1,1,14,5,1,36.0,8.335874
2023-05-23,FusionBook Pro,Laptops,North India,60,5,23,1,2,1.0,9.782691
2023-07-23,FusionBook Pro,Laptops,North India,1,7,23,6,3,61.0,9.481846
2023-09-11,FusionBook Pro,Laptops,North India,31,9,11,0,3,127.0,7.9327884
2023-11-05,FusionBook Pro,Laptops,North India,264,11,5,6,4,1.0,7.793099
2021-12-18,FusionBook Pro,Laptops,South India,43,12,18,5,4,97.0,11.138252
2022-05-05,FusionBook Pro,Laptops,South India,52,5,5,3,2,90.0,12.078183
2022-08-04,FusionBook Pro,Laptops,South India,1,8,4,3,3,1.0,9.436582
2022-09-29,FusionBook Pro,Laptops,South India,62,9,29,3,3,73.0,8.688742
2022-12-09,FusionBook Pro,Laptops,South India,85,12,9,4,4,36.0,10.545966
2023-02-21,FusionBook Pro,Laptops,South India,35,2,21,1,1,103.0,9.429256
2023-03-27,FusionBook Pro,Laptops,South India,23,3,27,0,1,1.0,7.972106
2023-08-08,FusionBook Pro,Laptops,South India,1,8,8,1,3,61.0,9.533346
2023-09-14,FusionBook Pro,Laptops,South India,1,9,14,3,3,60.0,9.522768
2023-12-23,FusionBook Pro,Laptops,South India,28,12,23,5,4,1.0,5.7859178
2024-02-10,FusionBook Pro,Laptops,South India,1,2,10,5,1,3.0,6.675278
2024-04-04,FusionBook Pro,Laptops,South India,225,4,4,3,2,2.0,8.06017
2024-05-29,FusionBook Pro,Laptops,South India,40,5,29,2,2,6.0,9.042851
2024-08-23,FusionBook Pro,Laptops,South India,1,8,23,4,3,1.0,5.4973593
2024-12-26,FusionBook Pro,Laptops,South India,1,12,26,3,4,63.0,7.5578547
2021-07-23,FusionBook Pro,Laptops,West India,1,7,23,4,3,2.0,7.459325
2021-09-10,FusionBook Pro,Laptops,West India,1,9,10,4,3,1.0,10.035396
2021-11-27,FusionBook Pro,Laptops,West India,112,11,27,5,4,1.0,6.257832
2022-04-18,FusionBook Pro,Laptops,West India,45,4,18,0,2,69.0,8.370941
2022-06-23,FusionBook Pro,Laptops,West India,1,6,23,3,2,186.0,8.581857
2022-08-31,FusionBook Pro,Laptops,West India,97,8,31,2,3,1.0,6.9484987
2022-10-20,FusionBook Pro,Laptops,West India,1,10,20,3,4,19.0,8.194747
2023-01-19,FusionBook Pro,Laptops,West India,2,1,19,3,1,38.0,6.289396
2023-05-08,FusionBook Pro,Laptops,West India,1,5,8,0,2,29.0,6.289396
2023-09-09,FusionBook Pro,Laptops,West India,1,9,9,5,3,47.0,6.1867657
2024-01-08,FusionBook Pro,Laptops,West India,11,1,8,0,1,2.0,5.404319
2024-05-06,FusionBook Pro,Laptops,West India,51,5,6,0,2,1.0,11.948113
2024-07-11,FusionBook Pro,Laptops,West India,1,7,11,3,3,108.0,7.7513003
2022-04-27,FusionBook Ultra,Laptops,Central India,17,4,27,2,2,26.0,4.943844
2022-10-14,FusionBook Ultra,Laptops,Central India,1,10,14,4,4,6.0,5.236271
2023-06-28,FusionBook Ultra,Laptops,Central India,88,6,28,2,2,2.0,6.449918
2023-11-16,FusionBook Ultra,Laptops,Central India,1,11,16,3,4,1.0,5.4606166
2024-07-03,FusionBook Ultra,Laptops,Central India,1,7,3,2,3,119.0,6.7552342
2022-05-12,FusionBook Ultra,Laptops,East India,36,5,12,3,2,46.0,6.3718987
2022-08-11,FusionBook Ultra,Laptops,East India,1,8,11,3,3,1.0,9.481757
2022-11-01,FusionBook Ultra,Laptops,East India,84,11,1,1,4,44.0,8.719351
2023-07-26,FusionBook Ultra,Laptops,East India,1,7,26,2,3,48.0,5.7520967
2023-11-10,FusionBook Ultra,Laptops,East India,1,11,10,4,4,22.0,7.0467143
2024-03-04,FusionBook Ultra,Laptops,East India,2,3,4,0,1,1.0,6.0955057
2024-11-16,FusionBook Ultra,Laptops,East India,1,11,16,5,4,1.0,6.559948
2022-07-25,FusionBook Ultra,Laptops,North India,1,7,25,0,3,2.0,10.759656
2022-09-17,FusionBook Ultra,Laptops,North India,2,9,17,5,3,2.0,6.521951
2022-11-07,FusionBook Ultra,Laptops,North India,3,11,7,0,4,105.0,4.1627784
2022-12-08,FusionBook Ultra,Laptops,North India,17,12,8,3,4,16.0,5.7993217
2023-01-20,FusionBook Ultra,Laptops,North India,50,1,20,4,1,127.0,5.9017158
2023-03-06,FusionBook Ultra,Laptops,North India,43,3,6,0,1,2.0,6.1795607
2023-07-09,FusionBook Ultra,Laptops,North India,12,7,9,6,3,60.0,7.977584
2024-03-17,FusionBook Ultra,Laptops,North India,1,3,17,6,1,2.0,5.296173
2024-05-17,FusionBook Ultra,Laptops,North India,8,5,17,4,2,1.0,5.9394403
2024-09-07,FusionBook Ultra,Laptops,North India,68,9,7,5,3,50.0,6.0887065
2022-04-16,FusionBook Ultra,Laptops,South India,37,4,16,5,2,96.0,8.369949
2022-11-02,FusionBook Ultra,Laptops,South India,2,11,2,2,4,24.0,6.39714
2023-02-27,FusionBook Ultra,Laptops,South India,43,2,27,0,1,112.0,8.813506
2023-06-19,FusionBook Ultra,Laptops,South India,1,6,19,0,2,33.0,4.760881
2023-09-09,FusionBook Ultra,Laptops,South India,43,9,9,5,3,32.0,6.0114264
2024-03-17,FusionBook Ultra,Laptops,South India,56,3,17,6,1,1.0,5.762322
2022-06-24,FusionBook Ultra,Laptops,West India,2,6,24,4,2,1.0,8.152555
2023-05-07,FusionBook Ultra,Laptops,West India,28,5,7,6,2,33.0,5.6006875
2023-12-11,FusionBook Ultra,Laptops,West India,111,12,11,0,4,51.0,10.847774
2024-07-11,FusionBook Ultra,Laptops,West India,2,7,11,3,3,75.0,6.1276016
2024-12-23,FusionBook Ultra,Laptops,West India,1,12,23,0,4,96.0,6.020369
2022-04-26,FusionPhone Lite,Smartphones,Central India,1,4,26,1,2,1.0,7.6977916
2022-12-05,FusionPhone Lite,Smartphones,Central India,2,12,5,0,4,1.0,8.691248
2023-08-08,FusionPhone Lite,Smartphones,Central India,1,8,8,1,3,1.0,6.9878764
2024-09-18,FusionPhone Lite,Smartphones,Central India,1,9,18,2,3,1.0,9.201613
2021-03-01,FusionPhone Lite,Smartphones,East India,4,3,1,0,1,3.0,9.73387
2021-07-12,FusionPhone Lite,Smartphones,East India,1,7,12,0,3,1.0,7.6174164
2021-10-24,FusionPhone Lite,Smartphones,East India,41,10,24,6,4,1.0,8.640166
2022-08-05,FusionPhone Lite,Smartphones,East India,1,8,5,4,3,1.0,9.382388
2022-11-04,FusionPhone Lite,Smartphones,East India,1,11,4,4,4,2.0,13.949904
2023-05-17,FusionPhone Lite,Smartphones,East India,110,5,17,2,2,2.0,12.724798
2024-06-24,FusionPhone Lite,Smartphones,East India,21,6,24,0,2,200.0,10.552986
2021-02-12,FusionPhone Lite,Smartphones,North India,5,2,12,4,1,3.0,17.416395
2021-12-10,FusionPhone Lite,Smartphones,North India,1,12,10,4,4,3.0,21.513409
2022-07-03,FusionPhone Lite,Smartphones,North India,51,7,3,6,3,2.0,10.084669
2022-08-25,FusionPhone Lite,Smartphones,North India,1,8,25,3,3,2.0,10.338579
2022-12-17,FusionPhone Lite,Smartphones,North India,1,12,17,5,4,2.0,20.903152
2023-04-24,FusionPhone Lite,Smartphones,North India,3,4,24,0,2,1.0,11.652757
2023-08-24,FusionPhone Lite,Smartphones,North India,3,8,24,3,3,1.0,9.737561
2024-03-03,FusionPhone Lite,Smartphones,North India,1,3,3,6,1,5.0,10.578254
2024-05-28,FusionPhone Lite,Smartphones,North India,2,5,28,1,2,1.0,9.443779
2024-11-20,FusionPhone Lite,Smartphones,North India,1,11,20,2,4,1.0,18.304548
2021-03-10,FusionPhone Lite,Smartphones,South India,98,3,10,2,1,2.0,10.70365
2021-05-18,FusionPhone Lite,Smartphones,South India,2,5,18,1,2,5.0,9.43646
2021-07-27,FusionPhone Lite,Smartphones,South India,3,7,27,1,3,3.0,19.421465
2021-10-12,FusionPhone Lite,Smartphones,South India,2,10,12,1,4,68.0,13.281451
2021-12-21,FusionPhone Lite,Smartphones,South India,35,12,21,1,4,2.0,9.947517
2022-02-26,FusionPhone Lite,Smartphones,South India,4,2,26,5,1,4.0,9.7839
2022-05-07,FusionPhone Lite,Smartphones,South India,3,5,7,5,2,1.0,13.586521
2022-06-23,FusionPhone Lite,Smartphones,South India,2,6,23,3,2,1.0,13.202689
2023-01-15,FusionPhone Lite,Smartphones,South India,2,1,15,6,1,78.0,13.562483
2024-01-04,FusionPhone Lite,Smartphones,South India,29,1,4,3,1,2.0,8.654327
2024-02-27,FusionPhone Lite,Smartphones,South India,2,2,27,1,1,3.0,8.401305
2024-06-01,FusionPhone Lite,Smartphones,South India,2,6,1,5,2,2.0,7.1321545
2024-09-03,FusionPhone Lite,Smartphones,South India,2,9,3,1,3,2.0,7.810859
2024-10-18,FusionPhone Lite,Smartphones,South India,2,10,18,4,4,3.0,8.874588
2024-11-25,FusionPhone Lite,Smartphones,South India,135,11,25,0,4,2.0,9.921075
2021-02-08,FusionPhone Lite,Smartphones,West India,1,2,8,0,1,8.0,7.337159
2021-03-25,FusionPhone Lite,Smartphones,West India,4,3,25,3,1,3.0,7.547016
2021-08-24,FusionPhone Lite,Smartphones,West India,3,8,24,1,3,14.0,8.073834
2021-10-09,FusionPhone Lite,Smartphones,West India,44,10,9,5,4,2.0,6.981398
2022-06-15,FusionPhone Lite,Smartphones,West India,2,6,15,2,2,2.0,12.402033
2022-09-12,FusionPhone Lite,Smartphones,West India,2,9,12,0,3,1.0,4.88603
2023-11-14,FusionPhone Lite,Smartphones,West India,24,11,14,1,4,2.0,9.318259
2024-03-25,FusionPhone Lite,Smartphones,West India,1,3,25,0,1,3.0,19.544884
2024-05-10,FusionPhone Lite,Smartphones,West India,2,5,10,4,2,10.0,6.799807
2024-07-01,FusionPhone Lite,Smartphones,West India,2,7,1,0,3,2.0,23.851784
2024-10-22,FusionPhone Lite,Smartphones,West India,216,10,22,1,4,4.0,7.9459534
2023-03-19,FusionPhone Ultra,Smartphones,Central India,1,3,19,6,1,30.0,10.777131
2024-09-19,FusionPhone Ultra,Smartphones,Central India,1,9,19,3,3,1.0,19.041437
2023-03-01,FusionPhone Ultra,Smartphones,East India,1,3,1,2,1,44.0,23.956394
2023-06-19,FusionPhone Ultra,Smartphones,East India,1,6,19,0,2,2.0,8.618831
2023-11-20,FusionPhone Ultra,Smartphones,East India,1,11,20,0,4,2.0,6.8377104
2022-11-13,FusionPhone Ultra,Smartphones,North India,98,11,13,6,4,3.0,9.8142185
2023-05-16,FusionPhone Ultra,Smartphones,North India,3,5,16,1,2,1.0,10.095531
2023-07-13,FusionPhone Ultra,Smartphones,North India,2,7,13,3,3,29.0,9.853346
2024-01-05,FusionPhone Ultra,Smartphones,North India,2,1,5,4,1,2.0,6.7312393
2024-04-02,FusionPhone Ultra,Smartphones,North India,1,4,2,1,2,1.0,10.35039
2024-05-23,FusionPhone Ultra,Smartphones,North India,1,5,23,3,2,2.0,8.158865
2022-11-18,FusionPhone Ultra,Smartphones,South India,26,11,18,4,4,1.0,11.44551
2023-03-15,FusionPhone Ultra,Smartphones,South India,1,3,15,2,1,1.0,15.082828
2023-07-02,FusionPhone Ultra,Smartphones,South India,3,7,2,6,3,45.0,9.885174
2023-09-25,FusionPhone Ultra,Smartphones,South India,1,9,25,0,3,1.0,13.272963
2024-01-26,FusionPhone Ultra,Smartphones,South India,3,1,26,4,1,4.0,7.986775
2024-03-17,FusionPhone Ultra,Smartphones,South India,99,3,17,6,1,2.0,8.107999
2024-04-24,FusionPhone Ultra,Smartphones,South India,1,4,24,2,2,1.0,8.828946
2024-08-26,FusionPhone Ultra,Smartphones,South India,1,8,26,0,3,2.0,7.9994526
2024-10-03,FusionPhone Ultra,Smartphones,South India,2,10,3,3,4,2.0,12.1170845
2022-11-14,FusionPhone Ultra,Smartphones,West India,3,11,14,0,4,6.0,7.592358
2023-07-06,FusionPhone Ultra,Smartphones,West India,2,7,6,3,3,1.0,10.092234
2023-08-21,FusionPhone Ultra,Smartphones,West India,1,8,21,0,3,40.0,8.568026
2024-04-20,FusionPhone Ultra,Smartphones,West India,2,4,20,5,2,3.0,7.831817
2024-08-06,FusionPhone Ultra,Smartphones,West India,2,8,6,1,3,1.0,13.84449
2024-11-27,FusionPhone Ultra,Smartphones,West India,35,11,27,2,4,2.0,8.866532
2021-09-24,FusionPhone X,Smartphones,Central India,1,9,24,4,3,2.0,8.7988615
2022-08-09,FusionPhone X,Smartphones,Central India,1,8,9,1,3,1.0,7.681832
2024-10-26,FusionPhone X,Smartphones,Central India,1,10,26,5,4,1.0,8.918178
2021-09-04,FusionPhone X,Smartphones,East India,1,9,4,5,3,1.0,10.847418
2022-08-09,FusionPhone X,Smartphones,East India,1,8,9,1,3,1.0,11.728607
2022-11-10,FusionPhone X,Smartphones,East India,1,11,10,3,4,2.0,11.2853155
2023-01-22,FusionPhone X,Smartphones,East India,2,1,22,6,1,5.0,8.0426445
2021-09-07,FusionPhone X,Smartphones,North India,2,9,7,1,3,1.0,10.908034
2021-12-05,FusionPhone X,Smartphones,North India,1,12,5,6,4,2.0,13.429225
2022-04-22,FusionPhone X,Smartphones,North India,2,4,22,4,2,1.0,7.6535583
2022-08-20,FusionPhone X,Smartphones,North India,3,8,20,5,3,76.0,12.475014
2023-03-30,FusionPhone X,Smartphones,North India,1,3,30,3,1,50.0,8.081962
2023-09-13,FusionPhone X,Smartphones,North India,4,9,13,2,3,30.0,9.591809
2023-12-14,FusionPhone X,Smartphones,North India,2,12,14,3,4,1.0,9.587604
2024-02-03,FusionPhone X,Smartphones,North India,2,2,3,5,1,138.0,9.058773
2024-04-29,FusionPhone X,Smartphones,North India,4,4,29,0,2,2.0,11.62721
2024-08-02,FusionPhone X,Smartphones,North India,1,8,2,4,3,2.0,9.065655
2021-08-23,FusionPhone X,Smartphones,South India,1,8,23,0,3,2.0,7.9709373
2021-09-25,FusionPhone X,Smartphones,South India,4,9,25,5,3,2.0,8.036012
2021-11-02,FusionPhone X,Smartphones,South India,86,11,2,1,4,8.0,8.236964
2021-12-12,FusionPhone X,Smartphones,South India,2,12,12,6,4,2.0,8.463827
2022-01-26,FusionPhone X,Smartphones,South India,3,1,26,2,1,1.0,9.330303
2022-03-10,FusionPhone X,Smartphones,South India,3,3,10,3,1,2.0,13.032779
2022-04-22,FusionPhone X,Smartphones,South India,6,4,22,4,2,2.0,8.3995495
2022-07-02,FusionPhone X,Smartphones,South India,6,7,2,5,3,2.0,12.449306
2022-08-20,FusionPhone X,Smartphones,South India,2,8,20,5,3,90.0,12.289625
2022-10-01,FusionPhone X,Smartphones,South India,28,10,1,5,4,5.0,6.9467306
2022-12-31,FusionPhone X,Smartphones,South India,5,12,31,5,4,1.0,1.0141416
2023-03-18,FusionPhone X,Smartphones,South India,1,3,18,5,1,1.0,7.869712
2023-08-02,FusionPhone X,Smartphones,South India,1,8,2,2,3,97.0,8.198966
2023-11-10,FusionPhone X,Smartphones,South India,2,11,10,4,4,7.0,11.855349
2023-12-24,FusionPhone X,Smartphones,South India,5,12,24,6,4,1.0,8.818829
2024-04-06,FusionPhone X,Smartphones,South India,2,4,6,5,2,31.0,14.920854
2024-08-17,FusionPhone X,Smartphones,South India,1,8,17,5,3,1.0,10.410271
2024-10-01,FusionPhone X,Smartphones,South India,2,10,1,1,4,71.0,5.855532
2021-08-28,FusionPhone X,Smartphones,West India,2,8,28,5,3,2.0,5.562434
2022-01-22,FusionPhone X,Smartphones,West India,5,1,22,5,1,5.0,6.8750386
2022-03-04,FusionPhone X,Smartphones,West India,2,3,4,4,1,2.0,9.582854
2022-04-16,FusionPhone X,Smartphones,West India,2,4,16,5,2,2.0,6.3571067
2022-05-27,FusionPhone X,Smartphones,West India,3,5,27,4,2,1.0,6.926498
2022-10-31,FusionPhone X,Smartphones,West India,4,10,31,0,4,33.0,11.905065
2022-12-28,FusionPhone X,Smartphones,West India,5,12,28,2,4,2.0,9.970087
2023-04-15,FusionPhone X,Smartphones,West India,1,4,15,5,2,1.0,6.0322514
2023-06-14,FusionPhone X,Smartphones,West India,2,6,14,2,2,1.0,5.9211054
2024-02-11,FusionPhone X,Smartphones,West India,2,2,11,6,1,2.0,8.594863
2024-04-05,FusionPhone X,Smartphones,West India,135,4,5,4,2,2.0,6.3266883
2024-06-01,FusionPhone X,Smartphones,West India,2,6,1,5,2,1.0,7.7982492
2024-07-28,FusionPhone X,Smartphones,West India,1,7,28,6,3,1.0,9.011833
2024-09-25,FusionPhone X,Smartphones,West India,1,9,25,2,3,3.0,8.698773
2024-11-12,FusionPhone X,Smartphones,West India,3,11,12,1,4,1.0,5.404319
2021-06-20,FusionTab Mini,Tablets,Central India,1,6,20,6,2,72.0,8.31801
2022-06-24,FusionTab Mini,Tablets,Central India,1,6,24,4,2,1.0,7.1475296
2023-05-13,FusionTab Mini,Tablets,Central India,1,5,13,5,2,1.0,7.4899
2021-07-11,FusionTab Mini,Tablets,East India,88,7,11,6,3,156.0,5.2538466
2023-06-08,FusionTab Mini,Tablets,East India,1,6,8,3,2,1.0,11.227814
2024-02-15,FusionTab Mini,Tablets,East India,1,2,15,3,1,98.0,8.014838
2024-08-29,FusionTab Mini,Tablets,East India,34,8,29,3,3,46.0,6.0169687
2021-06-05,FusionTab Mini,Tablets,North India,81,6,5,5,2,1.0,7.6493793
2022-01-16,FusionTab Mini,Tablets,North India,85,1,16,6,1,1.0,9.160415
2022-05-10,FusionTab Mini,Tablets,North India,76,5,10,1,2,47.0,15.587807
2022-07-30,FusionTab Mini,Tablets,North India,2,7,30,5,3,1.0,10.010145
2022-11-03,FusionTab Mini,Tablets,North India,2,11,3,3,4,1.0,8.968664
2023-02-10,FusionTab Mini,Tablets,North India,1,2,10,4,1,1.0,5.333918
2023-06-09,FusionTab Mini,Tablets,North India,1,6,9,4,2,2.0,4.8928294
2024-10-22,FusionTab Mini,Tablets,North India,78,10,22,1,4,1.0,2.1990821
2021-07-09,FusionTab Mini,Tablets,South India,1,7,9,4,3,1.0,5.9256496
2021-09-06,FusionTab Mini,Tablets,South India,50,9,6,0,3,1.0,5.9256496
2022-01-20,FusionTab Mini,Tablets,South India,2,1,20,3,1,31.0,6.166216
2022-03-24,FusionTab Mini,Tablets,South India,75,3,24,3,1,66.0,5.063453
2022-06-17,FusionTab Mini,Tablets,South India,3,6,17,4,2,2.0,6.3316703
2022-08-16,FusionTab Mini,Tablets,South India,1,8,16,1,3,2.0,8.877926
2022-10-22,FusionTab Mini,Tablets,South India,60,10,22,5,4,45.0,10.4719305
2023-01-05,FusionTab Mini,Tablets,South India,36,1,5,3,1,24.0,6.177297
2023-06-18,FusionTab Mini,Tablets,South India,1,6,18,6,2,1.0,6.062265
2023-10-21,FusionTab Mini,Tablets,South India,14,10,21,5,4,19.0,4.837327
2024-06-18,FusionTab Mini,Tablets,South India,112,6,18,1,2,1.0,11.516125
2024-08-06,FusionTab Mini,Tablets,South India,1,8,6,1,3,15.0,10.978393
2024-12-13,FusionTab Mini,Tablets,South India,1,12,13,4,4,82.0,5.514819
2022-10-01,FusionTab Mini,Tablets,West India,1,10,1,5,4,1.0,5.650838
2024-06-01,FusionTab Mini,Tablets,West India,1,6,1,5,2,25.0,4.710014
2024-07-25,FusionTab Mini,Tablets,West India,1,7,25,3,3,1.0,9.35324
2022-02-19,FusionTab Pro,Tablets,Central India,37,2,19,5,1,100.0,9.84269
2022-12-21,FusionTab Pro,Tablets,East India,1,12,21,2,4,1.0,5.3716865
2024-07-31,FusionTab Pro,Tablets,East India,1,7,31,2,3,1.0,10.759802
2021-12-06,FusionTab Pro,Tablets,North India,36,12,6,0,4,1.0,9.368714
2024-02-26,FusionTab Pro,Tablets,North India,1,2,26,0,1,76.0,6.6185055
2024-05-26,FusionTab Pro,Tablets,North India,92,5,26,6,2,73.0,7.6977916
2022-02-21,FusionTab Pro,Tablets,South India,11,2,21,0,1,1.0,6.7339654
2022-05-02,FusionTab Pro,Tablets,South India,48,5,2,0,2,2.0,6.7578993
2023-01-05,FusionTab Pro,Tablets,South India,36,1,5,3,1,46.0,6.6717014
2023-06-25,FusionTab Pro,Tablets,South India,90,6,25,6,2,42.0,7.8256807
2024-05-26,FusionTab Pro,Tablets,South India,1,5,26,6,2,1.0,9.18
2024-10-20,FusionTab Pro,Tablets,South India,71,10,20,6,4,30.0,14.116735
2022-03-17,FusionTab Pro,Tablets,West India,1,3,17,3,1,29.0,9.239937
2022-06-21,FusionTab Pro,Tablets,West India,1,6,21,1,2,16.0,8.060718
2022-09-06,FusionTab Pro,Tablets,West India,1,9,6,1,3,11.0,15.765488
2023-07-03,FusionTab Pro,Tablets,West India,1,7,3,0,3,2.0,11.930085
2024-01-26,FusionTab Pro,Tablets,West India,1,1,26,4,1,1.0,8.549786
2024-12-16,FusionTab Pro,Tablets,West India,1,12,16,0,4,178.0,20.661243
2024-10-02,FusionView 24,Monitors,Central India,30,10,2,2,4,45.0,10.133926
2022-11-20,FusionView 24,Monitors,East India,11,11,20,6,4,1.0,10.340925
2021-07-12,FusionView 24,Monitors,North India,36,7,12,0,3,32.0,9.99424
2022-01-25,FusionView 24,Monitors,North India,1,1,25,1,1,31.0,10.39067
2022-10-22,FusionView 24,Monitors,North India,18,10,22,5,4,35.0,12.569867
2024-07-02,FusionView 24,Monitors,North India,27,7,2,1,3,1.0,10.942297
2021-11-02,FusionView 24,Monitors,South India,26,11,2,1,4,41.0,11.468109
2022-07-22,FusionView 24,Monitors,South India,1,7,22,4,3,16.0,11.6445675
2023-01-31,FusionView 24,Monitors,South India,1,1,31,1,1,224.0,10.346842
2023-12-07,FusionView 24,Monitors,South India,8,12,7,3,4,31.0,16.237652
2024-10-07,FusionView 24,Monitors,South India,1,10,7,0,4,1.0,11.451555
2021-11-11,FusionView 24,Monitors,West India,1,11,11,3,4,1.0,11.779943
2022-06-24,FusionView 24,Monitors,West India,1,6,24,4,2,9.0,18.690233
2023-03-24,FusionView 24,Monitors,West India,27,3,24,4,1,107.0,9.172179
2022-10-09,FusionView 27,Monitors,East India,37,10,9,6,4,23.0,16.596544
2023-10-31,FusionView 27,Monitors,East India,8,10,31,1,4,31.0,9.774814
2022-11-05,FusionView 27,Monitors,North India,79,11,5,5,4,1.0,16.523228
2023-04-24,FusionView 27,Monitors,North India,37,4,24,0,2,1.0,13.485327
2023-11-11,FusionView 27,Monitors,North India,2,11,11,5,4,2.0,19.384752
2024-07-24,FusionView 27,Monitors,North India,27,7,24,2,3,2.0,7.851275
2024-03-19,FusionView 27,Monitors,South India,1,3,19,1,1,15.0,11.642629
2024-09-27,FusionView 27,Monitors,South India,6,9,27,4,3,1.0,52.589054
2022-06-23,FusionView 27,Monitors,West India,1,6,23,3,2,1.0,19.1294
2024-08-06,FusionView 27,Monitors,West India,1,8,6,1,3,40.0,6.5709805
2023-07-02,FusionView 32,Monitors,Central India,6,7,2,6,3,32.0,7.645932
2024-09-21,FusionView 32,Monitors,East India,69,9,21,5,3,79.0,8.229011
2022-06-07,FusionView 32,Monitors,North India,13,6,7,1,2,86.0,8.089324
2023-03-13,FusionView 32,Monitors,North India,18,3,13,0,1,27.0,7.3980594
2022-10-22,FusionView 32,Monitors,South India,28,10,22,5,4,39.0,5.206161
2024-10-29,FusionView 32,Monitors,South India,1,10,29,1,4,1.0,5.7205653
2023-07-09,FusionView 32,Monitors,West India,1,7,9,6,3,39.0,5.675673
2024-12-04,FusionView 32,Monitors,West India,46,12,4,2,4,29.0,7.742754
2023-02-03,Fusion Earbuds,Accessories,Central India,1,2,3,4,1,1.0,8.909588
2023-11-08,Fusion Earbuds,Accessories,Central India,1,11,8,2,4,2.0,11.606116
2024-04-01,Fusion Earbuds,Accessories,Central India,1,4,1,0,2,1.0,9.095752
2021-03-25,Fusion Earbuds,Accessories,East India,2,3,25,3,1,27.0,8.492662
2021-10-15,Fusion Earbuds,Accessories,East India,3,10,15,4,4,1.0,11.08029
2022-05-21,Fusion Earbuds,Accessories,East India,2,5,21,5,2,3.0,7.8530145
2022-11-23,Fusion Earbuds,Accessories,East India,2,11,23,2,4,2.0,9.401186
2023-09-20,Fusion Earbuds,Accessories,East India,2,9,20,2,3,4.0,10.332669
2024-12-24,Fusion Earbuds,Accessories,East India,21,12,24,1,4,1.0,8.028624
2021-06-28,Fusion Earbuds,Accessories,North India,22,6,28,0,2,76.0,7.7219276
2021-09-23,Fusion Earbuds,Accessories,North India,3,9,23,3,3,5.0,5.8234677
2021-10-31,Fusion Earbuds,Accessories,North India,14,10,31,6,4,85.0,7.5508685
2022-01-21,Fusion Earbuds,Accessories,North India,3,1,21,4,1,1.0,7.7915053
2022-02-21,Fusion Earbuds,Accessories,North India,2,2,21,0,1,2.0,8.368862
2022-08-11,Fusion Earbuds,Accessories,North India,24,8,11,3,3,1.0,7.225613
2023-05-13,Fusion Earbuds,Accessories,North India,1,5,13,5,2,1.0,12.350147
2023-11-19,Fusion Earbuds,Accessories,North India,1,11,19,6,4,3.0,6.855772
2024-06-04,Fusion Earbuds,Accessories,North India,2,6,4,1,2,1.0,12.214337
2024-08-02,Fusion Earbuds,Accessories,North India,3,8,2,4,3,1.0,54.544163
2024-09-22,Fusion Earbuds,Accessories,North India,3,9,22,6,3,2.0,8.766461
2024-10-23,Fusion Earbuds,Accessories,North India,36,10,23,2,4,6.0,8.071417
2021-04-24,Fusion Earbuds,Accessories,South India,3,4,24,5,2,2.0,10.774117
2021-05-24,Fusion Earbuds,Accessories,South India,3,5,24,0,2,201.0,6.582956
2021-11-10,Fusion Earbuds,Accessories,South India,2,11,10,2,4,2.0,7.0733485
2022-01-05,Fusion Earbuds,Accessories,South India,1,1,5,2,1,29.0,17.47359
2022-03-03,Fusion Earbuds,Accessories,South India,2,3,3,3,1,5.0,17.467173
2022-05-31,Fusion Earbuds,Accessories,South India,20,5,31,1,2,2.0,7.1022797
2022-07-20,Fusion Earbuds,Accessories,South India,3,7,20,2,3,1.0,7.3686724
2022-09-19,Fusion Earbuds,Accessories,South India,5,9,19,0,3,14.0,7.3686724
2022-10-23,Fusion Earbuds,Accessories,South India,6,10,23,6,4,13.0,7.10134
2022-12-10,Fusion Earbuds,Accessories,South India,2,12,10,5,4,1.0,10.663275
2023-04-25,Fusion Earbuds,Accessories,South India,2,4,25,1,2,20.0,8.476421
2023-06-03,Fusion Earbuds,Accessories,South India,2,6,3,5,2,2.0,8.705495
2023-10-08,Fusion Earbuds,Accessories,South India,39,10,8,6,4,6.0,11.544679
2023-11-20,Fusion Earbuds,Accessories,South India,5,11,20,0,4,1.0,14.484137
2024-02-01,Fusion Earbuds,Accessories,South India,3,2,1,3,1,2.0,8.432312
2024-03-16,Fusion Earbuds,Accessories,South India,7,3,16,5,1,34.0,4.673453
2024-04-21,Fusion Earbuds,Accessories,South India,1,4,21,6,2,4.0,11.706478
2024-06-09,Fusion Earbuds,Accessories,South India,3,6,9,6,2,39.0,8.648914
2024-09-18,Fusion Earbuds,Accessories,South India,2,9,18,2,3,3.0,22.640156
2024-10-17,Fusion Earbuds,Accessories,South India,3,10,17,3,4,2.0,8.888353
2024-11-17,Fusion Earbuds,Accessories,South India,9,11,17,6,4,5.0,8.35217
2021-03-01,Fusion Earbuds,Accessories,West India,2,3,1,0,1,5.0,6.3566856
2021-04-04,Fusion Earbuds,Accessories,West India,11,4,4,6,2,6.0,10.912808
2021-05-13,Fusion Earbuds,Accessories,West India,2,5,13,3,2,34.0,17.580063
2021-06-28,Fusion Earbuds,Accessories,West India,6,6,28,0,2,97.0,7.6915646
2021-09-19,Fusion Earbuds,Accessories,West India,3,9,19,6,3,1.0,10.712258
2021-11-25,Fusion Earbuds,Accessories,West India,2,11,25,3,4,3.0,10.105323
2022-02-27,Fusion Earbuds,Accessories,West India,2,2,27,6,1,1.0,14.297305
2022-10-21,Fusion Earbuds,Accessories,West India,2,10,21,4,4,8.0,7.752754
2022-12-02,Fusion Earbuds,Accessories,West India,1,12,2,4,4,3.0,10.283468
2023-01-20,Fusion Earbuds,Accessories,West India,39,1,20,4,1,46.0,21.14321
2023-02-28,Fusion Earbuds,Accessories,West India,3,2,28,1,1,1.0,8.868288
2023-06-15,Fusion Earbuds,Accessories,West India,21,6,15,3,2,1.0,8.954936
2023-11-01,Fusion Earbuds,Accessories,West India,2,11,1,2,4,1.0,10.782986
2023-12-20,Fusion Earbuds,Accessories,West India,3,12,20,2,4,1.0,11.052574
2024-07-05,Fusion Earbuds,Accessories,West India,2,7,5,4,3,2.0,6.461111
2024-10-27,Fusion Earbuds,Accessories,West India,31,10,27,6,4,7.0,9.683797
2021-04-20,Fusion Keyboard,Accessories,Central India,1,4,20,1,2,11.0,14.299846
2022-10-19,Fusion Keyboard,Accessories,Central India,28,10,19,2,4,37.0,7.864258
2023-03-05,Fusion Keyboard,Accessories,Central India,2,3,5,6,1,3.0,10.261856
2021-05-31,Fusion Keyboard,Accessories,East India,2,5,31,0,2,1.0,13.235126
2021-09-10,Fusion Keyboard,Accessories,East India,4,9,10,4,3,48.0,16.160275
2021-11-18,Fusion Keyboard,Accessories,East India,1,11,18,3,4,3.0,10.05607
2022-09-12,Fusion Keyboard,Accessories,East India,1,9,12,0,3,1.0,9.421904
2023-02-09,Fusion Keyboard,Accessories,East India,2,2,9,3,1,1.0,7.920927
2023-06-11,Fusion Keyboard,Accessories,East India,1,6,11,6,2,1.0,13.074034
2023-12-19,Fusion Keyboard,Accessories,East India,2,12,19,1,4,1.0,16.861765
2024-03-30,Fusion Keyboard,Accessories,East India,1,3,30,5,1,1.0,11.942525
2024-11-16,Fusion Keyboard,Accessories,East India,4,11,16,5,4,1.0,8.364338
2021-05-15,Fusion Keyboard,Accessories,North India,2,5,15,5,2,5.0,9.25746
2021-09-07,Fusion Keyboard,Accessories,North India,1,9,7,1,3,5.0,8.137716
2021-12-04,Fusion Keyboard,Accessories,North India,14,12,4,5,4,1.0,7.8829885
2022-01-18,Fusion Keyboard,Accessories,North India,4,1,18,1,1,1.0,17.566647
2022-04-25,Fusion Keyboard,Accessories,North India,1,4,25,0,2,1.0,14.748906
2022-06-21,Fusion Keyboard,Accessories,North India,1,6,21,1,2,2.0,10.299726
2022-08-03,Fusion Keyboard,Accessories,North India,1,8,3,2,3,1.0,10.551597
2022-10-31,Fusion Keyboard,Accessories,North India,3,10,31,0,4,1.0,11.173862
2023-06-25,Fusion Keyboard,Accessories,North India,3,6,25,6,2,1.0,10.7029505
2023-08-27,Fusion Keyboard,Accessories,North India,3,8,27,6,3,1.0,9.263701
2023-12-08,Fusion Keyboard,Accessories,North India,2,12,8,4,4,1.0,12.832971
2024-02-09,Fusion Keyboard,Accessories,North India,1,2,9,4,1,1.0,10.5916395
2024-03-31,Fusion Keyboard,Accessories,North India,3,3,31,6,1,26.0,9.834965
2024-05-25,Fusion Keyboard,Accessories,North India,2,5,25,5,2,1.0,12.373965
2024-08-14,Fusion Keyboard,Accessories,North India,1,8,14,2,3,13.0,10.333201
2021-04-13,Fusion Keyboard,Accessories,South India,6,4,13,1,2,15.0,12.981508
2021-05-29,Fusion Keyboard,Accessories,South India,9,5,29,5,2,98.0,8.364338
2021-07-31,Fusion Keyboard,Accessories,South India,3,7,31,5,3,14.0,10.347773
2021-10-01,Fusion Keyboard,Accessories,South India,3,10,1,4,4,4.0,12.501025
2021-11-29,Fusion Keyboard,Accessories,South India,2,11,29,0,4,9.0,11.527906
2022-04-02,Fusion Keyboard,Accessories,South India,2,4,2,5,2,4.0,21.075386
2022-08-10,Fusion Keyboard,Accessories,South India,2,8,10,2,3,1.0,9.494117
2022-10-04,Fusion Keyboard,Accessories,South India,5,10,4,1,4,5.0,10.004401
2023-01-21,Fusion Keyboard,Accessories,South India,1,1,21,5,1,4.0,11.36952
2023-02-28,Fusion Keyboard,Accessories,South India,1,2,28,1,1,1.0,8.1783085
2023-04-20,Fusion Keyboard,Accessories,South India,1,4,20,3,2,2.0,11.36952
2023-06-19,Fusion Keyboard,Accessories,South India,2,6,19,0,2,5.0,9.713575
2023-08-31,Fusion Keyboard,Accessories,South India,2,8,31,3,3,1.0,12.431233
2023-10-05,Fusion Keyboard,Accessories,South India,3,10,5,3,4,5.0,11.53616
2023-12-13,Fusion Keyboard,Accessories,South India,4,12,13,2,4,1.0,7.7823462
2024-02-05,Fusion Keyboard,Accessories,South India,3,2,5,0,1,2.0,8.029426
2024-05-07,Fusion Keyboard,Accessories,South India,1,5,7,1,2,2.0,8.317935
2024-06-30,Fusion Keyboard,Accessories,South India,4,6,30,6,2,12.0,12.106282
2024-08-20,Fusion Keyboard,Accessories,South India,2,8,20,1,3,2.0,7.3866477
2024-10-07,Fusion Keyboard,Accessories,South India,2,10,7,0,4,2.0,9.47253
2024-11-14,Fusion Keyboard,Accessories,South India,5,11,14,3,4,2.0,8.387007
2021-05-12,Fusion Keyboard,Accessories,West India,1,5,12,2,2,2.0,7.8307877
2021-07-04,Fusion Keyboard,Accessories,West India,2,7,4,6,3,1.0,8.004605
2021-08-28,Fusion Keyboard,Accessories,West India,8,8,28,5,3,1.0,11.515126
2021-10-07,Fusion Keyboard,Accessories,West India,1,10,7,3,4,2.0,7.5678563
2021-11-19,Fusion Keyboard,Accessories,West India,1,11,19,4,4,4.0,11.703558
2022-01-03,Fusion Keyboard,Accessories,West India,2,1,3,0,1,33.0,8.932136
2022-02-15,Fusion Keyboard,Accessories,West India,1,2,15,1,1,2.0,10.188844
2022-04-25,Fusion Keyboard,Accessories,West India,4,4,25,0,2,2.0,9.198242
2022-06-29,Fusion Keyboard,Accessories,West India,29,6,29,2,2,1.0,8.284575
2022-10-01,Fusion Keyboard,Accessories,West India,1,10,1,5,4,1.0,6.6646733
2022-11-09,Fusion Keyboard,Accessories,West India,3,11,9,2,4,1.0,10.875745
2023-01-02,Fusion Keyboard,Accessories,West India,4,1,2,0,1,1.0,6.9399996
2023-03-25,Fusion Keyboard,Accessories,West India,3,3,25,5,1,1.0,6.3029613
2023-06-10,Fusion Keyboard,Accessories,West India,1,6,10,5,2,5.0,8.558556
2023-08-13,Fusion Keyboard,Accessories,West India,1,8,13,6,3,3.0,-4.1276407
2023-10-25,Fusion Keyboard,Accessories,West India,1,10,25,2,4,1.0,12.475905
2024-01-14,Fusion Keyboard,Accessories,West India,4,1,14,6,1,1.0,8.226689
2024-03-10,Fusion Keyboard,Accessories,West India,2,3,10,6,1,27.0,7.1471562
2024-06-28,Fusion Keyboard,Accessories,West India,3,6,28,4,2,6.0,7.66591
2024-08-24,Fusion Keyboard,Accessories,West India,1,8,24,5,3,1.0,9.790918
2024-10-22,Fusion Keyboard,Accessories,West India,9,10,22,1,4,46.0,9.7498
2024-12-25,Fusion Keyboard,Accessories,West India,2,12,25,2,4,33.0,11.115656
2021-09-19,Fusion Mouse,Accessories,Central India,1,9,19,6,3,2.0,9.506892
2022-01-09,Fusion Mouse,Accessories,Central India,1,1,9,6,1,1.0,7.0077558
2022-07-10,Fusion Mouse,Accessories,Central India,2,7,10,6,3,1.0,7.499107
2022-12-08,Fusion Mouse,Accessories,Central India,1,12,8,3,4,3.0,7.8965406
2023-10-03,Fusion Mouse,Accessories,Central India,2,10,3,1,4,1.0,7.0028987
2024-02-15,Fusion Mouse,Accessories,Central India,39,2,15,3,1,1.0,6.9988275
2024-09-03,Fusion Mouse,Accessories,Central India,1,9,3,1,3,1.0,11.376242
2021-05-10,Fusion Mouse,Accessories,East India,4,5,10,0,2,43.0,10.307407
2021-08-10,Fusion Mouse,Accessories,East India,1,8,10,1,3,3.0,7.277052
2021-10-26,Fusion Mouse,Accessories,East India,1,10,26,1,4,4.0,6.4338045
2022-01-16,Fusion Mouse,Accessories,East India,2,1,16,6,1,2.0,7.968497
2022-05-03,Fusion Mouse,Accessories,East India,3,5,3,1,2,4.0,6.2127256
2022-09-16,Fusion Mouse,Accessories,East India,2,9,16,4,3,1.0,6.2127256
2023-03-16,Fusion Mouse,Accessories,East India,2,3,16,3,1,1.0,6.4373364
2023-10-06,Fusion Mouse,Accessories,East India,2,10,6,4,4,1.0,5.7696075
2023-12-08,Fusion Mouse,Accessories,East India,1,12,8,4,4,3.0,7.5071106
2024-03-01,Fusion Mouse,Accessories,East India,1,3,1,4,1,48.0,7.90004
2024-05-16,Fusion Mouse,Accessories,East India,2,5,16,3,2,1.0,9.54727
2024-10-01,Fusion Mouse,Accessories,East India,1,10,1,1,4,1.0,8.011146
2024-12-01,Fusion Mouse,Accessories,East India,44,12,1,6,4,2.0,10.628707
2021-07-13,Fusion Mouse,Accessories,North India,2,7,13,1,3,1.0,6.6254673
2021-08-25,Fusion Mouse,Accessories,North India,2,8,25,2,3,3.0,3.057049
2021-10-03,Fusion Mouse,Accessories,North India,14,10,3,6,4,53.0,6.5801477
2022-01-08,Fusion Mouse,Accessories,North India,3,1,8,5,1,5.0,25.225258
2022-02-28,Fusion Mouse,Accessories,North India,3,2,28,0,1,7.0,8.340146
2022-09-03,Fusion Mouse,Accessories,North India,2,9,3,5,3,2.0,6.0689635
2023-03-02,Fusion Mouse,Accessories,North India,2,3,2,3,1,4.0,8.57833
2023-04-09,Fusion Mouse,Accessories,North India,5,4,9,6,2,1.0,8.787656
2023-05-25,Fusion Mouse,Accessories,North India,1,5,25,3,2,1.0,7.032716
2023-10-23,Fusion Mouse,Accessories,North India,1,10,23,0,4,1.0,8.274775
2023-12-28,Fusion Mouse,Accessories,North India,1,12,28,3,4,1.0,6.7319093
2024-02-07,Fusion Mouse,Accessories,North India,4,2,7,2,1,50.0,5.7268705
2024-12-04,Fusion Mouse,Accessories,North India,1,12,4,2,4,2.0,7.077698
2021-05-01,Fusion Mouse,Accessories,South India,14,5,1,5,2,37.0,6.1555905
2021-06-14,Fusion Mouse,Accessories,South India,3,6,14,0,2,2.0,7.982621
2021-11-16,Fusion Mouse,Accessories,South India,5,11,16,1,4,12.0,11.720911
2022-05-12,Fusion Mouse,Accessories,South India,2,5,12,3,2,1.0,7.6241503
2022-06-20,Fusion Mouse,Accessories,South India,3,6,20,0,2,34.0,8.942863
2023-07-11,Fusion Mouse,Accessories,South India,1,7,11,1,3,4.0,13.856566
2023-09-05,Fusion Mouse,Accessories,South India,1,9,5,1,3,3.0,9.434547
2023-10-14,Fusion Mouse,Accessories,South India,4,10,14,5,4,4.0,5.4371924
2024-01-03,Fusion Mouse,Accessories,South India,1,1,3,2,1,1.0,6.5747714
2024-05-19,Fusion Mouse,Accessories,South India,3,5,19,6,2,41.0,8.845671
2024-07-10,Fusion Mouse,Accessories,South India,3,7,10,2,3,95.0,6.971521
2024-08-18,Fusion Mouse,Accessories,South India,2,8,18,6,3,3.0,8.267052
2024-09-14,Fusion Mouse,Accessories,South India,2,9,14,5,3,13.0,7.2167335
2021-06-14,Fusion Mouse,Accessories,West India,3,6,14,0,2,101.0,12.941925
2021-09-20,Fusion Mouse,Accessories,West India,2,9,20,0,3,1.0,9.584926
2021-10-27,Fusion Mouse,Accessories,West India,11,10,27,2,4,7.0,9.314789
2022-06-27,Fusion Mouse,Accessories,West India,1,6,27,0,2,1.0,13.98978
2022-08-25,Fusion Mouse,Accessories,West India,3,8,25,3,3,1.0,10.498437
2023-02-10,Fusion Mouse,Accessories,West India,63,2,10,4,1,1.0,11.593059
2023-07-09,Fusion Mouse,Accessories,West India,1,7,9,6,3,61.0,18.386639
2023-11-07,Fusion Mouse,Accessories,West India,57,11,7,1,4,2.0,16.349115
2024-01-12,Fusion Mouse,Accessories,West India,3,1,12,4,1,6.0,9.668392
2024-07-18,Fusion Mouse,Accessories,West India,3,7,18,3,3,1.0,11.560392
2024-10-27,Fusion Mouse,Accessories,West India,241,10,27,6,4,3.0,15.136283
2022-08-01,Fusion Watch Lite,Wearables,Central India,1,8,1,0,3,1.0,22.192919
2022-04-17,Fusion Watch Lite,Wearables,East India,46,4,17,6,2,1.0,18.211699
2023-10-09,Fusion Watch Lite,Wearables,East India,1,10,9,0,4,1.0,16.406887
2021-12-14,Fusion Watch Lite,Wearables,North India,1,12,14,1,4,1.0,10.1145935
2022-07-13,Fusion Watch Lite,Wearables,North India,1,7,13,2,3,1.0,12.994338
2023-05-31,Fusion Watch Lite,Wearables,North India,1,5,31,2,2,1.0,21.614195
2024-06-22,Fusion Watch Lite,Wearables,North India,1,6,22,5,2,1.0,26.603924
2021-11-06,Fusion Watch Lite,Wearables,South India,1,11,6,5,4,1.0,28.37483
2022-05-26,Fusion Watch Lite,Wearables,South India,1,5,26,3,2,19.0,29.154642
2023-01-08,Fusion Watch Lite,Wearables,South India,1,1,8,6,1,18.0,23.660336
2023-08-31,Fusion Watch Lite,Wearables,South India,43,8,31,3,3,1.0,14.092981
2024-01-16,Fusion Watch Lite,Wearables,South India,59,1,16,1,1,1.0,25.608883
2024-11-16,Fusion Watch Lite,Wearables,South India,1,11,16,5,4,1.0,15.318268
2022-08-15,Fusion Watch Lite,Wearables,West India,1,8,15,0,3,1.0,23.815746
2023-01-27,Fusion Watch Lite,Wearables,West India,1,1,27,4,1,1.0,22.044285
2023-06-24,Fusion Watch Lite,Wearables,West India,1,6,24,5,2,1.0,23.265856
2022-07-09,Fusion Watch Pro,Wearables,Central India,1,7,9,5,3,1.0,12.203805
2022-03-12,Fusion Watch Pro,Wearables,North India,1,3,12,5,1,1.0,11.992047
2023-12-02,Fusion Watch Pro,Wearables,North India,1,12,2,5,4,2.0,24.14322
2024-05-25,Fusion Watch Pro,Wearables,North India,1,5,25,5,2,2.0,16.462126
2024-10-27,Fusion Watch Pro,Wearables,North India,1,10,27,6,4,3.0,12.593716
2022-04-24,Fusion Watch Pro,Wearables,South India,40,4,24,6,2,81.0,21.208624
2022-06-14,Fusion Watch Pro,Wearables,South India,1,6,14,1,2,1.0,13.804764
2024-04-06,Fusion Watch Pro,Wearables,South India,3,4,6,5,2,9.0,12.16099
2024-08-08,Fusion Watch Pro,Wearables,South India,1,8,8,3,3,1.0,10.073981
2024-12-02,Fusion Watch Pro,Wearables,South India,1,12,2,0,4,1.0,8.419881
2022-05-23,Fusion Watch Pro,Wearables,West India,2,5,23,0,2,1.0,1.0136466
2022-11-23,Fusion Watch Pro,Wearables,West India,47,11,23,2,4,31.0,8.291538
2023-05-29,Fusion Watch Pro,Wearables,West India,1,5,29,0,2,4.0,14.413098
2021-02-11,FusionBook Air,Laptops,Central India,114,2,11,3,1,173.0,10.794591
2021-10-03,FusionBook Air,Laptops,Central India,163,10,3,6,4,40.0,9.886157
2022-05-01,FusionBook Air,Laptops,Central India,37,5,1,6,2,1.0,-4.47383
2023-04-05,FusionBook Air,Laptops,Central India,54,4,5,2,2,35.0,9.661704
2023-09-02,FusionBook Air,Laptops,Central India,196,9,2,5,3,1.0,9.9614105
2024-02-12,FusionBook Air,Laptops,Central India,1,2,12,0,1,18.0,8.171754
2024-07-05,FusionBook Air,Laptops,Central India,1,7,5,4,3,2.0,10.200447
2024-12-06,FusionBook Air,Laptops,Central India,1,12,6,4,4,1.0,7.8333745
2021-07-24,FusionBook Air,Laptops,East India,41,7,24,5,3,33.0,11.763612
2021-09-29,FusionBook Air,Laptops,East India,2,9,29,2,3,37.0,10.464462
2022-05-15,FusionBook Air,Laptops,East India,54,5,15,6,2,83.0,4.670661
2022-08-20,FusionBook Air,Laptops,East India,24,8,20,5,3,1.0,12.878202
2022-11-27,FusionBook Air,Laptops,East India,50,11,27,6,4,46.0,5.31957
2023-07-01,FusionBook Air,Laptops,East India,1,7,1,5,3,5.0,6.3706417
2023-12-22,FusionBook Air,Laptops,East India,56,12,22,4,4,50.0,6.2547607
2024-03-12,FusionBook Air,Laptops,East India,42,3,12,1,1,1.0,5.259297
2024-06-22,FusionBook Air,Laptops,East India,10,6,22,5,2,41.0,9.944705
2021-02-01,FusionBook Air,Laptops,North India,10,2,1,0,1,24.0,-0.16588587
2021-06-12,FusionBook Air,Laptops,North India,4,6,12,5,2,84.0,6.361668
2021-08-04,FusionBook Air,Laptops,North India,2,8,4,2,3,1.0,7.011983
2021-10-11,FusionBook Air,Laptops,North India,2,10,11,0,4,42.0,9.786954
2021-12-11,FusionBook Air,Laptops,North India,1,12,11,5,4,35.0,54.231853
2022-02-25,FusionBook Air,Laptops,North India,1,2,25,4,1,1.0,8.664182
2022-05-06,FusionBook Air,Laptops,North India,68,5,6,4,2,35.0,16.672785
2022-06-30,FusionBook Air,Laptops,North India,1,6,30,3,2,14.0,13.7713585
2022-09-15,FusionBook Air,Laptops,North India,1,9,15,3,3,95.0,11.77139
2023-03-01,FusionBook Air,Laptops,North India,1,3,1,2,1,1.0,23.29151
2023-04-23,FusionBook Air,Laptops,North India,1,4,23,6,2,14.0,8.766461
2023-06-19,FusionBook Air,Laptops,North India,22,6,19,0,2,2.0,28.761805
2024-04-10,FusionBook Air,Laptops,North India,35,4,10,2,2,29.0,6.7484555
2024-07-20,FusionBook Air,Laptops,North India,2,7,20,5,3,4.0,6.2390366
2021-02-07,FusionBook Air,Laptops,South India,145,2,7,6,1,100.0,10.977631
2021-04-03,FusionBook Air,Laptops,South India,257,4,3,5,2,93.0,16.798393
2021-05-23,FusionBook Air,Laptops,South India,94,5,23,6,2,42.0,8.466276
2021-07-24,FusionBook Air,Laptops,South India,5,7,24,5,3,39.0,10.196007
2022-01-10,FusionBook Air,Laptops,South India,70,1,10,0,1,3.0,7.3686724
2022-03-04,FusionBook Air,Laptops,South India,79,3,4,4,1,2.0,19.410957
2022-07-13,FusionBook Air,Laptops,South India,42,7,13,2,3,98.0,10.967695
2022-08-24,FusionBook Air,Laptops,South India,33,8,24,2,3,43.0,11.254398
2023-01-12,FusionBook Air,Laptops,South India,81,1,12,3,1,48.0,16.50257
2023-03-01,FusionBook Air,Laptops,South India,49,3,1,2,1,9.0,19.921438
2023-04-29,FusionBook Air,Laptops,South India,39,4,29,5,2,1.0,8.319805
2023-06-19,FusionBook Air,Laptops,South India,1,6,19,0,2,1.0,7.63196
2023-11-30,FusionBook Air,Laptops,South India,110,11,30,3,4,134.0,14.46928
2024-01-18,FusionBook Air,Laptops,South India,316,1,18,3,1,2.0,10.905413
2024-04-28,FusionBook Air,Laptops,South India,1,4,28,6,2,55.0,8.35217
2024-06-08,FusionBook Air,Laptops,South India,2,6,8,5,2,2.0,12.206277
2024-07-13,FusionBook Air,Laptops,South India,49,7,13,5,3,2.0,8.137351
2024-09-29,FusionBook Air,Laptops,South India,1,9,29,6,3,79.0,11.672656
2024-11-16,FusionBook Air,Laptops,South India,17,11,16,5,4,35.0,8.638548
2021-08-27,FusionBook Air,Laptops,West India,48,8,27,4,3,2.0,10.06096
2021-10-23,FusionBook Air,Laptops,West India,1,10,23,5,4,2.0,20.57058
2021-11-25,FusionBook Air,Laptops,West India,1,11,25,3,4,129.0,8.60507
2022-01-20,FusionBook Air,Laptops,West India,99,1,20,3,1,32.0,11.641611
2022-03-14,FusionBook Air,Laptops,West India,7,3,14,0,1,79.0,12.710062
2022-06-15,FusionBook Air,Laptops,West India,49,6,15,2,2,1.0,6.5610275
2023-08-01,FusionBook Air,Laptops,West India,1,8,1,1,3,2.0,16.539019
2023-11-11,FusionBook Air,Laptops,West India,265,11,11,5,4,246.0,9.103186
2024-08-07,FusionBook Air,Laptops,West India,58,8,7,2,3,75.0,8.275426
2024-10-13,FusionBook Air,Laptops,West India,28,10,13,6,4,19.0,8.785709
2024-12-03,FusionBook Air,Laptops,West India,21,12,3,1,4,193.0,7.838727
2021-07-13,FusionBook Pro,Laptops,Central India,1,7,13,1,3,24.0,8.102893
2022-02-10,FusionBook Pro,Laptops,Central India,1,2,10,3,1,11.0,10.615222
2022-07-08,FusionBook Pro,Laptops,Central India,2,7,8,4,3,99.0,7.864258
2022-12-05,FusionBook Pro,Laptops,Central India,1,12,5,0,4,1.0,11.616493
2023-05-19,FusionBook Pro,Laptops,Central India,93,5,19,4,2,5.0,10.419304
2024-02-16,FusionBook Pro,Laptops,Central India,1,2,16,4,1,15.0,-12.894896
2024-09-15,FusionBook Pro,Laptops,Central India,2,9,15,6,3,85.0,7.576707
2021-06-30,FusionBook Pro,Laptops,East India,151,6,30,2,2,295.0,11.647821
2021-09-28,FusionBook Pro,Laptops,East India,12,9,28,1,3,1.0,18.578909
2021-11-26,FusionBook Pro,Laptops,East India,1,11,26,4,4,2.0,12.212268
2022-04-29,FusionBook Pro,Laptops,East India,1,4,29,4,2,57.0,12.176921
2022-07-09,FusionBook Pro,Laptops,East India,1,7,9,5,3,28.0,14.126561
2023-05-07,FusionBook Pro,Laptops,East India,1,5,7,6,2,1.0,7.920927
2023-08-13,FusionBook Pro,Laptops,East India,80,8,13,6,3,23.0,8.322247
2024-06-26,FusionBook Pro,Laptops,East India,29,6,26,2,2,15.0,8.364338
2024-09-30,FusionBook Pro,Laptops,East India,65,9,30,0,3,13.0,8.296667
2021-09-11,FusionBook Pro,Laptops,North India,50,9,11,5,3,1.0,11.580348
2021-10-19,FusionBook Pro,Laptops,North India,76,10,19,1,4,38.0,16.242886
2023-01-16,FusionBook Pro,Laptops,North India,1,1,16,0,1,1.0,8.1783085
2023-05-26,FusionBook Pro,Laptops,North India,183,5,26,4,2,60.0,9.920922
2023-07-24,FusionBook Pro,Laptops,North India,1,7,24,0,3,1.0,9.030416
2024-01-23,FusionBook Pro,Laptops,North India,32,1,23,1,1,39.0,7.8944855
2024-06-03,FusionBook Pro,Laptops,North India,1,6,3,0,2,1.0,17.845507
2024-07-23,FusionBook Pro,Laptops,North India,33,7,23,1,3,2.0,24.566208
2024-09-13,FusionBook Pro,Laptops,North India,50,9,13,4,3,12.0,9.322028
2024-10-28,FusionBook Pro,Laptops,North India,5,10,28,0,4,5.0,8.294125
2021-08-02,FusionBook Pro,Laptops,South India,16,8,2,0,3,97.0,12.960092
2021-12-19,FusionBook Pro,Laptops,South India,84,12,19,6,4,43.0,10.358256
2022-03-11,FusionBook Pro,Laptops,South India,39,3,11,4,1,21.0,8.102807
2022-06-11,FusionBook Pro,Laptops,South India,79,6,11,5,2,2.0,7.0288715
2022-08-05,FusionBook Pro,Laptops,South India,27,8,5,4,3,1.0,10.90249
2022-12-10,FusionBook Pro,Laptops,South India,37,12,10,5,4,85.0,10.113454
2023-05-23,FusionBook Pro,Laptops,South India,32,5,23,1,2,1.0,15.523451
2023-08-09,FusionBook Pro,Laptops,South India,75,8,9,2,3,1.0,10.791755
2023-09-15,FusionBook Pro,Laptops,South India,1,9,15,4,3,1.0,9.639408
2023-11-15,FusionBook Pro,Laptops,South India,49,11,15,2,4,65.0,13.078
2024-04-05,FusionBook Pro,Laptops,South India,8,4,5,4,2,225.0,10.219231
2024-05-31,FusionBook Pro,Laptops,South India,1,5,31,4,2,40.0,16.774376
2024-07-12,FusionBook Pro,Laptops,South India,79,7,12,4,3,230.0,7.317065
2024-08-24,FusionBook Pro,Laptops,South India,48,8,24,5,3,1.0,0.22776343
2024-11-06,FusionBook Pro,Laptops,South India,1,11,6,2,4,1.0,6.5659633
2024-12-27,FusionBook Pro,Laptops,South India,33,12,27,4,4,1.0,6.766914
2021-07-24,FusionBook Pro,Laptops,West India,66,7,24,5,3,1.0,13.090947
2021-09-11,FusionBook Pro,Laptops,West India,1,9,11,5,3,1.0,10.465696
2021-10-20,FusionBook Pro,Laptops,West India,1,10,20,2,4,1.0,8.868093
2021-11-28,FusionBook Pro,Laptops,West India,21,11,28,6,4,112.0,6.2359214
2022-06-24,FusionBook Pro,Laptops,West India,2,6,24,4,2,1.0,6.7303877
2022-09-01,FusionBook Pro,Laptops,West India,2,9,1,3,3,97.0,6.6646733
2022-10-21,FusionBook Pro,Laptops,West India,2,10,21,4,4,1.0,7.2137513
2022-11-30,FusionBook Pro,Laptops,West India,44,11,30,2,4,1.0,8.053739
2023-01-20,FusionBook Pro,Laptops,West India,88,1,20,4,1,2.0,6.3029613
2023-07-14,FusionBook Pro,Laptops,West India,8,7,14,4,3,88.0,8.494845
2023-09-10,FusionBook Pro,Laptops,West India,61,9,10,6,3,1.0,11.233102
2023-10-07,FusionBook Pro,Laptops,West India,70,10,7,5,4,29.0,6.6551275
2024-01-09,FusionBook Pro,Laptops,West India,166,1,9,1,1,11.0,6.3946905
2024-02-21,FusionBook Pro,Laptops,West India,239,2,21,2,1,56.0,6.602037
2024-07-12,FusionBook Pro,Laptops,West India,1,7,12,4,3,1.0,11.547517
2024-09-19,FusionBook Pro,Laptops,West India,2,9,19,3,3,223.0,11.178538
2022-05-01,FusionBook Ultra,Laptops,Central India,47,5,1,6,2,17.0,6.521755
2022-10-16,FusionBook Ultra,Laptops,Central India,27,10,16,6,4,1.0,4.9653482
2023-07-01,FusionBook Ultra,Laptops,Central India,28,7,1,5,3,88.0,5.980041
2024-07-12,FusionBook Ultra,Laptops,Central India,40,7,12,4,3,1.0,10.911321
2022-05-15,FusionBook Ultra,Laptops,East India,1,5,15,6,2,36.0,7.9608684
2022-08-13,FusionBook Ultra,Laptops,East India,1,8,13,5,3,1.0,17.207378
2022-11-06,FusionBook Ultra,Laptops,East India,1,11,6,6,4,84.0,8.229179
2023-05-07,FusionBook Ultra,Laptops,East India,1,5,7,6,2,9.0,6.280396
2023-07-29,FusionBook Ultra,Laptops,East India,69,7,29,5,3,1.0,6.2127256
2024-03-06,FusionBook Ultra,Laptops,East India,18,3,6,2,1,2.0,6.4373364
2024-11-18,FusionBook Ultra,Laptops,East India,25,11,18,0,4,1.0,5.4925175
2022-04-21,FusionBook Ultra,Laptops,North India,76,4,21,3,2,79.0,7.4347215
2022-07-26,FusionBook Ultra,Laptops,North India,1,7,26,1,3,1.0,9.048682
2022-09-18,FusionBook Ultra,Laptops,North India,2,9,18,6,3,2.0,10.0375395
2022-11-08,FusionBook Ultra,Laptops,North India,18,11,8,1,4,3.0,6.8955507
2022-12-09,FusionBook Ultra,Laptops,North India,2,12,9,4,4,17.0,6.3431797
2023-01-21,FusionBook Ultra,Laptops,North India,64,1,21,5,1,50.0,6.6254673
2023-03-08,FusionBook Ultra,Laptops,North India,11,3,8,2,1,43.0,7.910232
2023-05-09,FusionBook Ultra,Laptops,North India,39,5,9,1,2,73.0,6.3728013
2023-07-10,FusionBook Ultra,Laptops,North India,29,7,10,0,3,12.0,11.81181
2023-09-10,FusionBook Ultra,Laptops,North India,31,9,10,6,3,49.0,6.4516854
2023-10-31,FusionBook Ultra,Laptops,North India,112,10,31,1,4,168.0,13.526479
2024-01-25,FusionBook Ultra,Laptops,North India,21,1,25,3,1,1.0,7.588942
2024-03-18,FusionBook Ultra,Laptops,North India,14,3,18,0,1,1.0,8.877804
2024-05-21,FusionBook Ultra,Laptops,North India,137,5,21,1,2,8.0,5.8514657
2024-10-28,FusionBook Ultra,Laptops,North India,172,10,28,0,4,4.0,7.243191
2022-09-13,FusionBook Ultra,Laptops,South India,1,9,13,1,3,2.0,7.687046
2022-11-03,FusionBook Ultra,Laptops,South India,58,11,3,3,4,2.0,7.3379
2022-12-16,FusionBook Ultra,Laptops,South India,44,12,16,4,4,1.0,8.283105
2023-02-28,FusionBook Ultra,Laptops,South India,1,2,28,1,1,43.0,6.0560403
2023-07-26,FusionBook Ultra,Laptops,South India,34,7,26,2,3,36.0,5.89495
2023-11-04,FusionBook Ultra,Laptops,South India,11,11,4,5,4,90.0,11.508219
2023-12-25,FusionBook Ultra,Laptops,South India,15,12,25,0,4,25.0,7.183689
2024-02-08,FusionBook Ultra,Laptops,South India,1,2,8,3,1,25.0,5.924358
2024-03-18,FusionBook Ultra,Laptops,South India,7,3,18,0,1,56.0,6.4860744
2024-04-27,FusionBook Ultra,Laptops,South India,43,4,27,5,2,235.0,7.910232
2024-06-10,FusionBook Ultra,Laptops,South India,38,6,10,0,2,61.0,9.473356
2024-07-22,FusionBook Ultra,Laptops,South India,26,7,22,0,3,87.0,9.949301
2022-05-13,FusionBook Ultra,Laptops,West India,2,5,13,4,2,25.0,11.019532
2022-08-31,FusionBook Ultra,Laptops,West India,36,8,31,2,3,1.0,13.793222
2022-10-27,FusionBook Ultra,Laptops,West India,114,10,27,3,4,1.0,10.756478
2022-12-04,FusionBook Ultra,Laptops,West India,36,12,4,6,4,1.0,6.3593807
2023-03-18,FusionBook Ultra,Laptops,West India,2,3,18,5,1,218.0,6.0201817
2023-07-01,FusionBook Ultra,Laptops,West India,25,7,1,5,3,21.0,9.2613535
2023-11-04,FusionBook Ultra,Laptops,West India,1,11,4,5,4,54.0,7.928619
2024-04-04,FusionBook Ultra,Laptops,West India,20,4,4,3,2,114.0,8.361507
2024-07-12,FusionBook Ultra,Laptops,West India,3,7,12,4,3,2.0,6.5747714
2024-12-25,FusionBook Ultra,Laptops,West India,56,12,25,2,4,1.0,5.8134017
2021-09-17,FusionPhone Lite,Smartphones,Central India,1,9,17,4,3,2.0,8.792228
2022-10-01,FusionPhone Lite,Smartphones,Central India,1,10,1,5,4,1.0,10.617268
2023-04-22,FusionPhone Lite,Smartphones,Central India,1,4,22,5,2,1.0,9.195562
2024-03-09,FusionPhone Lite,Smartphones,Central India,1,3,9,5,1,1.0,9.114623
2021-05-01,FusionPhone Lite,Smartphones,East India,1,5,1,5,2,3.0,11.307931
2021-10-25,FusionPhone Lite,Smartphones,East India,3,10,25,0,4,41.0,8.9574375
2022-01-13,FusionPhone Lite,Smartphones,East India,1,1,13,3,1,1.0,8.7668
2022-05-03,FusionPhone Lite,Smartphones,East India,1,5,3,1,2,3.0,14.533609
2022-08-07,FusionPhone Lite,Smartphones,East India,1,8,7,6,3,1.0,12.945886
2023-11-29,FusionPhone Lite,Smartphones,East India,17,11,29,2,4,1.0,9.978944
2024-02-21,FusionPhone Lite,Smartphones,East India,1,2,21,2,1,1.0,14.447449
2024-06-26,FusionPhone Lite,Smartphones,East India,2,6,26,2,2,21.0,11.173704
2024-10-20,FusionPhone Lite,Smartphones,East India,2,10,20,6,4,1.0,13.302681
2021-07-02,FusionPhone Lite,Smartphones,North India,1,7,2,4,3,5.0,9.751695
2021-10-18,FusionPhone Lite,Smartphones,North India,4,10,18,0,4,49.0,15.476502
2021-12-11,FusionPhone Lite,Smartphones,North India,2,12,11,5,4,1.0,13.883596
2022-01-31,FusionPhone Lite,Smartphones,North India,2,1,31,0,1,2.0,25.99447
2022-03-27,FusionPhone Lite,Smartphones,North India,2,3,27,6,1,4.0,13.891857
2022-05-08,FusionPhone Lite,Smartphones,North India,5,5,8,6,2,4.0,23.99073
2022-10-22,FusionPhone Lite,Smartphones,North India,10,10,22,5,4,4.0,15.110921
2022-12-18,FusionPhone Lite,Smartphones,North India,3,12,18,6,4,1.0,22.765797
2023-06-17,FusionPhone Lite,Smartphones,North India,1,6,17,5,2,24.0,21.894941
2023-10-22,FusionPhone Lite,Smartphones,North India,4,10,22,6,4,3.0,10.469672
2023-12-03,FusionPhone Lite,Smartphones,North India,2,12,3,6,4,4.0,11.609101
2024-03-04,FusionPhone Lite,Smartphones,North India,2,3,4,0,1,1.0,14.910389
2024-05-29,FusionPhone Lite,Smartphones,North India,2,5,29,2,2,2.0,18.140629
2024-08-31,FusionPhone Lite,Smartphones,North India,50,8,31,5,3,1.0,14.110262
2024-11-21,FusionPhone Lite,Smartphones,North India,1,11,21,3,4,1.0,10.636326
2021-05-19,FusionPhone Lite,Smartphones,South India,3,5,19,2,2,2.0,18.868465
2021-07-28,FusionPhone Lite,Smartphones,South India,3,7,28,2,3,3.0,13.794064
2021-10-13,FusionPhone Lite,Smartphones,South India,5,10,13,2,4,2.0,21.489765
2021-12-22,FusionPhone Lite,Smartphones,South India,1,12,22,2,4,35.0,19.347408
2022-02-27,FusionPhone Lite,Smartphones,South India,6,2,27,6,1,4.0,20.964714
2022-05-08,FusionPhone Lite,Smartphones,South India,4,5,8,6,2,3.0,18.179546
2022-06-24,FusionPhone Lite,Smartphones,South India,2,6,24,4,2,2.0,10.801902
2022-09-28,FusionPhone Lite,Smartphones,South India,5,9,28,2,3,2.0,17.552364
2022-11-25,FusionPhone Lite,Smartphones,South India,3,11,25,4,4,3.0,11.286184
2023-01-17,FusionPhone Lite,Smartphones,South India,3,1,17,1,1,2.0,25.378056
2023-03-12,FusionPhone Lite,Smartphones,South India,1,3,12,6,1,7.0,11.903672
2023-09-13,FusionPhone Lite,Smartphones,South India,1,9,13,2,3,1.0,8.533361
2023-11-08,FusionPhone Lite,Smartphones,South India,8,11,8,2,4,69.0,10.422527
2024-01-05,FusionPhone Lite,Smartphones,South India,2,1,5,4,1,29.0,10.49426
2024-06-02,FusionPhone Lite,Smartphones,South India,80,6,2,6,2,2.0,15.13815
2024-09-04,FusionPhone Lite,Smartphones,South India,3,9,4,2,3,2.0,9.992719
2024-10-19,FusionPhone Lite,Smartphones,South India,9,10,19,5,4,2.0,11.4967575
2024-11-27,FusionPhone Lite,Smartphones,South India,1,11,27,2,4,135.0,19.254118
2021-02-09,FusionPhone Lite,Smartphones,West India,67,2,9,1,1,1.0,8.821182
2021-03-26,FusionPhone Lite,Smartphones,West India,3,3,26,4,1,4.0,9.227524
2021-05-05,FusionPhone Lite,Smartphones,West India,20,5,5,2,2,4.0,10.775886
2021-06-12,FusionPhone Lite,Smartphones,West India,2,6,12,5,2,1.0,7.8333745
2021-08-25,FusionPhone Lite,Smartphones,West India,30,8,25,2,3,3.0,9.358432
2021-10-10,FusionPhone Lite,Smartphones,West India,78,10,10,6,4,44.0,17.518713
2022-02-05,FusionPhone Lite,Smartphones,West India,1,2,5,5,1,3.0,9.998411
2022-03-09,FusionPhone Lite,Smartphones,West India,1,3,9,2,1,2.0,6.7139177
2022-04-30,FusionPhone Lite,Smartphones,West India,1,4,30,5,2,1.0,8.492678
2022-09-14,FusionPhone Lite,Smartphones,West India,8,9,14,2,3,2.0,6.8886023
2022-12-13,FusionPhone Lite,Smartphones,West India,2,12,13,1,4,1.0,5.7441506
2023-03-11,FusionPhone Lite,Smartphones,West India,1,3,11,5,1,1.0,5.180622
2023-07-10,FusionPhone Lite,Smartphones,West India,1,7,10,0,3,2.0,-4.473691
2023-11-15,FusionPhone Lite,Smartphones,West India,1,11,15,2,4,24.0,3.497737
2024-02-06,FusionPhone Lite,Smartphones,West India,1,2,6,1,1,1.0,5.7773294
2024-05-11,FusionPhone Lite,Smartphones,West India,1,5,11,5,2,2.0,8.861171
2024-11-26,FusionPhone Lite,Smartphones,West India,4,11,26,1,4,3.0,15.550362
2022-11-05,FusionPhone Ultra,Smartphones,Central India,1,11,5,5,4,1.0,12.265055
2023-03-20,FusionPhone Ultra,Smartphones,Central India,1,3,20,0,1,1.0,11.075554
2023-11-19,FusionPhone Ultra,Smartphones,Central India,1,11,19,6,4,1.0,8.230275
2022-10-08,FusionPhone Ultra,Smartphones,East India,3,10,8,5,4,1.0,17.512457
2023-03-05,FusionPhone Ultra,Smartphones,East India,1,3,5,6,1,1.0,39.033688
2023-06-24,FusionPhone Ultra,Smartphones,East India,1,6,24,5,2,1.0,10.220103
2023-11-21,FusionPhone Ultra,Smartphones,East India,1,11,21,1,4,1.0,6.121408
2024-05-03,FusionPhone Ultra,Smartphones,East India,2,5,3,4,2,1.0,6.0082626
2024-09-14,FusionPhone Ultra,Smartphones,East India,1,9,14,5,3,1.0,10.977631
2024-12-23,FusionPhone Ultra,Smartphones,East India,1,12,23,0,4,2.0,10.746754
2022-11-14,FusionPhone Ultra,Smartphones,North India,1,11,14,0,4,98.0,8.621991
2023-01-09,FusionPhone Ultra,Smartphones,North India,2,1,9,0,1,3.0,6.6390142
2023-03-11,FusionPhone Ultra,Smartphones,North India,2,3,11,5,1,9.0,7.3686724
2024-02-05,FusionPhone Ultra,Smartphones,North India,2,2,5,0,1,8.0,8.255916
2024-04-03,FusionPhone Ultra,Smartphones,North India,4,4,3,2,2,1.0,11.070089
2024-05-24,FusionPhone Ultra,Smartphones,North India,1,5,24,4,2,1.0,8.705495
2024-07-06,FusionPhone Ultra,Smartphones,North India,1,7,6,5,3,1.0,9.594856
2024-10-13,FusionPhone Ultra,Smartphones,North India,2,10,13,6,4,3.0,10.329893
2022-10-14,FusionPhone Ultra,Smartphones,South India,5,10,14,4,4,2.0,7.2306376
2022-12-21,FusionPhone Ultra,Smartphones,South India,4,12,21,2,4,1.0,12.044117
2023-02-01,FusionPhone Ultra,Smartphones,South India,1,2,1,2,1,12.0,8.807775
2023-03-16,FusionPhone Ultra,Smartphones,South India,2,3,16,3,1,1.0,13.6221
2023-05-17,FusionPhone Ultra,Smartphones,South India,2,5,17,2,2,3.0,15.443949
2023-08-10,FusionPhone Ultra,Smartphones,South India,2,8,10,3,3,3.0,8.419841
2023-09-26,FusionPhone Ultra,Smartphones,South India,2,9,26,1,3,1.0,12.761808
2023-11-09,FusionPhone Ultra,Smartphones,South India,8,11,9,3,4,2.0,8.5812435
2024-01-27,FusionPhone Ultra,Smartphones,South India,6,1,27,5,1,3.0,8.085526
2024-08-27,FusionPhone Ultra,Smartphones,South India,28,8,27,1,3,1.0,7.4217715
2022-10-05,FusionPhone Ultra,Smartphones,West India,2,10,5,2,4,0.0,10.272142
2023-03-22,FusionPhone Ultra,Smartphones,West India,21,3,22,2,1,1.0,7.4295444
2023-07-08,FusionPhone Ultra,Smartphones,West India,57,7,8,5,3,2.0,17.222645
2023-08-22,FusionPhone Ultra,Smartphones,West India,1,8,22,1,3,1.0,12.064432
2023-10-13,FusionPhone Ultra,Smartphones,West India,63,10,13,4,4,2.0,15.006084
2023-11-25,FusionPhone Ultra,Smartphones,West India,7,11,25,5,4,1.0,7.4273596
2024-01-12,FusionPhone Ultra,Smartphones,West India,2,1,12,4,1,3.0,7.6068745
2024-04-21,FusionPhone Ultra,Smartphones,West India,2,4,21,6,2,2.0,8.73793
2024-10-24,FusionPhone Ultra,Smartphones,West India,47,10,24,3,4,58.0,8.567004
2024-01-21,FusionPhone X,Smartphones,Central India,33,1,21,6,1,1.0,8.529725
2024-10-27,FusionPhone X,Smartphones,Central India,3,10,27,6,4,1.0,10.419304
2021-11-03,FusionPhone X,Smartphones,East India,46,11,3,2,4,2.0,9.161646
2021-12-27,FusionPhone X,Smartphones,East India,2,12,27,0,4,1.0,8.825049
2023-01-23,FusionPhone X,Smartphones,East India,1,1,23,0,1,2.0,12.397804
2023-06-22,FusionPhone X,Smartphones,East India,1,6,22,3,2,2.0,10.791102
2023-10-04,FusionPhone X,Smartphones,East India,3,10,4,2,4,1.0,7.8944855
2024-03-18,FusionPhone X,Smartphones,East India,1,3,18,0,1,1.0,10.333201
2024-09-01,FusionPhone X,Smartphones,East India,1,9,1,6,3,1.0,16.821661
2021-09-08,FusionPhone X,Smartphones,North India,4,9,8,2,3,2.0,9.762441
2022-11-15,FusionPhone X,Smartphones,North India,2,11,15,1,4,55.0,10.004401
2022-12-23,FusionPhone X,Smartphones,North India,1,12,23,4,4,4.0,8.292463
2023-02-12,FusionPhone X,Smartphones,North India,2,2,12,6,1,2.0,7.91192
2024-02-04,FusionPhone X,Smartphones,North India,3,2,4,6,1,2.0,9.065556
2024-04-30,FusionPhone X,Smartphones,North India,1,4,30,1,2,4.0,9.166709
2024-08-03,FusionPhone X,Smartphones,North India,2,8,3,5,3,1.0,15.136934
2024-09-26,FusionPhone X,Smartphones,North India,1,9,26,3,3,3.0,17.981573
2021-09-26,FusionPhone X,Smartphones,South India,8,9,26,6,3,4.0,13.722976
2022-01-27,FusionPhone X,Smartphones,South India,1,1,27,3,1,3.0,9.917617
2022-03-11,FusionPhone X,Smartphones,South India,2,3,11,4,1,3.0,14.755124
2022-04-23,FusionPhone X,Smartphones,South India,1,4,23,5,2,6.0,11.4794
2022-07-03,FusionPhone X,Smartphones,South India,1,7,3,6,3,6.0,9.25746
2022-08-21,FusionPhone X,Smartphones,South India,3,8,21,6,3,2.0,17.404373
2022-10-02,FusionPhone X,Smartphones,South India,8,10,2,6,4,28.0,11.651489
2022-11-14,FusionPhone X,Smartphones,South India,2,11,14,0,4,15.0,8.366818
2023-01-01,FusionPhone X,Smartphones,South India,40,1,1,6,1,5.0,20.50174
2023-03-19,FusionPhone X,Smartphones,South India,4,3,19,6,1,1.0,10.116975
2023-05-03,FusionPhone X,Smartphones,South India,2,5,3,2,2,1.0,7.8829885
2023-06-17,FusionPhone X,Smartphones,South India,3,6,17,5,2,1.0,8.1783085
2023-11-11,FusionPhone X,Smartphones,South India,115,11,11,5,4,2.0,10.299726
2023-12-25,FusionPhone X,Smartphones,South India,1,12,25,0,4,5.0,8.587788
2024-01-27,FusionPhone X,Smartphones,South India,6,1,27,5,1,3.0,10.728045
2024-06-30,FusionPhone X,Smartphones,South India,4,6,30,6,2,3.0,9.555997
2024-08-18,FusionPhone X,Smartphones,South India,2,8,18,6,3,1.0,10.242947
2024-10-02,FusionPhone X,Smartphones,South India,2,10,2,2,4,2.0,22.938604
2024-12-08,FusionPhone X,Smartphones,South India,4,12,8,6,4,21.0,8.309376
2021-10-06,FusionPhone X,Smartphones,West India,5,10,6,2,4,1.0,8.353848
2021-11-29,FusionPhone X,Smartphones,West India,4,11,29,0,4,4.0,8.29366
2022-01-23,FusionPhone X,Smartphones,West India,5,1,23,6,1,5.0,8.145466
2022-03-05,FusionPhone X,Smartphones,West India,1,3,5,5,1,2.0,14.597585
2022-05-28,FusionPhone X,Smartphones,West India,1,5,28,5,2,3.0,6.464996
2022-07-18,FusionPhone X,Smartphones,West India,34,7,18,0,3,2.0,6.464996
2022-09-03,FusionPhone X,Smartphones,West India,2,9,3,5,3,29.0,7.4611964
2022-11-02,FusionPhone X,Smartphones,West India,1,11,2,2,4,4.0,7.936934
2023-04-16,FusionPhone X,Smartphones,West India,1,4,16,6,2,1.0,7.6816506
2023-06-15,FusionPhone X,Smartphones,West India,2,6,15,3,2,2.0,7.775456
2023-08-16,FusionPhone X,Smartphones,West India,1,8,16,2,3,4.0,7.3668323
2023-12-03,FusionPhone X,Smartphones,West India,3,12,3,6,4,2.0,11.88148
2024-02-12,FusionPhone X,Smartphones,West India,5,2,12,0,1,2.0,9.1116705
2024-04-07,FusionPhone X,Smartphones,West India,1,4,7,6,2,135.0,8.5602255
2024-06-02,FusionPhone X,Smartphones,West India,4,6,2,6,2,2.0,7.374718
2024-07-30,FusionPhone X,Smartphones,West India,1,7,30,1,3,1.0,6.737678
2024-11-13,FusionPhone X,Smartphones,West India,3,11,13,2,4,3.0,8.4260235
2021-06-21,FusionTab Mini,Tablets,Central India,1,6,21,0,2,1.0,10.129984
2022-06-25,FusionTab Mini,Tablets,Central India,1,6,25,5,2,1.0,10.208278
2023-06-04,FusionTab Mini,Tablets,Central India,25,6,4,6,2,1.0,8.657288
2024-02-10,FusionTab Mini,Tablets,Central India,1,2,10,5,1,1.0,7.332386
2021-07-13,FusionTab Mini,Tablets,East India,235,7,13,1,3,88.0,7.7763963
2022-09-15,FusionTab Mini,Tablets,East India,1,9,15,3,3,1.0,6.201922
2023-06-13,FusionTab Mini,Tablets,East India,1,6,13,1,2,1.0,9.492638
2024-02-23,FusionTab Mini,Tablets,East India,18,2,23,4,1,1.0,9.092774
2024-09-02,FusionTab Mini,Tablets,East India,1,9,2,0,3,34.0,8.274419
2021-07-21,FusionTab Mini,Tablets,North India,2,7,21,2,3,47.0,6.654703
2021-10-22,FusionTab Mini,Tablets,North India,40,10,22,4,4,2.0,6.280396
2022-05-15,FusionTab Mini,Tablets,North India,79,5,15,6,2,76.0,2.623458
2022-08-01,FusionTab Mini,Tablets,North India,1,8,1,0,3,2.0,7.403188
2023-02-20,FusionTab Mini,Tablets,North India,1,2,20,0,1,1.0,7.348108
2023-06-12,FusionTab Mini,Tablets,North India,1,6,12,0,2,1.0,5.4497805
2023-11-07,FusionTab Mini,Tablets,North India,247,11,7,1,4,89.0,5.264246
2024-01-23,FusionTab Mini,Tablets,North India,1,1,23,1,1,68.0,10.347468
2024-05-20,FusionTab Mini,Tablets,North India,93,5,20,0,2,14.0,7.6073737
2024-07-24,FusionTab Mini,Tablets,North India,24,7,24,2,3,1.0,7.0654206
2021-05-14,FusionTab Mini,Tablets,South India,64,5,14,4,2,10.0,8.267749
2021-07-10,FusionTab Mini,Tablets,South India,4,7,10,5,3,1.0,6.884219
2021-09-10,FusionTab Mini,Tablets,South India,148,9,10,4,3,50.0,7.7300453
2021-11-08,FusionTab Mini,Tablets,South India,1,11,8,0,4,81.0,10.61176
2022-01-22,FusionTab Mini,Tablets,South India,70,1,22,5,1,2.0,9.292318
2022-06-18,FusionTab Mini,Tablets,South India,52,6,18,5,2,3.0,7.8031397
2022-08-18,FusionTab Mini,Tablets,South India,11,8,18,3,3,1.0,12.259045
2023-01-06,FusionTab Mini,Tablets,South India,66,1,6,4,1,36.0,8.193062
2023-03-31,FusionTab Mini,Tablets,South India,1,3,31,4,1,50.0,8.39022
2023-06-19,FusionTab Mini,Tablets,South India,1,6,19,0,2,1.0,11.907595
2024-08-08,FusionTab Mini,Tablets,South India,78,8,8,3,3,1.0,7.3379
2024-10-25,FusionTab Mini,Tablets,South India,2,10,25,4,4,1.0,6.666621
2021-06-22,FusionTab Mini,Tablets,West India,48,6,22,1,2,1.0,8.187184
2021-11-09,FusionTab Mini,Tablets,West India,22,11,9,1,4,1.0,5.221509
2022-02-01,FusionTab Mini,Tablets,West India,2,2,1,1,1,2.0,6.545788
2022-05-23,FusionTab Mini,Tablets,West India,76,5,23,0,2,50.0,6.4800735
2022-11-15,FusionTab Mini,Tablets,West India,1,11,15,1,4,1.0,7.07603
2023-04-16,FusionTab Mini,Tablets,West India,57,4,16,6,2,1.0,6.4136853
2023-09-28,FusionTab Mini,Tablets,West India,50,9,28,3,3,1.0,11.803543
2024-03-03,FusionTab Mini,Tablets,West India,115,3,3,6,1,1.0,7.2210574
2024-06-02,FusionTab Mini,Tablets,West India,1,6,2,6,2,1.0,6.4451904
2024-10-15,FusionTab Mini,Tablets,West India,1,10,15,1,4,1.0,7.3561463
2022-02-20,FusionTab Pro,Tablets,Central India,1,2,20,6,1,37.0,16.559174
2023-01-18,FusionTab Pro,Tablets,Central India,1,1,18,2,1,1.0,13.989252
2022-07-08,FusionTab Pro,Tablets,East India,1,7,8,4,3,1.0,6.302293
2023-08-17,FusionTab Pro,Tablets,East India,1,8,17,3,3,1.0,9.409672
2021-12-13,FusionTab Pro,Tablets,North India,1,12,13,0,4,36.0,6.5573797
2022-07-18,FusionTab Pro,Tablets,North India,2,7,18,0,3,1.0,6.5094833
2022-10-09,FusionTab Pro,Tablets,North India,2,10,9,6,4,89.0,8.114379
2023-01-11,FusionTab Pro,Tablets,North India,1,1,11,2,1,94.0,9.9466505
2024-08-02,FusionTab Pro,Tablets,North India,1,8,2,4,3,10.0,8.633354
2021-11-27,FusionTab Pro,Tablets,South India,118,11,27,5,4,1.0,8.5469055
2022-05-04,FusionTab Pro,Tablets,South India,16,5,4,2,2,48.0,7.579061
2022-06-21,FusionTab Pro,Tablets,South India,1,6,21,1,2,2.0,8.464338
2022-11-08,FusionTab Pro,Tablets,South India,56,11,8,1,4,2.0,6.96149
2023-06-26,FusionTab Pro,Tablets,South India,1,6,26,0,2,90.0,11.135753
2023-11-14,FusionTab Pro,Tablets,South India,103,11,14,1,4,53.0,8.922742
2024-01-31,FusionTab Pro,Tablets,South India,1,1,31,2,1,1.0,16.318699
2021-11-27,FusionTab Pro,Tablets,West India,53,11,27,5,4,1.0,16.099762
2023-10-16,FusionTab Pro,Tablets,West India,1,10,16,0,4,44.0,20.945536
2024-01-28,FusionTab Pro,Tablets,West India,77,1,28,6,1,1.0,17.263977
2024-05-15,FusionTab Pro,Tablets,West India,1,5,15,2,2,3.0,18.74488
2024-12-17,FusionTab Pro,Tablets,West India,1,12,17,1,4,1.0,24.037683
2024-10-12,FusionView 24,Monitors,Central India,44,10,12,5,4,30.0,23.444714
2021-07-13,FusionView 24,Monitors,North India,25,7,13,1,3,36.0,15.408017
2022-02-01,FusionView 24,Monitors,North India,181,2,1,1,1,1.0,17.731596
2022-10-23,FusionView 24,Monitors,North India,3,10,23,6,4,18.0,13.885964
2023-09-19,FusionView 24,Monitors,North India,10,9,19,1,3,28.0,23.85914
2024-07-26,FusionView 24,Monitors,North India,46,7,26,4,3,27.0,25.397085
2021-11-03,FusionView 24,Monitors,South India,69,11,3,2,4,26.0,26.01532
2022-07-31,FusionView 24,Monitors,South India,33,7,31,6,3,1.0,22.45289
2023-02-05,FusionView 24,Monitors,South India,30,2,5,6,1,1.0,30.236639
2021-11-22,FusionView 24,Monitors,West India,22,11,22,0,4,1.0,14.838567
2022-07-05,FusionView 24,Monitors,West India,1,7,5,1,3,1.0,24.606028
2023-11-05,FusionView 24,Monitors,West India,45,11,5,6,4,12.0,19.00182
2024-06-11,FusionView 24,Monitors,West India,1,6,11,1,2,25.0,18.209854
2022-10-10,FusionView 27,Monitors,East India,20,10,10,0,4,37.0,12.148549
2023-11-05,FusionView 27,Monitors,East India,2,11,5,6,4,8.0,11.4068165
2024-11-15,FusionView 27,Monitors,East India,42,11,15,4,4,10.0,17.029594
2021-11-03,FusionView 27,Monitors,North India,42,11,3,2,4,49.0,22.081364
2022-11-06,FusionView 27,Monitors,North India,9,11,6,6,4,79.0,10.032432
2023-05-03,FusionView 27,Monitors,North India,41,5,3,2,2,37.0,19.957285
2023-11-12,FusionView 27,Monitors,North India,20,11,12,6,4,2.0,12.59802
2024-07-25,FusionView 27,Monitors,North India,35,7,25,3,3,27.0,8.937841
2021-10-29,FusionView 27,Monitors,South India,16,10,29,4,4,45.0,9.936042
2022-03-20,FusionView 27,Monitors,South India,20,3,20,6,1,49.0,12.152009
2022-08-18,FusionView 27,Monitors,South India,1,8,18,3,3,1.0,8.212864
2023-01-02,FusionView 27,Monitors,South India,46,1,2,0,1,1.0,16.511433
2023-07-03,FusionView 27,Monitors,South India,1,7,3,0,3,26.0,13.641314
2024-03-21,FusionView 27,Monitors,South India,1,3,21,3,1,1.0,4.6092896
2024-09-28,FusionView 27,Monitors,South India,1,9,28,5,3,6.0,5.137738
2021-07-05,FusionView 27,Monitors,West India,20,7,5,0,3,1.0,7.472268
2022-06-25,FusionView 27,Monitors,West India,37,6,25,5,2,1.0,11.600807
2023-07-27,FusionView 27,Monitors,West India,1,7,27,3,3,21.0,9.852399
2024-11-24,FusionView 27,Monitors,West India,94,11,24,6,4,32.0,12.896543
2023-08-07,FusionView 32,Monitors,Central India,1,8,7,0,3,6.0,7.3355327
2023-08-14,FusionView 32,Monitors,East India,1,8,14,0,3,25.0,8.130851
2024-10-08,FusionView 32,Monitors,East India,35,10,8,1,4,69.0,8.344556
2024-05-21,FusionView 32,Monitors,North India,1,5,21,1,2,1.0,9.051639
2023-01-25,FusionView 32,Monitors,South India,17,1,25,2,1,222.0,4.717175
2023-07-08,FusionView 32,Monitors,South India,1,7,8,5,3,2.0,5.362096
2023-10-29,FusionView 32,Monitors,South India,31,10,29,6,4,1.0,7.029311
2024-03-03,FusionView 32,Monitors,South India,26,3,3,6,1,30.0,12.024898
2024-07-10,FusionView 32,Monitors,South India,45,7,10,2,3,115.0,-1.4935132
2024-10-30,FusionView 32,Monitors,South India,1,10,30,2,4,1.0,4.007775
2022-02-16,FusionView 32,Monitors,West India,37,2,16,2,1,34.0,6.794156
2022-08-07,FusionView 32,Monitors,West India,1,8,7,6,3,1.0,5.4343333
2024-02-09,FusionView 32,Monitors,West India,195,2,9,4,1,1.0,4.7764096
2024-12-08,FusionView 32,Monitors,West India,42,12,8,6,4,46.0,13.064674
2024-04-10,Fusion Earbuds,Accessories,Central India,1,4,10,2,2,1.0,8.597068
2021-01-18,Fusion Earbuds,Accessories,East India,4,1,18,0,1,75.0,7.2270055
2021-03-26,Fusion Earbuds,Accessories,East India,47,3,26,4,1,2.0,13.741632
2021-10-16,Fusion Earbuds,Accessories,East India,3,10,16,5,4,3.0,8.407931
2022-01-15,Fusion Earbuds,Accessories,East India,41,1,15,5,1,1.0,10.304194
2022-05-22,Fusion Earbuds,Accessories,East India,37,5,22,6,2,2.0,25.10049
2022-09-16,Fusion Earbuds,Accessories,East India,1,9,16,4,3,1.0,8.287501
2022-11-24,Fusion Earbuds,Accessories,East India,1,11,24,3,4,2.0,7.095695
2023-12-01,Fusion Earbuds,Accessories,East India,1,12,1,4,4,1.0,6.7061887
2024-08-20,Fusion Earbuds,Accessories,East India,40,8,20,1,3,2.0,9.64208
2024-12-25,Fusion Earbuds,Accessories,East India,2,12,25,2,4,21.0,9.120613
2021-03-10,Fusion Earbuds,Accessories,North India,57,3,10,2,1,40.0,6.842377
2021-06-30,Fusion Earbuds,Accessories,North India,6,6,30,2,2,22.0,12.157416
2021-08-16,Fusion Earbuds,Accessories,North India,1,8,16,0,3,2.0,4.6641827
2022-08-12,Fusion Earbuds,Accessories,North India,2,8,12,4,3,24.0,2.2814624
2022-10-04,Fusion Earbuds,Accessories,North India,1,10,4,1,4,1.0,6.1857123
2023-01-27,Fusion Earbuds,Accessories,North India,2,1,27,4,1,49.0,10.061329
2023-03-24,Fusion Earbuds,Accessories,North India,1,3,24,4,1,1.0,8.139527
2023-09-18,Fusion Earbuds,Accessories,North India,1,9,18,0,3,34.0,11.386359
2024-03-25,Fusion Earbuds,Accessories,North India,1,3,25,0,1,4.0,16.801418
2024-06-07,Fusion Earbuds,Accessories,North India,1,6,7,4,2,2.0,10.543984
2024-09-23,Fusion Earbuds,Accessories,North India,1,9,23,0,3,3.0,13.754624
2021-02-05,Fusion Earbuds,Accessories,South India,4,2,5,4,1,5.0,18.310461
2021-05-25,Fusion Earbuds,Accessories,South India,5,5,25,1,2,3.0,2.7653048
2021-07-02,Fusion Earbuds,Accessories,South India,4,7,2,4,3,2.0,6.952569
2021-11-11,Fusion Earbuds,Accessories,South India,4,11,11,3,4,2.0,7.648198
2022-12-11,Fusion Earbuds,Accessories,South India,1,12,11,6,4,2.0,9.04752
2023-01-17,Fusion Earbuds,Accessories,South India,1,1,17,1,1,4.0,17.603317
2023-08-16,Fusion Earbuds,Accessories,South India,1,8,16,2,3,3.0,10.095432
2024-07-23,Fusion Earbuds,Accessories,South India,2,7,23,1,3,1.0,20.574379
2024-09-19,Fusion Earbuds,Accessories,South India,3,9,19,3,3,2.0,9.858072
2024-10-18,Fusion Earbuds,Accessories,South India,8,10,18,4,4,3.0,9.719922
2024-11-19,Fusion Earbuds,Accessories,South India,34,11,19,1,4,9.0,8.45877
2021-03-02,Fusion Earbuds,Accessories,West India,20,3,2,1,1,2.0,5.9015336
2021-04-05,Fusion Earbuds,Accessories,West India,4,4,5,0,2,11.0,7.6341586
2022-01-13,Fusion Earbuds,Accessories,West India,1,1,13,3,1,4.0,8.164213
2022-02-28,Fusion Earbuds,Accessories,West India,1,2,28,0,1,2.0,10.903718
2022-04-30,Fusion Earbuds,Accessories,West India,7,4,30,5,2,2.0,9.909657
2022-06-17,Fusion Earbuds,Accessories,West India,1,6,17,4,2,1.0,10.69152
2023-04-18,Fusion Earbuds,Accessories,West India,2,4,18,1,2,1.0,9.595228
2023-06-17,Fusion Earbuds,Accessories,West India,1,6,17,5,2,21.0,8.390291
2023-09-22,Fusion Earbuds,Accessories,West India,1,9,22,4,3,1.0,8.478263
2024-05-02,Fusion Earbuds,Accessories,West India,1,5,2,3,2,48.0,8.285349
2024-07-06,Fusion Earbuds,Accessories,West India,2,7,6,5,3,2.0,7.123449
2024-10-28,Fusion Earbuds,Accessories,West India,4,10,28,0,4,31.0,7.4026146
2024-09-17,Fusion Keyboard,Accessories,Central India,2,9,17,1,3,2.0,6.0235934
2021-06-01,Fusion Keyboard,Accessories,East India,3,6,1,1,2,2.0,8.458846
2023-02-14,Fusion Keyboard,Accessories,East India,3,2,14,1,1,2.0,9.158963
2023-06-18,Fusion Keyboard,Accessories,East India,1,6,18,6,2,1.0,7.7576056
2024-04-01,Fusion Keyboard,Accessories,East India,2,4,1,0,2,1.0,8.649825
2024-11-17,Fusion Keyboard,Accessories,East India,2,11,17,6,4,4.0,8.241115
2021-08-06,Fusion Keyboard,Accessories,North India,5,8,6,4,3,3.0,7.384958
2021-09-09,Fusion Keyboard,Accessories,North India,40,9,9,3,3,1.0,7.57624
2021-10-18,Fusion Keyboard,Accessories,North India,2,10,18,0,4,3.0,10.993204
2022-11-02,Fusion Keyboard,Accessories,North India,1,11,2,2,4,3.0,7.9476094
2023-04-04,Fusion Keyboard,Accessories,North India,3,4,4,1,2,1.0,13.457563
2023-10-16,Fusion Keyboard,Accessories,North India,2,10,16,0,4,33.0,9.789767
2024-02-10,Fusion Keyboard,Accessories,North India,3,2,10,5,1,1.0,7.2959833
2024-08-15,Fusion Keyboard,Accessories,North India,4,8,15,3,3,1.0,13.564175
2021-05-30,Fusion Keyboard,Accessories,South India,7,5,30,6,2,9.0,19.282473
2021-08-01,Fusion Keyboard,Accessories,South India,4,8,1,6,3,3.0,8.568014
2021-10-02,Fusion Keyboard,Accessories,South India,37,10,2,5,4,3.0,8.738754
2022-08-11,Fusion Keyboard,Accessories,South India,45,8,11,3,3,2.0,8.238263
2022-10-05,Fusion Keyboard,Accessories,South India,3,10,5,2,4,5.0,8.300472
2022-11-08,Fusion Keyboard,Accessories,South India,1,11,8,1,4,2.0,7.621133
2022-12-18,Fusion Keyboard,Accessories,South India,5,12,18,6,4,8.0,11.678794
2023-01-22,Fusion Keyboard,Accessories,South India,2,1,22,6,1,1.0,9.682019
2023-03-02,Fusion Keyboard,Accessories,South India,1,3,2,3,1,1.0,7.583839
2023-04-21,Fusion Keyboard,Accessories,South India,4,4,21,4,2,1.0,7.83775
2023-09-01,Fusion Keyboard,Accessories,South India,1,9,1,4,3,2.0,9.062657
2023-10-06,Fusion Keyboard,Accessories,South India,2,10,6,4,4,3.0,9.274187
2023-12-15,Fusion Keyboard,Accessories,South India,1,12,15,4,4,4.0,7.001337
2024-02-06,Fusion Keyboard,Accessories,South India,1,2,6,1,1,3.0,5.7859178
2024-03-22,Fusion Keyboard,Accessories,South India,5,3,22,4,1,16.0,7.6034226
2024-05-08,Fusion Keyboard,Accessories,South India,2,5,8,2,2,1.0,10.947953
2024-07-01,Fusion Keyboard,Accessories,South India,31,7,1,0,3,4.0,10.045838
2024-08-22,Fusion Keyboard,Accessories,South India,3,8,22,3,3,2.0,6.8841286
2024-10-08,Fusion Keyboard,Accessories,South India,39,10,8,1,4,2.0,6.0681844
2024-11-15,Fusion Keyboard,Accessories,South India,6,11,15,4,4,5.0,6.2936993
2024-12-28,Fusion Keyboard,Accessories,South India,1,12,28,5,4,1.0,5.988628
2021-05-13,Fusion Keyboard,Accessories,West India,1,5,13,3,2,1.0,6.49465
2021-07-06,Fusion Keyboard,Accessories,West India,1,7,6,1,3,2.0,7.235609
2021-08-29,Fusion Keyboard,Accessories,West India,2,8,29,6,3,8.0,6.786931
2021-11-20,Fusion Keyboard,Accessories,West India,4,11,20,5,4,1.0,8.500226
2022-02-17,Fusion Keyboard,Accessories,West India,2,2,17,3,1,1.0,5.0879416
2022-04-26,Fusion Keyboard,Accessories,West India,2,4,26,1,2,4.0,5.5939636
2022-06-30,Fusion Keyboard,Accessories,West India,2,6,30,3,2,29.0,6.202879
2022-10-02,Fusion Keyboard,Accessories,West India,39,10,2,6,4,1.0,5.9948964
2023-01-03,Fusion Keyboard,Accessories,West India,46,1,3,1,1,4.0,7.7982492
2023-03-26,Fusion Keyboard,Accessories,West India,1,3,26,6,1,3.0,6.1133165
2023-06-11,Fusion Keyboard,Accessories,West India,3,6,11,6,2,1.0,8.472642
2023-10-27,Fusion Keyboard,Accessories,West India,5,10,27,4,4,1.0,10.856872
2024-01-17,Fusion Keyboard,Accessories,West India,20,1,17,2,1,4.0,8.373589
2024-05-06,Fusion Keyboard,Accessories,West India,2,5,6,0,2,1.0,4.795903
2024-08-26,Fusion Keyboard,Accessories,West India,2,8,26,0,3,1.0,8.74983
2024-12-27,Fusion Keyboard,Accessories,West India,40,12,27,4,4,2.0,8.670753
2021-09-21,Fusion Mouse,Accessories,Central India,1,9,21,1,3,1.0,8.539454
2022-01-23,Fusion Mouse,Accessories,Central India,3,1,23,6,1,1.0,6.223563
2022-07-17,Fusion Mouse,Accessories,Central India,1,7,17,6,3,2.0,6.879834
2022-12-09,Fusion Mouse,Accessories,Central India,3,12,9,4,4,1.0,5.6015744
2023-10-04,Fusion Mouse,Accessories,Central India,1,10,4,2,4,2.0,7.193323
2024-09-06,Fusion Mouse,Accessories,Central India,2,9,6,4,3,1.0,7.738046
2021-05-11,Fusion Mouse,Accessories,East India,2,5,11,1,2,4.0,9.450846
2021-08-12,Fusion Mouse,Accessories,East India,2,8,12,3,3,1.0,7.454431
2021-10-28,Fusion Mouse,Accessories,East India,1,10,28,3,4,1.0,8.2967415
2022-01-20,Fusion Mouse,Accessories,East India,1,1,20,3,1,2.0,6.362047
2022-05-04,Fusion Mouse,Accessories,East India,1,5,4,2,2,3.0,5.8945575
2022-09-18,Fusion Mouse,Accessories,East India,1,9,18,6,3,2.0,6.705117
2022-11-19,Fusion Mouse,Accessories,East India,2,11,19,5,4,1.0,5.8470197
2023-12-09,Fusion Mouse,Accessories,East India,1,12,9,5,4,1.0,6.001106
2024-03-02,Fusion Mouse,Accessories,East India,1,3,2,5,1,1.0,7.341377
2024-05-19,Fusion Mouse,Accessories,East India,1,5,19,6,2,2.0,5.9287167
2024-12-04,Fusion Mouse,Accessories,East India,2,12,4,2,4,44.0,6.664412
2021-06-06,Fusion Mouse,Accessories,North India,7,6,6,6,2,2.0,7.549605
2021-07-15,Fusion Mouse,Accessories,North India,1,7,15,3,3,2.0,7.0657167
2021-08-26,Fusion Mouse,Accessories,North India,1,8,26,3,3,2.0,4.876408
2022-01-09,Fusion Mouse,Accessories,North India,6,1,9,6,1,3.0,9.113781
2022-10-22,Fusion Mouse,Accessories,North India,6,10,22,5,4,30.0,6.6798453
2023-03-03,Fusion Mouse,Accessories,North India,2,3,3,4,1,2.0,5.678384
2023-04-13,Fusion Mouse,Accessories,North India,1,4,13,3,2,5.0,5.7434587
2023-05-27,Fusion Mouse,Accessories,North India,11,5,27,5,2,1.0,6.341346
2023-07-09,Fusion Mouse,Accessories,North India,3,7,9,6,3,3.0,8.672067
2023-09-04,Fusion Mouse,Accessories,North India,1,9,4,0,3,25.0,7.6770654
2023-10-25,Fusion Mouse,Accessories,North India,1,10,25,2,4,1.0,6.604889
2023-12-29,Fusion Mouse,Accessories,North India,1,12,29,4,4,1.0,6.2085485
2024-04-05,Fusion Mouse,Accessories,North India,3,4,5,4,2,3.0,6.559745
2024-10-29,Fusion Mouse,Accessories,North India,2,10,29,1,4,54.0,8.682846
2021-05-02,Fusion Mouse,Accessories,South India,28,5,2,6,2,14.0,6.6103787
2021-07-24,Fusion Mouse,Accessories,South India,3,7,24,5,3,42.0,6.0681105
2021-10-09,Fusion Mouse,Accessories,South India,3,10,9,5,4,8.0,9.300899
2021-11-17,Fusion Mouse,Accessories,South India,4,11,17,2,4,5.0,5.709747
2022-01-23,Fusion Mouse,Accessories,South India,2,1,23,6,1,52.0,6.6758504
2022-08-06,Fusion Mouse,Accessories,South India,5,8,6,5,3,1.0,10.4208555
2022-10-09,Fusion Mouse,Accessories,South India,10,10,9,6,4,2.0,9.817201
2022-11-06,Fusion Mouse,Accessories,South India,1,11,6,6,4,4.0,5.3734384
2022-12-05,Fusion Mouse,Accessories,South India,2,12,5,0,4,4.0,6.4005656
2023-02-19,Fusion Mouse,Accessories,South India,3,2,19,6,1,4.0,5.5782003
2023-05-16,Fusion Mouse,Accessories,South India,3,5,16,1,2,3.0,10.058639
2024-03-26,Fusion Mouse,Accessories,South India,2,3,26,1,1,1.0,8.244889
2024-05-20,Fusion Mouse,Accessories,South India,1,5,20,0,2,3.0,6.0208535
2024-07-11,Fusion Mouse,Accessories,South India,1,7,11,3,3,3.0,6.094205
2024-09-15,Fusion Mouse,Accessories,South India,2,9,15,6,3,2.0,6.6684074
2021-07-20,Fusion Mouse,Accessories,West India,3,7,20,1,3,2.0,8.1503725
2022-01-24,Fusion Mouse,Accessories,West India,1,1,24,0,1,42.0,8.358791
2022-04-02,Fusion Mouse,Accessories,West India,1,4,2,5,2,31.0,10.86526
2022-10-24,Fusion Mouse,Accessories,West India,5,10,24,0,4,6.0,7.8574452
2022-12-18,Fusion Mouse,Accessories,West India,1,12,18,6,4,1.0,8.084902
2023-04-23,Fusion Mouse,Accessories,West India,25,4,23,6,2,5.0,14.764574
2023-09-19,Fusion Mouse,Accessories,West India,1,9,19,1,3,1.0,11.519921
2023-11-08,Fusion Mouse,Accessories,West India,16,11,8,2,4,57.0,8.657275
2024-01-14,Fusion Mouse,Accessories,West India,3,1,14,6,1,3.0,8.082794
2024-03-19,Fusion Mouse,Accessories,West India,3,3,19,1,1,1.0,9.283567
2024-07-19,Fusion Mouse,Accessories,West India,1,7,19,4,3,3.0,8.528861
2024-10-28,Fusion Mouse,Accessories,West India,218,10,28,0,4,241.0,20.963509
2022-08-20,Fusion Watch Lite,Wearables,Central India,1,8,20,5,3,1.0,9.169687
2022-04-19,Fusion Watch Lite,Wearables,East India,1,4,19,1,2,46.0,12.192231
2021-12-19,Fusion Watch Lite,Wearables,North India,1,12,19,6,4,1.0,23.107386
2022-08-05,Fusion Watch Lite,Wearables,North India,1,8,5,4,3,1.0,11.050711
2024-06-23,Fusion Watch Lite,Wearables,North India,1,6,23,6,2,1.0,11.362927
2021-11-08,Fusion Watch Lite,Wearables,South India,2,11,8,0,4,1.0,13.168349
2022-05-28,Fusion Watch Lite,Wearables,South India,37,5,28,5,2,1.0,21.360514
2023-01-14,Fusion Watch Lite,Wearables,South India,1,1,14,5,1,1.0,13.317329
2024-01-17,Fusion Watch Lite,Wearables,South India,1,1,17,2,1,59.0,18.611298
2024-11-21,Fusion Watch Lite,Wearables,South India,1,11,21,3,4,1.0,9.350216
2022-02-16,Fusion Watch Lite,Wearables,West India,1,2,16,2,1,1.0,8.438355
2022-08-17,Fusion Watch Lite,Wearables,West India,1,8,17,2,3,1.0,26.141335
2023-06-27,Fusion Watch Lite,Wearables,West India,1,6,27,1,2,1.0,16.162252
2022-05-09,Fusion Watch Pro,Wearables,East India,83,5,9,0,2,2.0,10.0702095
2023-10-13,Fusion Watch Pro,Wearables,East India,1,10,13,4,4,2.0,9.503604
2023-01-28,Fusion Watch Pro,Wearables,North India,1,1,28,5,1,1.0,10.69479
2023-06-04,Fusion Watch Pro,Wearables,North India,1,6,4,6,2,2.0,17.496601
2023-12-06,Fusion Watch Pro,Wearables,North India,1,12,6,2,4,1.0,10.367761
2022-04-26,Fusion Watch Pro,Wearables,South India,1,4,26,1,2,40.0,17.003582
2023-09-10,Fusion Watch Pro,Wearables,South India,1,9,10,6,3,2.0,15.296173
2024-04-08,Fusion Watch Pro,Wearables,South India,14,4,8,0,2,3.0,8.469387
2022-05-24,Fusion Watch Pro,Wearables,West India,1,5,24,1,2,2.0,15.251061
2021-05-04,FusionBook Air,Laptops,Central India,1,5,4,1,2,46.0,7.619062
2023-04-09,FusionBook Air,Laptops,Central India,172,4,9,6,2,54.0,10.97042
2024-07-06,FusionBook Air,Laptops,Central India,63,7,6,5,3,1.0,9.451298
2021-06-12,FusionBook Air,Laptops,East India,94,6,12,5,2,2.0,7.6518583
2021-07-25,FusionBook Air,Laptops,East India,1,7,25,6,3,41.0,9.625948
2021-10-01,FusionBook Air,Laptops,East India,32,10,1,4,4,2.0,8.623245
2021-11-22,FusionBook Air,Laptops,East India,1,11,22,0,4,159.0,7.813419
2022-01-24,FusionBook Air,Laptops,East India,99,1,24,0,1,39.0,9.329485
2022-08-21,FusionBook Air,Laptops,East India,46,8,21,6,3,24.0,5.2055416
2024-03-16,FusionBook Air,Laptops,East India,2,3,16,5,1,42.0,8.453833
2021-02-02,FusionBook Air,Laptops,North India,67,2,2,1,1,10.0,5.7716346
2021-03-11,FusionBook Air,Laptops,North India,51,3,11,3,1,3.0,6.5803366
2021-04-24,FusionBook Air,Laptops,North India,130,4,24,5,2,1.0,7.1705327
2021-10-12,FusionBook Air,Laptops,North India,25,10,12,1,4,2.0,6.56308
2021-12-12,FusionBook Air,Laptops,North India,1,12,12,6,4,1.0,11.386359
2022-07-01,FusionBook Air,Laptops,North India,1,7,1,4,3,1.0,15.555037
2023-04-25,FusionBook Air,Laptops,North India,50,4,25,1,2,1.0,8.298232
2023-06-23,FusionBook Air,Laptops,North India,1,6,23,4,2,22.0,8.748824
2023-09-14,FusionBook Air,Laptops,North India,36,9,14,3,3,41.0,8.746819
2024-06-06,FusionBook Air,Laptops,North India,40,6,6,3,2,49.0,6.5388083
2024-11-20,FusionBook Air,Laptops,North India,29,11,20,2,4,26.0,7.9130607
2021-04-04,FusionBook Air,Laptops,South India,98,4,4,6,2,257.0,16.267483
2021-05-24,FusionBook Air,Laptops,South India,36,5,24,0,2,94.0,7.1622944
2021-07-25,FusionBook Air,Laptops,South India,126,7,25,6,3,5.0,7.427513
2021-09-22,FusionBook Air,Laptops,South India,58,9,22,2,3,1.0,7.6824093
2022-07-14,FusionBook Air,Laptops,South India,28,7,14,3,3,42.0,9.859727
2022-11-20,FusionBook Air,Laptops,South India,2,11,20,6,4,118.0,8.236497
2023-01-13,FusionBook Air,Laptops,South India,2,1,13,4,1,81.0,9.276099
2023-12-01,FusionBook Air,Laptops,South India,33,12,1,4,4,110.0,14.7498865
2024-01-19,FusionBook Air,Laptops,South India,66,1,19,4,1,316.0,12.350751
2024-09-30,FusionBook Air,Laptops,South India,3,9,30,0,3,1.0,8.484677
2024-11-17,FusionBook Air,Laptops,South India,105,11,17,6,4,17.0,7.719731
2021-01-18,FusionBook Air,Laptops,West India,30,1,18,0,1,282.0,7.1252823
2021-06-01,FusionBook Air,Laptops,West India,146,6,1,1,2,61.0,10.112766
2022-01-22,FusionBook Air,Laptops,West India,189,1,22,5,1,99.0,5.6795077
2022-08-04,FusionBook Air,Laptops,West India,30,8,4,3,3,2.0,8.771213
2022-10-02,FusionBook Air,Laptops,West India,1,10,2,6,4,242.0,12.715431
2023-08-02,FusionBook Air,Laptops,West India,130,8,2,2,3,1.0,15.150676
2023-09-28,FusionBook Air,Laptops,West India,2,9,28,3,3,1.0,9.603166
2024-06-03,FusionBook Air,Laptops,West India,1,6,3,0,2,32.0,6.143297
2024-10-17,FusionBook Air,Laptops,West India,43,10,17,3,4,28.0,7.464824
2024-12-04,FusionBook Air,Laptops,West India,1,12,4,2,4,21.0,7.2772493
2021-07-14,FusionBook Pro,Laptops,Central India,47,7,14,2,3,1.0,7.2772493
2023-05-23,FusionBook Pro,Laptops,Central India,25,5,23,1,2,93.0,15.891969
2022-05-01,FusionBook Pro,Laptops,East India,154,5,1,6,2,1.0,8.980988
2023-11-05,FusionBook Pro,Laptops,East India,1,11,5,6,4,103.0,8.627359
2024-02-24,FusionBook Pro,Laptops,East India,1,2,24,5,1,57.0,12.919819
2022-06-25,FusionBook Pro,Laptops,North India,65,6,25,5,2,56.0,12.166951
2022-08-16,FusionBook Pro,Laptops,North India,187,8,16,1,3,19.0,7.7309923
2022-10-11,FusionBook Pro,Laptops,North India,39,10,11,1,4,187.0,7.5913024
2023-01-18,FusionBook Pro,Laptops,North India,47,1,18,2,1,1.0,7.9476094
2023-07-25,FusionBook Pro,Laptops,North India,2,7,25,1,3,1.0,8.632365
2023-09-12,FusionBook Pro,Laptops,North India,1,9,12,1,3,31.0,7.72753
2024-01-24,FusionBook Pro,Laptops,North India,116,1,24,2,1,32.0,7.219982
2024-03-09,FusionBook Pro,Laptops,North India,36,3,9,5,1,42.0,7.4683046
2024-07-24,FusionBook Pro,Laptops,North India,80,7,24,2,3,33.0,8.339016
2024-10-29,FusionBook Pro,Laptops,North India,36,10,29,1,4,5.0,12.335106
2024-12-17,FusionBook Pro,Laptops,North India,47,12,17,1,4,1.0,7.8486977
2021-08-03,FusionBook Pro,Laptops,South India,1,8,3,1,3,16.0,7.9366693
2021-10-02,FusionBook Pro,Laptops,South India,50,10,2,5,4,25.0,14.097273
2022-01-30,FusionBook Pro,Laptops,South India,36,1,30,6,1,54.0,7.1554346
2022-03-12,FusionBook Pro,Laptops,South India,9,3,12,5,1,39.0,6.714346
2022-08-07,FusionBook Pro,Laptops,South India,13,8,7,6,3,27.0,12.571439
2022-09-30,FusionBook Pro,Laptops,South India,53,9,30,4,3,62.0,10.98359
2022-12-12,FusionBook Pro,Laptops,South India,16,12,12,0,4,37.0,7.481445
2023-03-28,FusionBook Pro,Laptops,South India,40,3,28,1,1,23.0,7.583839
2023-12-24,FusionBook Pro,Laptops,South India,22,12,24,6,4,28.0,5.7859178
2024-04-07,FusionBook Pro,Laptops,South India,55,4,7,6,2,8.0,6.970962
2024-06-01,FusionBook Pro,Laptops,South India,2,6,1,5,2,1.0,6.522284
2024-12-28,FusionBook Pro,Laptops,South India,1,12,28,5,4,33.0,8.109664
2021-07-25,FusionBook Pro,Laptops,West India,1,7,25,6,3,66.0,8.532824
2021-10-22,FusionBook Pro,Laptops,West India,58,10,22,4,4,1.0,11.772211
2021-11-30,FusionBook Pro,Laptops,West India,183,11,30,1,4,21.0,10.64113
2022-01-05,FusionBook Pro,Laptops,West India,37,1,5,2,1,74.0,9.940077
2022-06-25,FusionBook Pro,Laptops,West India,193,6,25,5,2,2.0,6.0316195
2022-10-22,FusionBook Pro,Laptops,West India,130,10,22,5,4,2.0,17.501598
2023-01-21,FusionBook Pro,Laptops,West India,81,1,21,5,1,88.0,6.1133165
2023-05-10,FusionBook Pro,Laptops,West India,13,5,10,2,2,1.0,6.1133165
2023-10-08,FusionBook Pro,Laptops,West India,25,10,8,6,4,70.0,6.290004
2023-11-27,FusionBook Pro,Laptops,West India,44,11,27,0,4,194.0,6.4042273
2024-01-11,FusionBook Pro,Laptops,West India,102,1,11,3,1,166.0,5.404319
2024-02-23,FusionBook Pro,Laptops,West India,50,2,23,4,1,239.0,6.29599
2024-05-07,FusionBook Pro,Laptops,West India,1,5,7,1,2,51.0,7.899934
2024-07-13,FusionBook Pro,Laptops,West India,85,7,13,5,3,1.0,8.064517
2024-09-20,FusionBook Pro,Laptops,West India,185,9,20,4,3,2.0,64.300674
2024-11-16,FusionBook Pro,Laptops,West India,203,11,16,5,4,58.0,5.96459
2022-05-10,FusionBook Ultra,Laptops,Central India,1,5,10,1,2,47.0,5.1826277
2022-10-19,FusionBook Ultra,Laptops,Central India,34,10,19,2,4,27.0,7.222104
2023-07-03,FusionBook Ultra,Laptops,Central India,46,7,3,0,3,28.0,6.98657
2024-07-15,FusionBook Ultra,Laptops,Central India,1,7,15,0,3,40.0,6.762087
2022-05-20,FusionBook Ultra,Laptops,East India,1,5,20,4,2,1.0,7.7209516
2023-05-17,FusionBook Ultra,Laptops,East India,24,5,17,2,2,1.0,6.289658
2023-11-12,FusionBook Ultra,Laptops,East India,2,11,12,6,4,1.0,7.053567
2024-08-15,FusionBook Ultra,Laptops,East India,155,8,15,3,3,1.0,5.9109507
2024-11-20,FusionBook Ultra,Laptops,East India,1,11,20,2,4,25.0,4.876693
2022-04-24,FusionBook Ultra,Laptops,North India,1,4,24,6,2,76.0,7.341377
2022-06-16,FusionBook Ultra,Laptops,North India,2,6,16,3,2,23.0,5.6187477
2022-09-19,FusionBook Ultra,Laptops,North India,1,9,19,0,3,2.0,6.664412
2023-03-10,FusionBook Ultra,Laptops,North India,48,3,10,4,1,11.0,4.057211
2023-05-10,FusionBook Ultra,Laptops,North India,1,5,10,2,2,39.0,5.547714
2023-11-01,FusionBook Ultra,Laptops,North India,45,11,1,2,4,112.0,9.502421
2023-12-11,FusionBook Ultra,Laptops,North India,1,12,11,0,4,140.0,5.7060313
2024-05-22,FusionBook Ultra,Laptops,North India,80,5,22,2,2,137.0,5.2146764
2024-09-08,FusionBook Ultra,Laptops,North India,1,9,8,6,3,68.0,7.006175
2024-10-29,FusionBook Ultra,Laptops,North India,1,10,29,1,4,172.0,5.61712
2022-04-17,FusionBook Ultra,Laptops,South India,35,4,17,6,2,37.0,5.7434587
2022-09-14,FusionBook Ultra,Laptops,South India,157,9,14,2,3,1.0,6.918051
2023-04-27,FusionBook Ultra,Laptops,South India,88,4,27,3,2,2.0,5.1316133
2023-09-10,FusionBook Ultra,Laptops,South India,78,9,10,6,3,43.0,6.018279
2023-11-05,FusionBook Ultra,Laptops,South India,22,11,5,6,4,11.0,8.528208
2024-09-04,FusionBook Ultra,Laptops,South India,1,9,4,2,3,333.0,7.057716
2022-05-14,FusionBook Ultra,Laptops,West India,1,5,14,5,2,2.0,9.482876
2022-12-06,FusionBook Ultra,Laptops,West India,1,12,6,1,4,36.0,6.722883
2023-01-23,FusionBook Ultra,Laptops,West India,56,1,23,0,1,2.0,6.1340694
2023-07-02,FusionBook Ultra,Laptops,West India,58,7,2,6,3,25.0,5.3064775
2023-08-25,FusionBook Ultra,Laptops,West India,31,8,25,4,3,33.0,6.9381604
2024-02-12,FusionBook Ultra,Laptops,West India,1,2,12,0,1,68.0,5.9769125
2024-07-13,FusionBook Ultra,Laptops,West India,204,7,13,5,3,3.0,9.281764
2024-12-26,FusionBook Ultra,Laptops,West India,165,12,26,3,4,56.0,9.457155
2021-05-13,FusionPhone Lite,Smartphones,Central India,2,5,13,3,2,1.0,6.6684074
2021-09-20,FusionPhone Lite,Smartphones,Central India,1,9,20,0,3,1.0,6.5960183
2021-12-06,FusionPhone Lite,Smartphones,Central India,1,12,6,0,4,1.0,7.829666
2024-09-20,FusionPhone Lite,Smartphones,Central India,1,9,20,4,3,1.0,9.332897
2021-05-02,FusionPhone Lite,Smartphones,East India,14,5,2,6,2,1.0,8.544811
2021-10-26,FusionPhone Lite,Smartphones,East India,1,10,26,1,4,3.0,13.146396
2022-05-04,FusionPhone Lite,Smartphones,East India,2,5,4,2,2,1.0,7.5207734
2023-09-27,FusionPhone Lite,Smartphones,East India,1,9,27,2,3,3.0,13.185781
2023-12-02,FusionPhone Lite,Smartphones,East India,1,12,2,5,4,17.0,12.964276
2021-02-13,FusionPhone Lite,Smartphones,North India,2,2,13,5,1,5.0,12.71514
2021-05-12,FusionPhone Lite,Smartphones,North India,5,5,12,2,2,2.0,8.727744
2021-08-13,FusionPhone Lite,Smartphones,North India,3,8,13,4,3,4.0,20.033508
2021-10-19,FusionPhone Lite,Smartphones,North India,4,10,19,1,4,4.0,20.890331
2022-07-04,FusionPhone Lite,Smartphones,North India,3,7,4,0,3,51.0,18.916264
2022-10-23,FusionPhone Lite,Smartphones,North India,8,10,23,6,4,10.0,19.266006
2023-02-10,FusionPhone Lite,Smartphones,North India,18,2,10,4,1,3.0,10.989076
2023-04-25,FusionPhone Lite,Smartphones,North India,27,4,25,1,2,3.0,15.364814
2023-12-04,FusionPhone Lite,Smartphones,North India,1,12,4,0,4,2.0,13.325155
2024-03-07,FusionPhone Lite,Smartphones,North India,1,3,7,3,1,2.0,17.932959
2024-05-30,FusionPhone Lite,Smartphones,North India,1,5,30,3,2,2.0,9.008475
2024-09-01,FusionPhone Lite,Smartphones,North India,101,9,1,6,3,50.0,14.332589
2024-11-22,FusionPhone Lite,Smartphones,North India,4,11,22,4,4,1.0,16.97365
2021-03-11,FusionPhone Lite,Smartphones,South India,2,3,11,3,1,98.0,16.459457
2021-05-20,FusionPhone Lite,Smartphones,South India,71,5,20,3,2,3.0,16.217493
2021-07-29,FusionPhone Lite,Smartphones,South India,2,7,29,3,3,3.0,39.577698
2021-10-14,FusionPhone Lite,Smartphones,South India,4,10,14,3,4,5.0,17.6617
2022-02-28,FusionPhone Lite,Smartphones,South India,9,2,28,0,1,6.0,19.00019
2022-08-07,FusionPhone Lite,Smartphones,South India,2,8,7,6,3,81.0,6.4072223
2022-11-26,FusionPhone Lite,Smartphones,South India,3,11,26,5,4,3.0,7.8566236
2023-03-13,FusionPhone Lite,Smartphones,South India,1,3,13,0,1,1.0,6.0618315
2023-05-07,FusionPhone Lite,Smartphones,South India,2,5,7,6,2,1.0,15.251061
2024-07-23,FusionPhone Lite,Smartphones,South India,4,7,23,1,3,3.0,11.351267
2024-09-05,FusionPhone Lite,Smartphones,South India,2,9,5,3,3,3.0,7.801998
2021-02-10,FusionPhone Lite,Smartphones,West India,32,2,10,2,1,67.0,8.026693
2021-03-27,FusionPhone Lite,Smartphones,West India,2,3,27,5,1,3.0,7.458399
2021-05-06,FusionPhone Lite,Smartphones,West India,5,5,6,3,2,20.0,8.519989
2021-08-26,FusionPhone Lite,Smartphones,West India,2,8,26,3,3,30.0,4.1910133
2021-12-27,FusionPhone Lite,Smartphones,West India,5,12,27,0,4,5.0,9.477951
2022-06-16,FusionPhone Lite,Smartphones,West India,2,6,16,3,2,2.0,6.3405952
2022-10-28,FusionPhone Lite,Smartphones,West India,1,10,28,4,4,1.0,6.0221114
2023-01-21,FusionPhone Lite,Smartphones,West India,4,1,21,5,1,3.0,4.979913
2023-07-12,FusionPhone Lite,Smartphones,West India,3,7,12,2,3,1.0,5.1021733
2024-05-12,FusionPhone Lite,Smartphones,West India,1,5,12,6,2,1.0,19.67335
2024-08-09,FusionPhone Lite,Smartphones,West India,1,8,9,4,3,3.0,7.800326
2022-11-08,FusionPhone Ultra,Smartphones,Central India,1,11,8,1,4,1.0,21.578524
2023-11-22,FusionPhone Ultra,Smartphones,Central India,2,11,22,2,4,1.0,8.748824
2022-12-11,FusionPhone Ultra,Smartphones,East India,59,12,11,6,4,1.0,20.98757
2023-03-09,FusionPhone Ultra,Smartphones,East India,1,3,9,3,1,1.0,11.0825615
2024-05-07,FusionPhone Ultra,Smartphones,East India,1,5,7,1,2,2.0,5.5769196
2022-11-15,FusionPhone Ultra,Smartphones,North India,2,11,15,1,4,1.0,4.9107876
2023-01-12,FusionPhone Ultra,Smartphones,North India,1,1,12,3,1,2.0,9.877592
2023-05-18,FusionPhone Ultra,Smartphones,North India,2,5,18,3,2,3.0,7.648198
2023-07-14,FusionPhone Ultra,Smartphones,North India,2,7,14,4,3,2.0,7.648198
2023-11-18,FusionPhone Ultra,Smartphones,North India,3,11,18,5,4,5.0,8.920962
2024-05-25,FusionPhone Ultra,Smartphones,North India,1,5,25,5,2,1.0,8.606767
2024-07-07,FusionPhone Ultra,Smartphones,North India,2,7,7,6,3,1.0,10.566149
2024-11-29,FusionPhone Ultra,Smartphones,North India,1,11,29,4,4,1.0,9.5733795
2022-12-23,FusionPhone Ultra,Smartphones,South India,1,12,23,4,4,4.0,9.751119
2023-02-02,FusionPhone Ultra,Smartphones,South India,2,2,2,3,1,1.0,8.895178
2023-03-17,FusionPhone Ultra,Smartphones,South India,2,3,17,4,1,2.0,11.049088
2023-07-03,FusionPhone Ultra,Smartphones,South India,5,7,3,0,3,3.0,8.26122
2023-12-16,FusionPhone Ultra,Smartphones,South India,4,12,16,5,4,54.0,6.37484
2024-01-28,FusionPhone Ultra,Smartphones,South India,2,1,28,6,1,6.0,27.69381
2024-08-28,FusionPhone Ultra,Smartphones,South India,2,8,28,2,3,28.0,20.940577
2024-10-04,FusionPhone Ultra,Smartphones,South India,2,10,4,4,4,2.0,8.536134
2024-11-17,FusionPhone Ultra,Smartphones,South India,2,11,17,6,4,2.0,12.681848
2022-10-08,FusionPhone Ultra,Smartphones,West India,2,10,8,5,4,2.0,12.345778
2023-05-07,FusionPhone Ultra,Smartphones,West India,4,5,7,6,2,1.0,8.331148
2023-07-09,FusionPhone Ultra,Smartphones,West India,4,7,9,6,3,57.0,10.049371
2023-10-14,FusionPhone Ultra,Smartphones,West India,4,10,14,5,4,63.0,8.79731
2023-11-26,FusionPhone Ultra,Smartphones,West India,35,11,26,6,4,7.0,7.0267124
2024-01-13,FusionPhone Ultra,Smartphones,West India,28,1,13,5,1,2.0,7.0422277
2024-04-23,FusionPhone Ultra,Smartphones,West India,2,4,23,1,2,2.0,12.190312
2024-11-28,FusionPhone Ultra,Smartphones,West India,1,11,28,3,4,35.0,8.478263
2021-11-25,FusionPhone X,Smartphones,Central India,1,11,25,3,4,2.0,8.813534
2024-01-22,FusionPhone X,Smartphones,Central India,1,1,22,0,1,33.0,7.3796434
2021-09-05,FusionPhone X,Smartphones,East India,1,9,5,6,3,1.0,7.8663692
2021-11-04,FusionPhone X,Smartphones,East India,3,11,4,3,4,46.0,10.36709
2022-11-13,FusionPhone X,Smartphones,East India,26,11,13,6,4,1.0,20.89734
2023-03-28,FusionPhone X,Smartphones,East India,1,3,28,1,1,2.0,7.69077
2023-10-05,FusionPhone X,Smartphones,East India,1,10,5,3,4,3.0,7.3298397
2024-03-20,FusionPhone X,Smartphones,East India,2,3,20,2,1,1.0,11.45793
2024-11-05,FusionPhone X,Smartphones,East India,1,11,5,1,4,1.0,12.4799
2021-10-24,FusionPhone X,Smartphones,North India,1,10,24,6,4,5.0,12.567872
2021-12-06,FusionPhone X,Smartphones,North India,4,12,6,0,4,1.0,8.916283
2022-01-29,FusionPhone X,Smartphones,North India,2,1,29,5,1,1.0,8.670126
2023-05-22,FusionPhone X,Smartphones,North India,4,5,22,0,2,2.0,9.82687
2023-09-14,FusionPhone X,Smartphones,North India,2,9,14,3,3,4.0,8.067002
2023-10-30,FusionPhone X,Smartphones,North India,2,10,30,0,4,29.0,7.2543206
2023-12-15,FusionPhone X,Smartphones,North India,2,12,15,4,4,2.0,9.492227
2024-02-05,FusionPhone X,Smartphones,North India,10,2,5,0,1,3.0,11.082172
2024-03-19,FusionPhone X,Smartphones,North India,2,3,19,1,1,4.0,2.131998
2024-05-01,FusionPhone X,Smartphones,North India,1,5,1,2,2,1.0,7.645986
2024-09-28,FusionPhone X,Smartphones,North India,4,9,28,5,3,1.0,9.530589
2021-08-25,FusionPhone X,Smartphones,South India,2,8,25,2,3,1.0,7.582671
2021-12-13,FusionPhone X,Smartphones,South India,2,12,13,0,4,2.0,8.251637
2022-07-04,FusionPhone X,Smartphones,South India,43,7,4,0,3,1.0,8.500343
2022-11-15,FusionPhone X,Smartphones,South India,2,11,15,1,4,2.0,7.3841515
2023-02-11,FusionPhone X,Smartphones,South India,1,2,11,5,1,4.0,9.854211
2023-03-20,FusionPhone X,Smartphones,South India,3,3,20,0,1,4.0,7.481445
2023-06-18,FusionPhone X,Smartphones,South India,3,6,18,6,2,3.0,9.387153
2023-08-03,FusionPhone X,Smartphones,South India,5,8,3,3,3,1.0,7.583839
2023-09-22,FusionPhone X,Smartphones,South India,2,9,22,4,3,2.0,8.132536
2023-11-12,FusionPhone X,Smartphones,South India,11,11,12,6,4,115.0,12.166951
2024-01-28,FusionPhone X,Smartphones,South India,113,1,28,6,1,6.0,6.47029
2024-02-29,FusionPhone X,Smartphones,South India,1,2,29,3,1,1.0,7.221854
2024-10-03,FusionPhone X,Smartphones,South India,2,10,3,3,4,2.0,6.707639
2024-12-10,FusionPhone X,Smartphones,South India,44,12,10,1,4,4.0,5.4359145
2021-08-29,FusionPhone X,Smartphones,West India,1,8,29,6,3,2.0,5.386355
2021-11-30,FusionPhone X,Smartphones,West India,24,11,30,1,4,4.0,11.500281
2022-03-07,FusionPhone X,Smartphones,West India,23,3,7,0,1,1.0,6.0632396
2022-04-17,FusionPhone X,Smartphones,West India,49,4,17,6,2,2.0,5.6111364
2022-12-30,FusionPhone X,Smartphones,West India,5,12,30,4,4,5.0,5.823637
2023-02-18,FusionPhone X,Smartphones,West India,2,2,18,5,1,1.0,5.8245993
2023-04-17,FusionPhone X,Smartphones,West India,1,4,17,0,2,1.0,5.856172
2023-10-12,FusionPhone X,Smartphones,West India,3,10,12,3,4,1.0,6.1133165
2024-02-15,FusionPhone X,Smartphones,West India,2,2,15,3,1,5.0,6.849012
2024-04-08,FusionPhone X,Smartphones,West India,2,4,8,0,2,1.0,6.174432
2024-06-03,FusionPhone X,Smartphones,West India,1,6,3,0,2,4.0,6.150316
2024-07-31,FusionPhone X,Smartphones,West India,1,7,31,2,3,1.0,6.7587314
2024-09-26,FusionPhone X,Smartphones,West India,1,9,26,3,3,1.0,7.5274067
2024-11-14,FusionPhone X,Smartphones,West India,22,11,14,3,4,3.0,7.0414
2021-06-22,FusionTab Mini,Tablets,Central India,1,6,22,1,2,1.0,7.536933
2022-06-27,FusionTab Mini,Tablets,Central India,27,6,27,0,2,1.0,7.1475296
2023-06-06,FusionTab Mini,Tablets,Central India,1,6,6,1,2,25.0,3.7845588
2021-07-20,FusionTab Mini,Tablets,East India,1,7,20,1,3,235.0,7.5229325
2022-02-13,FusionTab Mini,Tablets,East India,22,2,13,6,1,1.0,2.9835632
2022-09-24,FusionTab Mini,Tablets,East India,1,9,24,5,3,1.0,5.423636
2023-06-14,FusionTab Mini,Tablets,East India,1,6,14,2,2,1.0,8.019396
2024-02-24,FusionTab Mini,Tablets,East India,96,2,24,5,1,18.0,7.0884166
2024-09-10,FusionTab Mini,Tablets,East India,1,9,10,1,3,1.0,5.750078
2021-07-23,FusionTab Mini,Tablets,North India,1,7,23,4,3,2.0,8.254095
2021-10-23,FusionTab Mini,Tablets,North India,33,10,23,5,4,40.0,6.5633054
2022-01-18,FusionTab Mini,Tablets,North India,2,1,18,1,1,85.0,8.449867
2022-05-18,FusionTab Mini,Tablets,North India,18,5,18,2,2,79.0,9.09485
2022-08-02,FusionTab Mini,Tablets,North India,96,8,2,1,3,1.0,6.863718
2022-11-08,FusionTab Mini,Tablets,North India,1,11,8,1,4,2.0,6.2085485
2023-06-13,FusionTab Mini,Tablets,North India,1,6,13,1,2,1.0,7.6620865
2023-08-06,FusionTab Mini,Tablets,North India,14,8,6,6,3,1.0,5.4020305
2024-01-25,FusionTab Mini,Tablets,North India,1,1,25,3,1,1.0,6.8723946
2024-05-24,FusionTab Mini,Tablets,North India,48,5,24,4,2,93.0,6.664412
2024-07-27,FusionTab Mini,Tablets,North India,1,7,27,5,3,24.0,8.211729
2021-05-15,FusionTab Mini,Tablets,South India,151,5,15,5,2,64.0,7.7276917
2021-07-11,FusionTab Mini,Tablets,South India,65,7,11,6,3,4.0,6.0681105
2021-09-15,FusionTab Mini,Tablets,South India,1,9,15,2,3,148.0,5.4298563
2021-11-09,FusionTab Mini,Tablets,South India,75,11,9,1,4,1.0,9.481086
2022-03-26,FusionTab Mini,Tablets,South India,1,3,26,5,1,75.0,5.8777623
2022-06-19,FusionTab Mini,Tablets,South India,2,6,19,6,2,52.0,7.1550703
2022-08-19,FusionTab Mini,Tablets,South India,1,8,19,4,3,11.0,9.692234
2022-10-23,FusionTab Mini,Tablets,South India,3,10,23,6,4,60.0,4.7374187
2023-04-02,FusionTab Mini,Tablets,South India,53,4,2,6,2,1.0,6.6534038
2023-06-20,FusionTab Mini,Tablets,South India,26,6,20,1,2,1.0,6.9797335
2023-12-13,FusionTab Mini,Tablets,South India,1,12,13,2,4,50.0,7.119212
2024-02-06,FusionTab Mini,Tablets,South India,93,2,6,1,1,29.0,5.470119
2024-06-19,FusionTab Mini,Tablets,South India,4,6,19,2,2,112.0,6.830079
2021-09-12,FusionTab Mini,Tablets,West India,203,9,12,6,3,68.0,5.8945575
2022-05-24,FusionTab Mini,Tablets,West India,44,5,24,1,2,76.0,6.585305
2023-01-23,FusionTab Mini,Tablets,West India,1,1,23,0,1,118.0,6.966126
2023-04-22,FusionTab Mini,Tablets,West India,68,4,22,5,2,57.0,5.9287167
2023-09-30,FusionTab Mini,Tablets,West India,83,9,30,5,3,50.0,6.803805
2023-11-19,FusionTab Mini,Tablets,West India,1,11,19,6,4,15.0,6.3447814
2024-03-06,FusionTab Mini,Tablets,West India,1,3,6,2,1,115.0,6.2920165
2024-06-05,FusionTab Mini,Tablets,West India,1,6,5,2,2,1.0,6.096299
2024-10-20,FusionTab Mini,Tablets,West India,76,10,20,6,4,1.0,6.5440784
2022-03-10,FusionTab Pro,Tablets,Central India,1,3,10,3,1,1.0,12.299758
2024-08-07,FusionTab Pro,Tablets,East India,1,8,7,2,3,1.0,5.9261518
2024-03-02,FusionTab Pro,Tablets,North India,1,3,2,5,1,1.0,8.654126
2024-05-27,FusionTab Pro,Tablets,North India,120,5,27,0,2,92.0,8.95704
2024-10-30,FusionTab Pro,Tablets,North India,1,10,30,2,4,2.0,6.0272703
2021-11-29,FusionTab Pro,Tablets,South India,1,11,29,0,4,118.0,6.5660133
2022-11-12,FusionTab Pro,Tablets,South India,45,11,12,5,4,56.0,8.378681
2023-01-08,FusionTab Pro,Tablets,South India,1,1,8,6,1,36.0,8.298654
2024-02-01,FusionTab Pro,Tablets,South India,1,2,1,3,1,1.0,9.337457
2024-05-27,FusionTab Pro,Tablets,South India,78,5,27,0,2,1.0,15.039879
2024-10-21,FusionTab Pro,Tablets,South India,2,10,21,0,4,71.0,8.104892
2021-11-28,FusionTab Pro,Tablets,West India,29,11,28,6,4,53.0,8.678027
2022-06-22,FusionTab Pro,Tablets,West India,7,6,22,2,2,1.0,10.835355
2022-09-08,FusionTab Pro,Tablets,West India,10,9,8,3,3,1.0,9.142218
2022-12-11,FusionTab Pro,Tablets,West India,10,12,11,6,4,2.0,14.443619
2023-07-04,FusionTab Pro,Tablets,West India,30,7,4,1,3,1.0,22.688038
2023-10-18,FusionTab Pro,Tablets,West India,25,10,18,2,4,1.0,8.727744
2024-05-18,FusionTab Pro,Tablets,West India,28,5,18,5,2,1.0,32.992413
2024-12-18,FusionTab Pro,Tablets,West India,19,12,18,2,4,1.0,21.008524
2024-10-14,FusionView 24,Monitors,Central India,189,10,14,0,4,44.0,21.360514
2022-12-07,FusionView 24,Monitors,East India,42,12,7,2,4,11.0,17.933886
2021-07-24,FusionView 24,Monitors,North India,38,7,24,5,3,25.0,10.588826
2022-02-08,FusionView 24,Monitors,North India,1,2,8,1,1,181.0,20.119608
2023-10-04,FusionView 24,Monitors,North India,166,10,4,2,4,10.0,9.697114
2024-07-31,FusionView 24,Monitors,North India,155,7,31,2,3,46.0,16.52192
2022-08-05,FusionView 24,Monitors,South India,1,8,5,4,3,33.0,22.66888
2023-02-12,FusionView 24,Monitors,South India,58,2,12,6,1,30.0,11.009829
2023-12-09,FusionView 24,Monitors,South India,1,12,9,5,4,8.0,28.53698
2024-10-11,FusionView 24,Monitors,South India,1,10,11,4,4,1.0,18.038887
2021-11-23,FusionView 24,Monitors,West India,13,11,23,1,4,22.0,18.083654
2022-07-06,FusionView 24,Monitors,West India,31,7,6,2,3,1.0,9.385639
2024-12-15,FusionView 24,Monitors,West India,30,12,15,6,4,11.0,20.801847
2023-03-02,FusionView 27,Monitors,Central India,39,3,2,3,1,29.0,9.156899
2021-09-11,FusionView 27,Monitors,East India,187,9,11,5,3,1.0,3.7093048
2023-11-11,FusionView 27,Monitors,East India,152,11,11,5,4,2.0,9.686195
2021-11-05,FusionView 27,Monitors,North India,1,11,5,4,4,42.0,10.402416
2023-11-13,FusionView 27,Monitors,North India,14,11,13,0,4,20.0,7.8566236
2022-08-24,FusionView 27,Monitors,South India,67,8,24,2,3,1.0,7.0199866
2023-01-04,FusionView 27,Monitors,South India,28,1,4,2,1,46.0,9.328869
2023-07-10,FusionView 27,Monitors,South India,59,7,10,0,3,1.0,8.469387
2023-11-13,FusionView 27,Monitors,South India,68,11,13,0,4,147.0,7.5678153
2024-03-23,FusionView 27,Monitors,South India,5,3,23,5,1,1.0,7.42813
2024-10-02,FusionView 27,Monitors,South India,25,10,2,2,4,1.0,8.831464
2021-07-06,FusionView 27,Monitors,West India,6,7,6,1,3,20.0,6.520372
2021-11-05,FusionView 27,Monitors,West India,1,11,5,4,4,73.0,7.4120436
2022-07-06,FusionView 27,Monitors,West India,1,7,6,2,3,37.0,8.347437
2023-01-06,FusionView 27,Monitors,West India,7,1,6,4,1,49.0,-3.5674362
2022-07-27,FusionView 32,Monitors,East India,1,7,27,2,3,1.0,7.3830037
2023-08-15,FusionView 32,Monitors,East India,33,8,15,1,3,1.0,6.4261746
2022-06-12,FusionView 32,Monitors,North India,34,6,12,6,2,13.0,10.816388
2022-02-06,FusionView 32,Monitors,South India,61,2,6,6,1,21.0,-7.1778584
2022-06-17,FusionView 32,Monitors,South India,15,6,17,4,2,43.0,5.862703
2022-10-25,FusionView 32,Monitors,South India,32,10,25,1,4,28.0,4.730048
2024-10-31,FusionView 32,Monitors,South India,111,10,31,3,4,1.0,8.88045
2023-07-12,FusionView 32,Monitors,West India,38,7,12,2,3,1.0,7.7055793
2024-08-05,FusionView 32,Monitors,West India,38,8,5,0,3,171.0,6.40229
2022-10-18,Fusion Charger,Accessories,East India,1,10,18,1,4,73.0,3.4913552
2023-12-25,Fusion Charger,Accessories,East India,1,12,25,0,4,8.0,-2.1187348
2022-02-19,Fusion Charger,Accessories,North India,1,2,19,5,1,5.0,4.6208096
2023-03-25,Fusion Charger,Accessories,North India,3,3,25,5,1,3.0,3.879976
2023-07-05,Fusion Charger,Accessories,North India,1,7,5,2,3,1.0,7.4422793
2021-06-30,Fusion Charger,Accessories,South India,2,6,30,2,2,5.0,5.0763288
2022-06-13,Fusion Charger,Accessories,South India,3,6,13,0,2,1.0,7.114554
2023-11-29,Fusion Charger,Accessories,South India,3,11,29,2,4,3.0,1.7750983
2024-01-17,Fusion Charger,Accessories,South India,12,1,17,2,1,1.0,6.134724
2021-11-26,Fusion Charger,Accessories,West India,32,11,26,4,4,4.0,21.0382
2022-04-21,Fusion Charger,Accessories,West India,3,4,21,3,2,3.0,8.831594
2022-11-24,Fusion Charger,Accessories,West India,1,11,24,3,4,6.0,17.783657
2023-02-04,Fusion Charger,Accessories,West India,54,2,4,5,1,1.0,7.6233444
2024-10-14,Fusion Charger,Accessories,West India,5,10,14,0,4,4.0,9.033554
2021-02-02,Fusion Earbuds,Accessories,Central India,29,2,2,1,1,26.0,7.390524
2023-02-05,Fusion Earbuds,Accessories,Central India,2,2,5,6,1,1.0,-2.0608082
2023-11-10,Fusion Earbuds,Accessories,Central India,2,11,10,4,4,1.0,3.8908482
2022-03-30,Fusion Earbuds,Accessories,North India,1,3,30,2,1,1.0,3.1452026
2023-04-26,Fusion Earbuds,Accessories,South India,1,4,26,2,2,2.0,4.9706264
2021-07-01,Fusion Earbuds,Accessories,West India,88,7,1,3,3,6.0,5.352436
2022-10-22,Fusion Earbuds,Accessories,West India,2,10,22,5,4,2.0,2.1958075
2022-06-02,Fusion Keyboard,Accessories,East India,1,6,2,3,2,1.0,11.714345
2022-03-01,Fusion Keyboard,Accessories,North India,3,3,1,1,1,1.0,3.9264553
2022-04-28,Fusion Keyboard,Accessories,North India,3,4,28,3,2,1.0,4.716188
2023-06-29,Fusion Keyboard,Accessories,North India,1,6,29,3,2,3.0,5.606574
2024-08-16,Fusion Keyboard,Accessories,North India,1,8,16,4,3,4.0,10.376223
2024-05-09,Fusion Keyboard,Accessories,South India,53,5,9,3,2,2.0,4.459584
2024-08-23,Fusion Keyboard,Accessories,South India,4,8,23,4,3,3.0,3.851089
2022-02-18,Fusion Keyboard,Accessories,West India,2,2,18,4,1,2.0,-2.2830002
2023-01-04,Fusion Keyboard,Accessories,West India,2,1,4,2,1,46.0,4.020946
2022-05-13,Fusion Mouse,Accessories,South India,4,5,13,4,2,2.0,3.1786182
2023-07-12,Fusion Mouse,Accessories,West India,6,7,12,2,3,1.0,8.339842
2024-03-20,Fusion Mouse,Accessories,West India,1,3,20,2,1,3.0,8.831184
2024-10-29,Fusion Mouse,Accessories,West India,33,10,29,1,4,218.0,15.336045
2022-05-29,Fusion Watch Lite,Wearables,South India,1,5,29,6,2,37.0,6.460839
2023-09-03,FusionBook Air,Laptops,Central India,22,9,3,6,3,196.0,3.322619
2023-03-04,FusionBook Air,Laptops,North India,24,3,4,5,1,1.0,13.170561
2021-02-08,FusionBook Air,Laptops,South India,132,2,8,0,1,145.0,11.854128
2021-07-26,FusionBook Air,Laptops,South India,1,7,26,0,3,126.0,2.935351
2023-04-30,FusionBook Air,Laptops,South India,45,4,30,6,2,39.0,0.69944686
2024-04-29,FusionBook Air,Laptops,South India,33,4,29,0,2,1.0,5.4946237
2024-07-14,FusionBook Air,Laptops,South India,57,7,14,6,3,49.0,0.51609814
2024-10-18,FusionBook Air,Laptops,West India,2,10,18,4,4,43.0,8.227282
2021-10-23,FusionBook Pro,Laptops,Central India,64,10,23,5,4,119.0,7.1543717
2021-10-03,FusionBook Pro,Laptops,East India,20,10,3,6,4,12.0,4.350646
2022-05-02,FusionBook Pro,Laptops,East India,1,5,2,0,2,154.0,4.729759
2024-09-22,FusionBook Pro,Laptops,West India,101,9,22,6,3,185.0,4.7664776
2022-09-20,FusionBook Ultra,Laptops,North India,1,9,20,1,3,1.0,0.108787395
2024-03-19,FusionBook Ultra,Laptops,North India,49,3,19,1,1,14.0,4.5988097
2023-12-26,FusionBook Ultra,Laptops,South India,1,12,26,1,4,15.0,5.971483
2024-09-06,FusionBook Ultra,Laptops,South India,77,9,6,4,3,1.0,34.45885
2023-08-26,FusionBook Ultra,Laptops,West India,1,8,26,5,3,31.0,5.0619564
2021-09-21,FusionPhone Lite,Smartphones,Central India,20,9,21,1,3,1.0,4.7682834
2024-09-03,FusionPhone Lite,Smartphones,North India,1,9,3,1,3,101.0,10.3050375
2024-11-28,FusionPhone Lite,Smartphones,South India,1,11,28,3,4,1.0,3.4333575
2023-05-13,FusionPhone Lite,Smartphones,West India,3,5,13,5,2,1.0,2.6223826
2022-12-13,FusionPhone Ultra,Smartphones,East India,2,12,13,1,4,59.0,33.24436
2023-12-17,FusionPhone Ultra,Smartphones,South India,1,12,17,6,4,4.0,5.9857674
2021-12-29,FusionPhone X,Smartphones,East India,1,12,29,2,4,2.0,5.4240165
2021-12-07,FusionPhone X,Smartphones,North India,3,12,7,1,4,4.0,5.8557014
2023-08-04,FusionPhone X,Smartphones,South India,1,8,4,4,3,5.0,5.0156627
2021-10-08,FusionPhone X,Smartphones,West India,2,10,8,4,4,5.0,5.4206553
2023-04-18,FusionPhone X,Smartphones,West India,1,4,18,1,2,1.0,-3.6577408
2023-02-22,FusionTab Mini,Tablets,North India,29,2,22,2,1,1.0,4.041239
2023-10-01,FusionTab Mini,Tablets,West India,78,10,1,6,4,83.0,4.704355
2023-06-28,FusionTab Pro,Tablets,South India,1,6,28,2,2,1.0,3.0559533
2022-09-10,FusionTab Pro,Tablets,West India,5,9,10,5,3,10.0,4.751772
2023-04-24,FusionTab Pro,Tablets,West India,1,4,24,0,2,1.0,3.5774186
2021-08-02,FusionView 24,Monitors,North India,1,8,2,0,3,38.0,12.382121
2023-12-28,FusionView 24,Monitors,South India,36,12,28,3,4,1.0,12.741281
2024-07-12,FusionView 32,Monitors,South India,24,7,12,4,3,45.0,2.514603
2024-08-14,Fusion Case,Accessories,West India,1,8,14,2,3,2.0,4.428735
2022-08-15,Fusion Charger,Accessories,Central India,1,8,15,0,3,1.0,5.44063
2023-01-05,Fusion Charger,Accessories,Central India,1,1,5,3,1,1.0,15.066311
2021-04-15,Fusion Charger,Accessories,East India,1,4,15,3,2,1.0,6.0850887
2022-04-15,Fusion Charger,Accessories,East India,1,4,15,4,2,1.0,7.339549
2022-06-06,Fusion Charger,Accessories,East India,2,6,6,0,2,1.0,4.70726
2024-04-05,Fusion Charger,Accessories,East India,3,4,5,4,2,1.0,5.9367957
2024-10-05,Fusion Charger,Accessories,East India,1,10,5,5,4,1.0,1.1252561
2021-02-28,Fusion Charger,Accessories,North India,8,2,28,6,1,3.0,5.8724008
2021-10-31,Fusion Charger,Accessories,North India,86,10,31,6,4,10.0,9.912103
2022-04-24,Fusion Charger,Accessories,North India,2,4,24,6,2,3.0,4.084675
2023-09-27,Fusion Charger,Accessories,North India,1,9,27,2,3,5.0,3.4638026
2024-11-24,Fusion Charger,Accessories,North India,2,11,24,6,4,2.0,2.0280778
2022-11-08,Fusion Charger,Accessories,South India,2,11,8,1,4,126.0,6.8069863
2024-04-30,Fusion Charger,Accessories,South India,14,4,30,1,2,2.0,11.423726
2021-02-07,Fusion Charger,Accessories,West India,3,2,7,6,1,2.0,15.171552
2022-04-22,Fusion Charger,Accessories,West India,1,4,22,4,2,3.0,7.082997
2022-07-06,Fusion Charger,Accessories,West India,2,7,6,2,3,1.0,18.922775
2023-02-05,Fusion Charger,Accessories,West India,7,2,5,6,1,54.0,10.94729
2023-10-09,Fusion Charger,Accessories,West India,2,10,9,0,4,1.0,9.422781
2024-05-15,Fusion Charger,Accessories,West India,1,5,15,2,2,1.0,13.777038
2024-04-12,Fusion Earbuds,Accessories,Central India,1,4,12,4,2,1.0,4.7096677
2021-06-21,Fusion Earbuds,Accessories,East India,1,6,21,0,2,1.0,10.627742
2022-01-17,Fusion Earbuds,Accessories,East India,2,1,17,0,1,41.0,6.344449
2022-09-17,Fusion Earbuds,Accessories,East India,1,9,17,5,3,1.0,11.37277
2024-10-27,Fusion Earbuds,Accessories,East India,2,10,27,6,4,1.0,-12.694767
2021-07-01,Fusion Earbuds,Accessories,North India,1,7,1,3,3,6.0,6.8907866
2021-11-01,Fusion Earbuds,Accessories,North India,7,11,1,0,4,14.0,6.3313217
2022-05-16,Fusion Earbuds,Accessories,North India,1,5,16,0,2,2.0,1.3156499
2023-07-09,Fusion Earbuds,Accessories,North India,1,7,9,6,3,2.0,21.968176
2023-10-18,Fusion Earbuds,Accessories,North India,5,10,18,2,4,4.0,16.044456
2023-11-20,Fusion Earbuds,Accessories,North India,1,11,20,0,4,1.0,33.17893
2024-02-24,Fusion Earbuds,Accessories,North India,2,2,24,5,1,2.0,15.335974
2021-11-12,Fusion Earbuds,Accessories,South India,2,11,12,4,4,4.0,9.529553
2022-03-04,Fusion Earbuds,Accessories,South India,2,3,4,4,1,2.0,9.781694
2023-04-27,Fusion Earbuds,Accessories,South India,1,4,27,3,2,1.0,9.311604
2022-01-14,Fusion Earbuds,Accessories,West India,24,1,14,4,1,1.0,12.370451
2022-05-01,Fusion Earbuds,Accessories,West India,11,5,1,6,2,7.0,5.400101
2024-10-29,Fusion Earbuds,Accessories,West India,11,10,29,1,4,4.0,6.811897
2023-03-06,Fusion Keyboard,Accessories,Central India,1,3,6,0,1,2.0,8.739946
2021-09-11,Fusion Keyboard,Accessories,East India,3,9,11,5,3,4.0,10.671717
2023-10-04,Fusion Keyboard,Accessories,East India,1,10,4,2,4,2.0,10.727023
2023-08-29,Fusion Keyboard,Accessories,North India,1,8,29,1,3,3.0,13.325816
2024-10-03,Fusion Keyboard,Accessories,North India,1,10,3,3,4,1.0,7.286386
2022-05-08,Fusion Mouse,Accessories,East India,1,5,8,6,2,1.0,5.477392
2023-07-10,Fusion Mouse,Accessories,North India,4,7,10,0,3,3.0,5.051764
2023-12-30,Fusion Mouse,Accessories,North India,4,12,30,5,4,1.0,6.469608
2022-06-21,Fusion Mouse,Accessories,South India,2,6,21,1,2,3.0,5.6323977
2023-03-30,Fusion Mouse,Accessories,South India,1,3,30,3,1,1.0,5.848891
2024-05-21,Fusion Mouse,Accessories,South India,4,5,21,1,2,1.0,6.7161884
2021-09-22,Fusion Mouse,Accessories,West India,1,9,22,2,3,2.0,6.2986474
2022-04-05,Fusion Mouse,Accessories,West India,3,4,5,1,2,1.0,13.180702
2022-06-28,Fusion Mouse,Accessories,West India,1,6,28,1,2,1.0,6.364821
2023-11-09,Fusion Mouse,Accessories,West India,7,11,9,3,4,16.0,7.8630104
2024-10-30,Fusion Mouse,Accessories,West India,14,10,30,2,4,33.0,16.80913
2022-04-25,Fusion Watch Lite,Wearables,East India,1,4,25,0,2,1.0,10.218565
2022-08-14,Fusion Watch Lite,Wearables,North India,1,8,14,6,3,1.0,-0.3337338
2024-06-28,Fusion Watch Lite,Wearables,North India,1,6,28,4,2,1.0,7.7154474
2022-05-30,Fusion Watch Lite,Wearables,South India,1,5,30,0,2,1.0,12.948377
2022-08-21,Fusion Watch Lite,Wearables,West India,1,8,21,6,3,1.0,11.557504
2022-07-23,Fusion Watch Pro,Wearables,North India,1,7,23,5,3,1.0,8.813359
2023-04-23,Fusion Watch Pro,Wearables,South India,1,4,23,6,2,17.0,9.781453
2024-04-09,Fusion Watch Pro,Wearables,South India,1,4,9,1,2,14.0,6.947544
2024-07-07,FusionBook Air,Laptops,Central India,1,7,7,6,3,63.0,6.5970783
2022-12-04,FusionBook Air,Laptops,East India,166,12,4,6,4,50.0,7.5819335
2024-06-26,FusionBook Air,Laptops,East India,2,6,26,2,2,10.0,9.353669
2021-10-13,FusionBook Air,Laptops,North India,20,10,13,2,4,25.0,7.2334666
2021-05-26,FusionBook Air,Laptops,South India,46,5,26,2,2,36.0,10.180089
2021-07-28,FusionBook Air,Laptops,South India,2,7,28,2,3,1.0,15.297483
2023-03-03,FusionBook Air,Laptops,South India,16,3,3,4,1,49.0,13.971131
2022-01-23,FusionBook Air,Laptops,West India,69,1,23,6,1,189.0,5.66532
2022-03-15,FusionBook Air,Laptops,West India,49,3,15,1,1,7.0,9.0254135
2024-12-05,FusionBook Air,Laptops,West India,76,12,5,3,4,1.0,9.237246
2021-10-24,FusionBook Pro,Laptops,Central India,139,10,24,6,4,64.0,9.561266
2022-05-01,FusionBook Pro,Laptops,North India,3,5,1,6,2,1.0,10.945312
2024-11-17,FusionBook Pro,Laptops,West India,17,11,17,6,4,203.0,5.81045
2024-08-18,FusionBook Ultra,Laptops,East India,124,8,18,6,3,155.0,9.017186
2022-04-25,FusionBook Ultra,Laptops,North India,97,4,25,0,2,1.0,5.248547
2022-11-10,FusionBook Ultra,Laptops,North India,1,11,10,3,4,18.0,4.547805
2022-06-01,FusionBook Ultra,Laptops,South India,32,6,1,2,2,29.0,5.776435
2022-10-28,FusionBook Ultra,Laptops,West India,1,10,28,4,4,114.0,7.242
2024-09-25,FusionPhone Lite,Smartphones,Central India,1,9,25,2,3,1.0,7.215516
2022-01-15,FusionPhone Lite,Smartphones,East India,2,1,15,5,1,1.0,8.677306
2024-06-27,FusionPhone Lite,Smartphones,East India,2,6,27,3,2,2.0,12.199757
2021-02-14,FusionPhone Lite,Smartphones,North India,26,2,14,6,1,2.0,9.648794
2022-12-19,FusionPhone Lite,Smartphones,North India,36,12,19,0,4,3.0,11.285869
2024-03-08,FusionPhone Lite,Smartphones,North India,2,3,8,4,1,1.0,15.738949
2024-09-04,FusionPhone Lite,Smartphones,North India,2,9,4,2,3,1.0,12.84998
2021-10-15,FusionPhone Lite,Smartphones,South India,3,10,15,4,4,4.0,13.224977
2024-07-24,FusionPhone Lite,Smartphones,South India,4,7,24,2,3,4.0,-3.6133435
2024-11-29,FusionPhone Lite,Smartphones,South India,28,11,29,4,4,1.0,7.3582244
2021-12-28,FusionPhone Lite,Smartphones,West India,2,12,28,1,4,5.0,7.2590837
2022-05-01,FusionPhone Lite,Smartphones,West India,29,5,1,6,2,1.0,6.3655624
2022-12-16,FusionPhone Ultra,Smartphones,East India,3,12,16,4,4,2.0,24.137877
2023-10-04,FusionPhone Ultra,Smartphones,North India,4,10,4,2,4,2.0,10.784752
2024-04-05,FusionPhone Ultra,Smartphones,North India,1,4,5,4,2,4.0,12.504866
2023-02-03,FusionPhone Ultra,Smartphones,South India,1,2,3,4,1,2.0,-2.7024262
2024-01-29,FusionPhone Ultra,Smartphones,South India,3,1,29,0,1,2.0,11.338698
2024-07-10,FusionPhone Ultra,Smartphones,South India,3,7,10,2,3,4.0,8.257353
2024-08-30,FusionPhone Ultra,Smartphones,South India,1,8,30,4,3,2.0,8.123709
2023-05-08,FusionPhone Ultra,Smartphones,West India,2,5,8,0,2,4.0,6.7755504
2023-08-23,FusionPhone Ultra,Smartphones,West India,1,8,23,2,3,1.0,10.378089
2024-11-29,FusionPhone Ultra,Smartphones,West India,1,11,29,4,4,1.0,10.38965
2024-09-02,FusionPhone X,Smartphones,East India,1,9,2,0,3,1.0,7.256556
2022-01-28,FusionPhone X,Smartphones,South India,34,1,28,4,1,1.0,13.677874
2022-10-03,FusionPhone X,Smartphones,South India,176,10,3,0,4,8.0,7.1469145
2024-08-19,FusionPhone X,Smartphones,South India,1,8,19,0,3,2.0,10.916236
2021-10-09,FusionPhone X,Smartphones,West India,3,10,9,5,4,2.0,6.1269445
2022-11-04,FusionPhone X,Smartphones,West India,4,11,4,4,4,1.0,6.7934747
2024-02-27,FusionTab Mini,Tablets,East India,80,2,27,1,1,96.0,0.4393918
2021-11-10,FusionTab Mini,Tablets,West India,21,11,10,2,4,22.0,5.260241
2022-07-11,FusionTab Pro,Tablets,East India,1,7,11,0,3,1.0,4.3544073
2024-02-26,FusionTab Pro,Tablets,East India,1,2,26,0,1,28.0,3.1717625
2022-03-19,FusionTab Pro,Tablets,West India,1,3,19,5,1,1.0,2.9204457
2024-05-20,FusionTab Pro,Tablets,West India,1,5,20,0,2,28.0,6.5608087
2024-12-24,FusionTab Pro,Tablets,West India,51,12,24,1,4,19.0,15.255244
2022-12-18,FusionView 24,Monitors,East India,36,12,18,6,4,42.0,15.378569
2021-08-04,FusionView 24,Monitors,North India,50,8,4,2,3,1.0,7.5320897
2023-02-14,FusionView 24,Monitors,South India,50,2,14,1,1,58.0,18.951551
2022-10-20,FusionView 27,Monitors,East India,10,10,20,3,4,20.0,13.387192
2021-11-06,FusionView 27,Monitors,North India,196,11,6,5,4,1.0,8.144395
2022-07-10,FusionView 27,Monitors,West India,1,7,10,6,3,1.0,7.3286843
2022-06-25,FusionView 32,Monitors,North India,27,6,25,5,2,34.0,3.9640021
2024-03-08,FusionView 32,Monitors,South India,69,3,8,4,1,26.0,8.178436
2023-11-04,Fusion Case,Accessories,West India,3,11,4,5,4,1.0,6.574569
2024-02-01,Fusion Case,Accessories,West India,1,2,1,3,1,2.0,9.527178
2024-11-02,Fusion Case,Accessories,West India,10,11,2,5,4,54.0,5.661567
2024-12-16,Fusion Case,Accessories,West India,1,12,16,0,4,1.0,6.956185
2021-03-23,Fusion Charger,Accessories,Central India,1,3,23,1,1,2.0,8.859038
2021-06-13,Fusion Charger,Accessories,Central India,3,6,13,6,2,1.0,8.789578
2021-01-11,Fusion Charger,Accessories,East India,18,1,11,0,1,20.0,10.87857
2022-06-09,Fusion Charger,Accessories,East India,2,6,9,3,2,2.0,8.495013
2022-10-19,Fusion Charger,Accessories,East India,1,10,19,2,4,1.0,4.8759604
2022-12-13,Fusion Charger,Accessories,East India,1,12,13,1,4,2.0,6.5981345
2023-06-04,Fusion Charger,Accessories,East India,1,6,4,6,2,26.0,6.622276
2024-04-07,Fusion Charger,Accessories,East India,1,4,7,6,2,3.0,5.5926466
2024-12-09,Fusion Charger,Accessories,East India,1,12,9,0,4,2.0,10.844735
2021-01-30,Fusion Charger,Accessories,North India,141,1,30,5,1,42.0,10.850898
2021-04-04,Fusion Charger,Accessories,North India,4,4,4,6,2,3.0,5.324828
2021-05-28,Fusion Charger,Accessories,North India,1,5,28,4,2,2.0,7.1536098
2021-12-06,Fusion Charger,Accessories,North India,1,12,6,0,4,4.0,6.5454173
2022-02-20,Fusion Charger,Accessories,North India,1,2,20,6,1,1.0,7.851845
2022-04-25,Fusion Charger,Accessories,North India,1,4,25,0,2,2.0,7.8757787
2022-06-09,Fusion Charger,Accessories,North India,115,6,9,3,2,2.0,6.1795607
2023-02-03,Fusion Charger,Accessories,North India,3,2,3,4,1,2.0,8.968307
2023-05-13,Fusion Charger,Accessories,North India,1,5,13,5,2,2.0,5.510667
2023-09-28,Fusion Charger,Accessories,North India,1,9,28,3,3,1.0,9.582382
2024-06-19,Fusion Charger,Accessories,North India,1,6,19,2,2,1.0,6.1129913
2021-04-12,Fusion Charger,Accessories,South India,3,4,12,0,2,51.0,6.4921775
2021-09-15,Fusion Charger,Accessories,South India,1,9,15,2,3,5.0,11.613812
2022-09-28,Fusion Charger,Accessories,South India,2,9,28,2,3,5.0,7.5121765
2023-01-29,Fusion Charger,Accessories,South India,4,1,29,6,1,4.0,14.16648
2023-03-17,Fusion Charger,Accessories,South India,1,3,17,4,1,3.0,8.082816
2023-05-07,Fusion Charger,Accessories,South India,1,5,7,6,2,1.0,14.639719
2023-07-04,Fusion Charger,Accessories,South India,1,7,4,1,3,1.0,11.158673
2023-09-01,Fusion Charger,Accessories,South India,3,9,1,4,3,28.0,8.26694
2024-05-01,Fusion Charger,Accessories,South India,2,5,1,2,2,14.0,17.529968
2024-06-27,Fusion Charger,Accessories,South India,1,6,27,3,2,3.0,18.407877
2024-08-14,Fusion Charger,Accessories,South India,2,8,14,2,3,3.0,16.91398
2024-09-30,Fusion Charger,Accessories,South India,5,9,30,0,3,2.0,9.322527
2024-12-28,Fusion Charger,Accessories,South India,5,12,28,5,4,2.0,9.883545
2021-02-08,Fusion Charger,Accessories,West India,3,2,8,0,1,3.0,20.04237
2021-05-10,Fusion Charger,Accessories,West India,40,5,10,0,2,2.0,20.064478
2021-07-08,Fusion Charger,Accessories,West India,2,7,8,3,3,4.0,10.335051
2021-09-25,Fusion Charger,Accessories,West India,28,9,25,5,3,3.0,20.19375
2022-04-23,Fusion Charger,Accessories,West India,4,4,23,5,2,1.0,20.37248
2022-07-07,Fusion Charger,Accessories,West India,1,7,7,3,3,2.0,27.800863
2022-09-28,Fusion Charger,Accessories,West India,3,9,28,2,3,3.0,51.596817
2022-11-25,Fusion Charger,Accessories,West India,1,11,25,4,4,1.0,13.627237
2023-02-08,Fusion Charger,Accessories,West India,1,2,8,2,1,7.0,9.400624
2023-04-28,Fusion Charger,Accessories,West India,4,4,28,4,2,2.0,18.836391
2024-01-23,Fusion Charger,Accessories,West India,4,1,23,1,1,9.0,19.294165
2024-07-02,Fusion Charger,Accessories,West India,26,7,2,1,3,2.0,16.559721
2024-08-21,Fusion Charger,Accessories,West India,2,8,21,2,3,3.0,15.647381
2024-11-29,Fusion Charger,Accessories,West India,1,11,29,4,4,1.0,18.137445
2021-02-03,Fusion Earbuds,Accessories,Central India,2,2,3,2,1,29.0,18.347033
2021-08-04,Fusion Earbuds,Accessories,Central India,1,8,4,2,3,1.0,7.364903
2024-04-17,Fusion Earbuds,Accessories,Central India,43,4,17,2,2,1.0,11.495091
2021-01-20,Fusion Earbuds,Accessories,East India,1,1,20,2,1,4.0,9.36687
2022-01-18,Fusion Earbuds,Accessories,East India,1,1,18,1,1,2.0,8.051233
2022-05-24,Fusion Earbuds,Accessories,East India,4,5,24,1,2,37.0,24.437504
2022-09-18,Fusion Earbuds,Accessories,East India,1,9,18,6,3,1.0,13.178647
2023-03-07,Fusion Earbuds,Accessories,East India,1,3,7,1,1,28.0,6.724284
2021-03-11,Fusion Earbuds,Accessories,North India,2,3,11,3,1,57.0,10.997704
2021-07-02,Fusion Earbuds,Accessories,North India,1,7,2,4,3,1.0,11.385445
2022-06-26,Fusion Earbuds,Accessories,North India,1,6,26,6,2,2.0,7.81394
2022-08-13,Fusion Earbuds,Accessories,North India,2,8,13,5,3,2.0,6.2564826
2023-10-20,Fusion Earbuds,Accessories,North India,1,10,20,4,4,5.0,13.28763
2023-11-21,Fusion Earbuds,Accessories,North India,15,11,21,1,4,1.0,14.697087
2024-03-26,Fusion Earbuds,Accessories,North India,1,3,26,1,1,1.0,19.169964
2024-06-10,Fusion Earbuds,Accessories,North India,51,6,10,0,2,1.0,44.190636
2021-02-06,Fusion Earbuds,Accessories,South India,33,2,6,5,1,4.0,18.094294
2021-05-26,Fusion Earbuds,Accessories,South India,31,5,26,2,2,5.0,9.282816
2021-09-25,Fusion Earbuds,Accessories,South India,79,9,25,5,3,3.0,8.036464
2021-11-13,Fusion Earbuds,Accessories,South India,38,11,13,5,4,2.0,8.036464
2022-03-05,Fusion Earbuds,Accessories,South India,44,3,5,5,1,2.0,10.465244
2022-06-01,Fusion Earbuds,Accessories,South India,2,6,1,2,2,20.0,7.1441445
2023-04-29,Fusion Earbuds,Accessories,South India,1,4,29,5,2,1.0,7.9754987
2024-02-02,Fusion Earbuds,Accessories,South India,2,2,2,4,1,3.0,1.4022892
2024-04-22,Fusion Earbuds,Accessories,South India,1,4,22,0,2,1.0,9.283447
2021-09-20,Fusion Earbuds,Accessories,West India,2,9,20,0,3,3.0,9.83826
2022-01-15,Fusion Earbuds,Accessories,West India,2,1,15,5,1,24.0,16.901241
2022-06-18,Fusion Earbuds,Accessories,West India,12,6,18,5,2,1.0,7.5889034
2022-07-28,Fusion Earbuds,Accessories,West India,1,7,28,3,3,1.0,-5.638016
2024-07-07,Fusion Earbuds,Accessories,West India,2,7,7,6,3,2.0,6.531564
2021-08-19,Fusion Keyboard,Accessories,Central India,1,8,19,3,3,1.0,10.074777
2022-05-10,Fusion Keyboard,Accessories,Central India,2,5,10,1,2,2.0,7.5648794
2023-03-08,Fusion Keyboard,Accessories,Central India,2,3,8,2,1,1.0,7.7679105
2024-12-03,Fusion Keyboard,Accessories,Central India,1,12,3,1,4,1.0,8.306038
2021-11-19,Fusion Keyboard,Accessories,East India,1,11,19,4,4,1.0,10.756727
2024-11-18,Fusion Keyboard,Accessories,East India,2,11,18,0,4,2.0,8.434794
2022-03-02,Fusion Keyboard,Accessories,North India,3,3,2,2,1,3.0,6.82898
2022-06-22,Fusion Keyboard,Accessories,North India,15,6,22,2,2,1.0,13.603793
2022-08-04,Fusion Keyboard,Accessories,North India,2,8,4,3,3,1.0,9.949588
2024-05-26,Fusion Keyboard,Accessories,North India,21,5,26,6,2,2.0,12.321132
2021-11-30,Fusion Keyboard,Accessories,South India,63,11,30,1,4,2.0,8.948538
2022-04-03,Fusion Keyboard,Accessories,South India,49,4,3,6,2,2.0,13.654577
2022-08-12,Fusion Keyboard,Accessories,South India,2,8,12,4,3,45.0,8.762141
2022-12-19,Fusion Keyboard,Accessories,South India,1,12,19,0,4,5.0,7.869712
2023-09-02,Fusion Keyboard,Accessories,South India,1,9,2,5,3,1.0,9.4362755
2022-07-01,Fusion Keyboard,Accessories,West India,1,7,1,4,3,2.0,12.637736
2022-10-03,Fusion Keyboard,Accessories,West India,3,10,3,0,4,39.0,12.630497
2023-03-27,Fusion Keyboard,Accessories,West India,1,3,27,0,1,1.0,6.289396
2023-06-12,Fusion Keyboard,Accessories,West India,1,6,12,0,2,3.0,8.395813
2023-08-14,Fusion Keyboard,Accessories,West India,2,8,14,0,3,1.0,1.9809955
2024-08-27,Fusion Keyboard,Accessories,West India,3,8,27,1,3,2.0,9.816156
2024-09-18,Fusion Mouse,Accessories,Central India,1,9,18,2,3,2.0,10.817852
2022-01-23,Fusion Mouse,Accessories,East India,2,1,23,6,1,1.0,8.0251045
2022-05-09,Fusion Mouse,Accessories,East India,2,5,9,0,2,1.0,5.7520967
2023-07-09,Fusion Mouse,Accessories,East India,1,7,9,6,3,1.0,5.644864
2024-05-22,Fusion Mouse,Accessories,East India,1,5,22,2,2,1.0,8.398878
2024-10-06,Fusion Mouse,Accessories,East India,2,10,6,6,4,1.0,6.865542
2024-12-05,Fusion Mouse,Accessories,East India,1,12,5,3,4,2.0,8.063782
2021-05-01,Fusion Mouse,Accessories,North India,13,5,1,5,2,44.0,7.3939667
2021-08-27,Fusion Mouse,Accessories,North India,1,8,27,4,3,1.0,-3.1882732
2022-04-13,Fusion Mouse,Accessories,North India,2,4,13,2,2,77.0,4.9922285
2024-09-13,Fusion Mouse,Accessories,North India,3,9,13,4,3,1.0,10.759656
2021-10-10,Fusion Mouse,Accessories,South India,46,10,10,6,4,3.0,11.299279
2022-03-20,Fusion Mouse,Accessories,South India,3,3,20,6,1,32.0,8.236929
2022-08-07,Fusion Mouse,Accessories,South India,1,8,7,6,3,5.0,7.2733536
2023-07-12,Fusion Mouse,Accessories,South India,3,7,12,2,3,1.0,6.5999413
2024-05-25,Fusion Mouse,Accessories,South India,5,5,25,5,2,4.0,8.063857
2024-12-01,Fusion Mouse,Accessories,South India,2,12,1,6,4,7.0,9.397704
2021-06-15,Fusion Mouse,Accessories,West India,2,6,15,1,2,3.0,7.4935937
2022-06-29,Fusion Mouse,Accessories,West India,2,6,29,2,2,1.0,10.186821
2023-07-13,Fusion Mouse,Accessories,West India,1,7,13,3,3,6.0,14.054907
2023-09-21,Fusion Mouse,Accessories,West India,1,9,21,3,3,1.0,16.765503
2023-11-10,Fusion Mouse,Accessories,West India,4,11,10,4,4,7.0,15.277412
2024-05-13,Fusion Mouse,Accessories,West India,1,5,13,0,2,4.0,16.375996
2024-07-20,Fusion Mouse,Accessories,West India,4,7,20,5,3,1.0,8.713801
2024-10-31,Fusion Mouse,Accessories,West India,6,10,31,3,4,14.0,11.597119
2023-10-22,Fusion Watch Lite,Wearables,East India,1,10,22,6,4,1.0,15.455838
2021-12-26,Fusion Watch Lite,Wearables,North India,1,12,26,6,4,1.0,21.935665
2022-08-24,Fusion Watch Lite,Wearables,North India,2,8,24,2,3,1.0,22.633404
2024-06-30,Fusion Watch Lite,Wearables,North India,1,6,30,6,2,1.0,21.377714
2021-11-12,Fusion Watch Lite,Wearables,South India,65,11,12,4,4,2.0,22.00977
2022-05-31,Fusion Watch Lite,Wearables,South India,93,5,31,1,2,1.0,12.458687
2023-01-16,Fusion Watch Lite,Wearables,South India,1,1,16,0,1,1.0,20.19375
2023-09-03,Fusion Watch Lite,Wearables,South India,1,9,3,6,3,43.0,20.44029
2024-02-14,Fusion Watch Lite,Wearables,South India,1,2,14,2,1,1.0,21.91438
2024-11-22,Fusion Watch Lite,Wearables,South India,2,11,22,4,4,1.0,20.901434
2022-07-29,Fusion Watch Pro,Wearables,North India,42,7,29,4,3,1.0,16.109823
2024-05-28,Fusion Watch Pro,Wearables,North India,1,5,28,1,2,1.0,10.653535
2023-04-24,Fusion Watch Pro,Wearables,South India,1,4,24,0,2,1.0,23.910858
2024-04-10,Fusion Watch Pro,Wearables,South India,2,4,10,2,2,1.0,8.654327
2024-12-03,Fusion Watch Pro,Wearables,South India,1,12,3,1,4,1.0,7.315623
2022-05-25,Fusion Watch Pro,Wearables,West India,1,5,25,2,2,1.0,7.315623
2024-08-09,Fusion Watch Pro,Wearables,West India,2,8,9,4,3,1.0,9.399202
2021-10-05,FusionBook Air,Laptops,Central India,24,10,5,1,4,163.0,11.271695
2022-08-22,FusionBook Air,Laptops,East India,1,8,22,0,3,46.0,5.52609
2022-12-05,FusionBook Air,Laptops,East India,1,12,5,0,4,166.0,7.87987
2023-07-04,FusionBook Air,Laptops,East India,33,7,4,1,3,1.0,7.3578815
2024-10-27,FusionBook Air,Laptops,East India,178,10,27,6,4,166.0,11.121781
2021-06-13,FusionBook Air,Laptops,North India,2,6,13,6,2,4.0,8.103076
2021-12-13,FusionBook Air,Laptops,North India,1,12,13,0,4,1.0,22.164965
2024-02-10,FusionBook Air,Laptops,North India,29,2,10,5,1,1.0,11.470831
2024-07-21,FusionBook Air,Laptops,North India,40,7,21,6,3,2.0,7.00897
2021-02-09,FusionBook Air,Laptops,South India,122,2,9,1,1,132.0,17.585663
2021-11-12,FusionBook Air,Laptops,South India,50,11,12,4,4,19.0,11.039492
2022-03-05,FusionBook Air,Laptops,South India,47,3,5,5,1,79.0,9.680655
2022-08-25,FusionBook Air,Laptops,South India,39,8,25,3,3,33.0,8.040573
2023-06-20,FusionBook Air,Laptops,South India,3,6,20,1,2,1.0,10.340973
2023-09-06,FusionBook Air,Laptops,South India,35,9,6,2,3,43.0,11.756687
2021-10-24,FusionBook Air,Laptops,West India,20,10,24,6,4,1.0,11.897687
2022-01-24,FusionBook Air,Laptops,West India,158,1,24,0,1,69.0,6.846662
2022-11-07,FusionBook Air,Laptops,West India,26,11,7,0,4,30.0,12.23911
2023-02-07,FusionBook Air,Laptops,West India,39,2,7,1,1,41.0,7.831817
2023-03-29,FusionBook Air,Laptops,West India,1,3,29,2,1,1.0,9.220748
2023-08-04,FusionBook Air,Laptops,West India,24,8,4,4,3,130.0,14.713254
2024-04-10,FusionBook Air,Laptops,West India,38,4,10,2,2,1.0,6.3587313
2022-12-07,FusionBook Pro,Laptops,Central India,14,12,7,2,4,1.0,9.290678
2024-09-21,FusionBook Pro,Laptops,Central India,1,9,21,5,3,2.0,7.4059258
2021-11-29,FusionBook Pro,Laptops,East India,69,11,29,0,4,1.0,15.380775
2022-10-14,FusionBook Pro,Laptops,East India,1,10,14,4,4,40.0,9.329514
2024-02-27,FusionBook Pro,Laptops,East India,1,2,27,1,1,1.0,11.727765
2024-03-28,FusionBook Pro,Laptops,East India,1,3,28,3,1,25.0,8.434794
2022-06-26,FusionBook Pro,Laptops,North India,26,6,26,6,2,65.0,8.798599
2023-01-21,FusionBook Pro,Laptops,North India,95,1,21,5,1,47.0,10.292971
2023-09-13,FusionBook Pro,Laptops,North India,1,9,13,2,3,1.0,9.11048
2024-06-04,FusionBook Pro,Laptops,North India,17,6,4,1,2,1.0,12.83152
2024-07-25,FusionBook Pro,Laptops,North India,18,7,25,3,3,80.0,13.410172
2021-11-09,FusionBook Pro,Laptops,South India,313,11,9,1,4,62.0,12.679107
2023-07-09,FusionBook Pro,Laptops,South India,225,7,9,6,3,97.0,7.5327306
2024-08-25,FusionBook Pro,Laptops,South India,2,8,25,6,3,48.0,8.990971
2024-12-29,FusionBook Pro,Laptops,South India,14,12,29,6,4,1.0,2.8233776
2021-07-26,FusionBook Pro,Laptops,West India,37,7,26,0,3,1.0,7.459325
2022-09-03,FusionBook Pro,Laptops,West India,1,9,3,5,3,2.0,8.0794525
2024-09-24,FusionBook Pro,Laptops,West India,1,9,24,1,3,101.0,9.206207
2023-11-19,FusionBook Ultra,Laptops,Central India,29,11,19,6,4,1.0,5.4606166
2022-09-24,FusionBook Ultra,Laptops,North India,1,9,24,5,3,1.0,6.521951
2022-12-10,FusionBook Ultra,Laptops,North India,49,12,10,5,4,2.0,6.0889516
2023-05-12,FusionBook Ultra,Laptops,North India,18,5,12,4,2,1.0,4.7339478
2023-07-13,FusionBook Ultra,Laptops,North India,50,7,13,3,3,29.0,17.77309
2023-12-12,FusionBook Ultra,Laptops,North India,1,12,12,1,4,1.0,6.2798853
2024-12-18,FusionBook Ultra,Laptops,North India,51,12,18,2,4,212.0,6.6922097
2022-09-15,FusionBook Ultra,Laptops,South India,2,9,15,3,3,157.0,15.065531
2022-12-17,FusionBook Ultra,Laptops,South India,20,12,17,5,4,44.0,8.953194
2023-12-27,FusionBook Ultra,Laptops,South India,82,12,27,2,4,1.0,7.574155
2023-01-24,FusionBook Ultra,Laptops,West India,230,1,24,1,1,56.0,1.9773567
2024-05-26,FusionBook Ultra,Laptops,West India,1,5,26,6,2,1.0,6.1276016
2024-09-11,FusionBook Ultra,Laptops,West India,72,9,11,2,3,37.0,11.19764
2021-03-15,FusionPhone Lite,Smartphones,Central India,1,3,15,0,1,3.0,9.114515
2021-10-27,FusionPhone Lite,Smartphones,East India,2,10,27,2,4,1.0,13.058934
2023-01-26,FusionPhone Lite,Smartphones,East India,2,1,26,3,1,1.0,5.963952
2023-10-01,FusionPhone Lite,Smartphones,East India,1,10,1,6,4,1.0,8.171412
2024-06-29,FusionPhone Lite,Smartphones,East India,1,6,29,5,2,2.0,15.252937
2021-10-20,FusionPhone Lite,Smartphones,North India,3,10,20,2,4,4.0,19.084883
2022-03-28,FusionPhone Lite,Smartphones,North India,1,3,28,0,1,2.0,19.883066
2022-08-26,FusionPhone Lite,Smartphones,North India,2,8,26,4,3,1.0,20.926422
2022-12-21,FusionPhone Lite,Smartphones,North India,2,12,21,2,4,36.0,8.231513
2024-05-31,FusionPhone Lite,Smartphones,North India,2,5,31,4,2,1.0,14.254593
2024-11-23,FusionPhone Lite,Smartphones,North India,1,11,23,5,4,4.0,16.150883
2021-05-21,FusionPhone Lite,Smartphones,South India,2,5,21,4,2,71.0,9.43646
2021-07-30,FusionPhone Lite,Smartphones,South India,3,7,30,4,3,2.0,11.540538
2021-10-16,FusionPhone Lite,Smartphones,South India,1,10,16,5,4,3.0,20.846539
2021-12-24,FusionPhone Lite,Smartphones,South India,1,12,24,4,4,1.0,17.097729
2022-03-01,FusionPhone Lite,Smartphones,South India,1,3,1,1,1,9.0,9.7839
2023-01-19,FusionPhone Lite,Smartphones,South India,1,1,19,3,1,3.0,8.268214
2023-05-09,FusionPhone Lite,Smartphones,South India,4,5,9,1,2,2.0,8.288966
2024-07-25,FusionPhone Lite,Smartphones,South India,1,7,25,3,3,4.0,15.727196
2024-09-06,FusionPhone Lite,Smartphones,South India,1,9,6,4,3,2.0,7.810859
2021-07-17,FusionPhone Lite,Smartphones,West India,35,7,17,5,3,3.0,9.456815
2021-12-29,FusionPhone Lite,Smartphones,West India,3,12,29,2,4,2.0,10.760997
2022-10-29,FusionPhone Lite,Smartphones,West India,5,10,29,5,4,1.0,4.4398932
2024-05-13,FusionPhone Lite,Smartphones,West India,2,5,13,0,2,1.0,18.044083
2024-10-23,FusionPhone Lite,Smartphones,West India,4,10,23,2,4,216.0,16.721094
2022-11-15,FusionPhone Ultra,Smartphones,Central India,1,11,15,1,4,1.0,22.603989
2023-08-04,FusionPhone Ultra,Smartphones,Central India,2,8,4,4,3,1.0,25.542461
2023-11-23,FusionPhone Ultra,Smartphones,Central India,1,11,23,3,4,2.0,18.585388
2022-10-09,FusionPhone Ultra,Smartphones,East India,1,10,9,6,4,3.0,18.464315
2023-09-19,FusionPhone Ultra,Smartphones,East India,1,9,19,1,3,2.0,7.976979
2023-03-12,FusionPhone Ultra,Smartphones,North India,1,3,12,6,1,2.0,7.74171
2023-10-05,FusionPhone Ultra,Smartphones,North India,2,10,5,3,4,4.0,11.235091
2024-02-10,FusionPhone Ultra,Smartphones,North India,137,2,10,5,1,2.0,-6.6215973
2023-12-18,FusionPhone Ultra,Smartphones,South India,2,12,18,0,4,1.0,7.514225
2023-03-23,FusionPhone Ultra,Smartphones,West India,1,3,23,3,1,21.0,9.962972
2024-03-06,FusionPhone Ultra,Smartphones,West India,3,3,6,2,1,1.0,10.605619
2023-06-08,FusionPhone X,Smartphones,Central India,1,6,8,3,2,1.0,8.430525
2021-09-08,FusionPhone X,Smartphones,East India,1,9,8,2,3,1.0,6.9561276
2022-11-14,FusionPhone X,Smartphones,East India,2,11,14,0,4,26.0,19.711283
2024-01-21,FusionPhone X,Smartphones,East India,1,1,21,6,1,1.0,9.201955
2024-09-03,FusionPhone X,Smartphones,East India,1,9,3,1,3,1.0,13.017232
2022-06-03,FusionPhone X,Smartphones,North India,1,6,3,4,2,52.0,8.4839115
2022-10-02,FusionPhone X,Smartphones,North India,2,10,2,6,4,3.0,11.90187
2022-12-25,FusionPhone X,Smartphones,North India,2,12,25,6,4,1.0,8.119258
2023-03-31,FusionPhone X,Smartphones,North India,3,3,31,4,1,1.0,8.081962
2023-07-23,FusionPhone X,Smartphones,North India,3,7,23,6,3,1.0,10.694823
2024-03-20,FusionPhone X,Smartphones,North India,1,3,20,2,1,2.0,7.858174
2021-11-03,FusionPhone X,Smartphones,South India,12,11,3,2,4,86.0,8.236964
2021-12-14,FusionPhone X,Smartphones,South India,6,12,14,1,4,2.0,8.236964
2022-03-12,FusionPhone X,Smartphones,South India,5,3,12,5,1,2.0,9.016209
2022-05-31,FusionPhone X,Smartphones,South India,1,5,31,1,2,2.0,8.719907
2022-07-05,FusionPhone X,Smartphones,South India,4,7,5,1,3,43.0,12.44655
2022-08-23,FusionPhone X,Smartphones,South India,3,8,23,1,3,3.0,10.6997595
2023-06-19,FusionPhone X,Smartphones,South India,2,6,19,0,2,3.0,7.972106
2023-09-23,FusionPhone X,Smartphones,South India,1,9,23,5,3,2.0,10.592942
2024-10-04,FusionPhone X,Smartphones,South India,3,10,4,4,4,2.0,8.233501
2021-10-10,FusionPhone X,Smartphones,West India,2,10,10,6,4,3.0,7.8638835
2022-05-29,FusionPhone X,Smartphones,West India,2,5,29,6,2,1.0,8.657554
2024-02-17,FusionPhone X,Smartphones,West India,2,2,17,5,1,2.0,8.619496
2024-08-01,FusionPhone X,Smartphones,West India,2,8,1,3,3,1.0,8.541771
2024-11-15,FusionPhone X,Smartphones,West India,5,11,15,4,4,22.0,7.3830185
2024-02-12,FusionTab Mini,Tablets,Central India,1,2,12,0,1,1.0,5.193769
2021-09-16,FusionTab Mini,Tablets,South India,1,9,16,3,3,1.0,8.218692
2022-08-26,FusionTab Mini,Tablets,South India,1,8,26,4,3,1.0,9.215943
2022-10-24,FusionTab Mini,Tablets,South India,1,10,24,0,4,3.0,1.0787637
2021-09-13,FusionTab Mini,Tablets,West India,1,9,13,0,3,203.0,5.7520967
2022-07-16,FusionTab Mini,Tablets,West India,25,7,16,5,3,2.0,5.644864
2023-04-23,FusionTab Mini,Tablets,West India,1,4,23,6,2,68.0,5.786256
2022-04-07,FusionTab Pro,Tablets,Central India,48,4,7,3,2,1.0,14.555684
2023-01-31,FusionTab Pro,Tablets,Central India,72,1,31,1,1,1.0,7.3685575
2022-12-28,FusionTab Pro,Tablets,East India,1,12,28,2,4,1.0,8.132812
2022-05-17,FusionTab Pro,Tablets,North India,31,5,17,1,2,2.0,11.330942
2021-12-01,FusionTab Pro,Tablets,South India,22,12,1,2,4,1.0,8.253105
2022-05-05,FusionTab Pro,Tablets,South India,3,5,5,3,2,16.0,8.138284
2022-06-22,FusionTab Pro,Tablets,South India,3,6,22,2,2,1.0,7.0118103
2023-01-09,FusionTab Pro,Tablets,South India,90,1,9,0,1,1.0,6.6717014
2023-03-26,FusionTab Pro,Tablets,South India,195,3,26,6,1,1.0,14.371656
2023-06-29,FusionTab Pro,Tablets,South India,4,6,29,3,2,1.0,8.087304
2024-07-22,FusionTab Pro,Tablets,South India,3,7,22,0,3,28.0,9.53786
2022-03-28,FusionTab Pro,Tablets,West India,1,3,28,0,1,1.0,7.9727464
2022-09-17,FusionTab Pro,Tablets,West India,1,9,17,5,3,5.0,9.462767
2023-04-25,FusionTab Pro,Tablets,West India,1,4,25,1,2,1.0,8.964184
2024-08-03,FusionTab Pro,Tablets,West India,2,8,3,5,3,1.0,17.187054
2024-12-28,FusionTab Pro,Tablets,West India,67,12,28,5,4,51.0,11.357286
2024-10-23,FusionView 24,Monitors,Central India,1,10,23,2,4,189.0,20.132313
2021-08-05,FusionView 24,Monitors,North India,1,8,5,3,3,50.0,18.843485
2022-10-24,FusionView 24,Monitors,North India,25,10,24,0,4,3.0,16.152151
2023-10-09,FusionView 24,Monitors,North India,1,10,9,0,4,166.0,26.197353
2024-08-01,FusionView 24,Monitors,North India,1,8,1,3,3,155.0,55.402683
2022-08-08,FusionView 24,Monitors,South India,23,8,8,0,3,1.0,9.319808
2022-07-07,FusionView 24,Monitors,West India,46,7,7,3,3,31.0,84.93522
2023-11-12,FusionView 27,Monitors,East India,40,11,12,6,4,152.0,9.774814
2023-05-06,FusionView 27,Monitors,North India,64,5,6,5,2,41.0,11.395086
2023-11-14,FusionView 27,Monitors,North India,7,11,14,1,4,14.0,8.041564
2022-08-26,FusionView 27,Monitors,South India,49,8,26,4,3,67.0,10.542015
2023-01-08,FusionView 27,Monitors,West India,165,1,8,6,1,7.0,8.989567
2024-11-26,FusionView 27,Monitors,West India,1,11,26,1,4,94.0,6.8098316
2022-08-09,FusionView 32,Monitors,East India,1,8,9,1,3,1.0,7.7035522
2022-10-29,FusionView 32,Monitors,North India,17,10,29,5,4,16.0,7.5508065
2023-03-16,FusionView 32,Monitors,North India,49,3,16,3,1,18.0,7.3980594
2024-08-06,FusionView 32,Monitors,West India,32,8,6,1,3,38.0,6.521275
2024-12-13,FusionView 32,Monitors,West India,14,12,13,4,4,42.0,10.837336
2023-11-05,Fusion Case,Accessories,West India,16,11,5,6,4,3.0,6.428143
2024-05-12,Fusion Case,Accessories,West India,1,5,12,6,2,4.0,7.759035
2024-07-01,Fusion Case,Accessories,West India,2,7,1,0,3,8.0,5.8233566
2024-08-15,Fusion Case,Accessories,West India,1,8,15,3,3,1.0,6.4537525
2023-08-12,Fusion Charger,Accessories,Central India,1,8,12,5,3,1.0,6.4454765
2021-02-27,Fusion Charger,Accessories,East India,1,2,27,5,1,2.0,9.25172
2021-11-16,Fusion Charger,Accessories,East India,3,11,16,1,4,1.0,-3.4223566
2022-02-07,Fusion Charger,Accessories,East India,1,2,7,0,1,2.0,16.292536
2023-06-05,Fusion Charger,Accessories,East India,2,6,5,0,2,1.0,11.176949
2024-07-20,Fusion Charger,Accessories,East India,2,7,20,5,3,2.0,7.6115355
2021-01-31,Fusion Charger,Accessories,North India,49,1,31,6,1,141.0,9.023791
2021-03-01,Fusion Charger,Accessories,North India,7,3,1,0,1,8.0,4.5013924
2021-08-13,Fusion Charger,Accessories,North India,2,8,13,4,3,2.0,6.1183615
2022-09-03,Fusion Charger,Accessories,North India,1,9,3,5,3,4.0,8.457479
2022-11-16,Fusion Charger,Accessories,North India,1,11,16,2,4,1.0,10.498343
2022-12-29,Fusion Charger,Accessories,North India,3,12,29,3,4,1.0,8.454147
2024-07-31,Fusion Charger,Accessories,North India,1,7,31,2,3,4.0,7.643513
2024-11-25,Fusion Charger,Accessories,North India,1,11,25,0,4,2.0,5.5835547
2021-01-11,Fusion Charger,Accessories,South India,41,1,11,0,1,110.0,8.209424
2022-02-08,Fusion Charger,Accessories,South India,1,2,8,1,1,14.0,10.413584
2023-09-02,Fusion Charger,Accessories,South India,4,9,2,5,3,3.0,16.515182
2024-12-29,Fusion Charger,Accessories,South India,7,12,29,6,4,5.0,18.299566
2021-07-09,Fusion Charger,Accessories,West India,2,7,9,4,3,2.0,20.602993
2021-11-27,Fusion Charger,Accessories,West India,5,11,27,5,4,32.0,25.8159
2022-02-04,Fusion Charger,Accessories,West India,2,2,4,4,1,39.0,37.132343
2022-04-24,Fusion Charger,Accessories,West India,3,4,24,6,2,4.0,13.913035
2022-07-09,Fusion Charger,Accessories,West India,2,7,9,5,3,1.0,31.494804
2022-09-30,Fusion Charger,Accessories,West India,1,9,30,4,3,3.0,22.227438
2023-02-09,Fusion Charger,Accessories,West India,2,2,9,3,1,1.0,18.362938
2023-04-29,Fusion Charger,Accessories,West India,3,4,29,5,2,4.0,17.147171
2023-07-29,Fusion Charger,Accessories,West India,37,7,29,5,3,13.0,17.983372
2023-11-29,Fusion Charger,Accessories,West India,6,11,29,2,4,2.0,19.7686
2021-04-07,Fusion Earbuds,Accessories,Central India,2,4,7,2,2,1.0,13.227015
2021-08-07,Fusion Earbuds,Accessories,Central India,1,8,7,5,3,1.0,14.647364
2021-11-06,Fusion Earbuds,Accessories,Central India,1,11,6,5,4,1.0,10.852894
2022-08-22,Fusion Earbuds,Accessories,Central India,16,8,22,0,3,1.0,7.392909
2023-02-14,Fusion Earbuds,Accessories,Central India,3,2,14,1,1,2.0,10.044752
2024-04-19,Fusion Earbuds,Accessories,Central India,1,4,19,4,2,43.0,14.396394
2024-10-07,Fusion Earbuds,Accessories,Central India,1,10,7,0,4,35.0,5.3438377
2021-10-17,Fusion Earbuds,Accessories,East India,1,10,17,6,4,3.0,11.08029
2022-09-23,Fusion Earbuds,Accessories,East India,1,9,23,4,3,1.0,9.886157
2023-03-13,Fusion Earbuds,Accessories,East India,2,3,13,0,1,1.0,10.543072
2021-03-12,Fusion Earbuds,Accessories,North India,3,3,12,4,1,2.0,14.893028
2021-11-02,Fusion Earbuds,Accessories,North India,45,11,2,1,4,7.0,7.638429
2022-06-28,Fusion Earbuds,Accessories,North India,1,6,28,1,2,1.0,7.0563045
2022-08-14,Fusion Earbuds,Accessories,North India,1,8,14,6,3,2.0,9.620808
2022-10-05,Fusion Earbuds,Accessories,North India,1,10,5,2,4,1.0,10.4290695
2023-09-19,Fusion Earbuds,Accessories,North India,1,9,19,1,3,1.0,21.617044
2024-10-24,Fusion Earbuds,Accessories,North India,3,10,24,3,4,36.0,8.071417
2024-11-24,Fusion Earbuds,Accessories,North India,4,11,24,6,4,7.0,8.300488
2021-03-20,Fusion Earbuds,Accessories,South India,39,3,20,5,1,3.0,17.569279
2021-09-26,Fusion Earbuds,Accessories,South India,5,9,26,6,3,79.0,9.168036
2021-11-14,Fusion Earbuds,Accessories,South India,2,11,14,6,4,38.0,7.0733485
2022-03-06,Fusion Earbuds,Accessories,South India,5,3,6,6,1,44.0,16.68757
2022-06-02,Fusion Earbuds,Accessories,South India,2,6,2,3,2,2.0,7.1022797
2022-07-21,Fusion Earbuds,Accessories,South India,1,7,21,3,3,3.0,7.4005795
2023-03-10,Fusion Earbuds,Accessories,South India,11,3,10,4,1,2.0,11.143204
2023-08-17,Fusion Earbuds,Accessories,South India,5,8,17,3,3,1.0,7.605592
2023-10-10,Fusion Earbuds,Accessories,South India,1,10,10,1,4,39.0,14.941385
2023-11-21,Fusion Earbuds,Accessories,South India,4,11,21,1,4,5.0,14.484137
2024-02-04,Fusion Earbuds,Accessories,South India,17,2,4,6,1,2.0,9.523586
2024-11-20,Fusion Earbuds,Accessories,South India,3,11,20,2,4,34.0,8.35217
2021-04-06,Fusion Earbuds,Accessories,West India,1,4,6,1,2,4.0,16.828209
2022-03-02,Fusion Earbuds,Accessories,West India,4,3,2,2,1,1.0,14.297305
2022-05-02,Fusion Earbuds,Accessories,West India,1,5,2,0,2,11.0,8.110173
2022-12-03,Fusion Earbuds,Accessories,West India,2,12,3,5,4,1.0,13.0822
2023-06-18,Fusion Earbuds,Accessories,West India,1,6,18,6,2,1.0,11.950099
2024-09-01,Fusion Earbuds,Accessories,West India,23,9,1,6,3,1.0,14.485507
2024-10-30,Fusion Earbuds,Accessories,West India,6,10,30,2,4,11.0,8.275426
2021-12-28,Fusion Keyboard,Accessories,Central India,1,12,28,1,4,1.0,11.988345
2023-03-12,Fusion Keyboard,Accessories,Central India,1,3,12,6,1,2.0,5.643328
2024-03-11,Fusion Keyboard,Accessories,Central India,1,3,11,0,1,1.0,10.419304
2023-10-05,Fusion Keyboard,Accessories,East India,3,10,5,3,4,1.0,11.377202
2024-11-20,Fusion Keyboard,Accessories,East India,3,11,20,2,4,2.0,8.364338
2022-04-29,Fusion Keyboard,Accessories,North India,30,4,29,4,2,3.0,15.780988
2023-04-05,Fusion Keyboard,Accessories,North India,2,4,5,2,2,3.0,15.287369
2023-08-30,Fusion Keyboard,Accessories,North India,1,8,30,2,3,1.0,9.769817
2024-05-27,Fusion Keyboard,Accessories,North India,2,5,27,0,2,21.0,10.063613
2024-08-17,Fusion Keyboard,Accessories,North India,18,8,17,5,3,1.0,15.58842
2021-05-31,Fusion Keyboard,Accessories,South India,3,5,31,0,2,7.0,8.364338
2021-10-03,Fusion Keyboard,Accessories,South India,3,10,3,6,4,37.0,15.763827
2022-12-20,Fusion Keyboard,Accessories,South India,1,12,20,1,4,1.0,10.113454
2023-06-20,Fusion Keyboard,Accessories,South India,4,6,20,1,2,2.0,13.156447
2023-12-16,Fusion Keyboard,Accessories,South India,5,12,16,5,4,1.0,9.597974
2024-02-07,Fusion Keyboard,Accessories,South India,1,2,7,2,1,1.0,8.506359
2024-07-02,Fusion Keyboard,Accessories,South India,2,7,2,1,3,31.0,11.86909
2024-08-24,Fusion Keyboard,Accessories,South India,9,8,24,5,3,4.0,9.462406
2021-07-07,Fusion Keyboard,Accessories,West India,1,7,7,2,3,1.0,10.973933
2022-07-02,Fusion Keyboard,Accessories,West India,3,7,2,5,3,1.0,10.295905
2023-01-07,Fusion Keyboard,Accessories,West India,3,1,7,5,1,2.0,7.8735523
2023-03-30,Fusion Keyboard,Accessories,West India,1,3,30,3,1,1.0,8.815302
2024-01-18,Fusion Keyboard,Accessories,West India,1,1,18,3,1,20.0,12.842508
2024-05-07,Fusion Keyboard,Accessories,West India,20,5,7,1,2,2.0,8.006076
2022-07-24,Fusion Mouse,Accessories,Central India,1,7,24,6,3,1.0,7.499107
2023-10-10,Fusion Mouse,Accessories,Central India,1,10,10,1,4,1.0,8.962078
2024-09-23,Fusion Mouse,Accessories,Central India,1,9,23,0,3,1.0,11.4635315
2021-05-13,Fusion Mouse,Accessories,East India,5,5,13,3,2,2.0,16.534727
2021-08-15,Fusion Mouse,Accessories,East India,2,8,15,6,3,2.0,6.7995796
2022-05-10,Fusion Mouse,Accessories,East India,1,5,10,1,2,2.0,7.170614
2022-09-19,Fusion Mouse,Accessories,East India,1,9,19,0,3,1.0,6.9705143
2023-12-10,Fusion Mouse,Accessories,East India,1,12,10,6,4,1.0,6.1907506
2024-05-23,Fusion Mouse,Accessories,East India,37,5,23,3,2,1.0,7.4347215
2022-01-10,Fusion Mouse,Accessories,North India,1,1,10,0,1,6.0,10.871414
2022-09-05,Fusion Mouse,Accessories,North India,35,9,5,0,3,2.0,7.9758353
2023-01-14,Fusion Mouse,Accessories,North India,5,1,14,5,1,2.0,6.7675915
2023-03-04,Fusion Mouse,Accessories,North India,2,3,4,5,1,2.0,6.958697
2023-07-11,Fusion Mouse,Accessories,North India,1,7,11,1,3,4.0,6.1474376
2023-09-05,Fusion Mouse,Accessories,North India,1,9,5,1,3,1.0,10.025385
2023-10-26,Fusion Mouse,Accessories,North India,72,10,26,3,4,1.0,9.914735
2024-10-30,Fusion Mouse,Accessories,North India,6,10,30,2,4,2.0,9.937873
2021-10-11,Fusion Mouse,Accessories,South India,3,10,11,0,4,46.0,11.038646
2022-03-21,Fusion Mouse,Accessories,South India,4,3,21,0,1,3.0,10.387422
2022-11-07,Fusion Mouse,Accessories,South India,4,11,7,0,4,1.0,7.556248
2023-07-14,Fusion Mouse,Accessories,South India,2,7,14,4,3,3.0,10.553741
2024-03-28,Fusion Mouse,Accessories,South India,99,3,28,3,1,2.0,6.9078336
2024-10-25,Fusion Mouse,Accessories,South India,5,10,25,4,4,12.0,8.776757
2021-09-23,Fusion Mouse,Accessories,West India,1,9,23,3,3,1.0,8.562376
2021-10-28,Fusion Mouse,Accessories,West India,11,10,28,3,4,11.0,8.964194
2022-01-25,Fusion Mouse,Accessories,West India,1,1,25,1,1,1.0,9.417773
2022-04-06,Fusion Mouse,Accessories,West India,2,4,6,2,2,3.0,14.1645775
2023-02-11,Fusion Mouse,Accessories,West India,3,2,11,5,1,63.0,9.02202
2023-07-14,Fusion Mouse,Accessories,West India,3,7,14,4,3,1.0,11.304097
2024-01-16,Fusion Mouse,Accessories,West India,1,1,16,1,1,3.0,15.939319
2024-03-21,Fusion Mouse,Accessories,West India,2,3,21,3,1,1.0,14.765684
2024-05-14,Fusion Mouse,Accessories,West India,78,5,14,1,2,1.0,14.558667
2024-11-01,Fusion Mouse,Accessories,West India,196,11,1,4,4,6.0,20.444832
2022-08-31,Fusion Watch Lite,Wearables,Central India,1,8,31,2,3,1.0,17.732695
2022-04-26,Fusion Watch Lite,Wearables,East India,1,4,26,1,2,1.0,19.543314
2023-10-29,Fusion Watch Lite,Wearables,East India,1,10,29,6,4,1.0,14.456207
2022-09-04,Fusion Watch Lite,Wearables,North India,1,9,4,6,3,2.0,24.062212
2024-07-01,Fusion Watch Lite,Wearables,North India,1,7,1,0,3,1.0,23.878075
2021-11-13,Fusion Watch Lite,Wearables,South India,15,11,13,5,4,65.0,23.891422
2022-06-02,Fusion Watch Lite,Wearables,South India,1,6,2,3,2,93.0,23.76885
2023-01-19,Fusion Watch Lite,Wearables,South India,1,1,19,3,1,1.0,14.092981
2024-06-16,Fusion Watch Lite,Wearables,South India,1,6,16,6,2,1.0,25.75051
2024-11-27,Fusion Watch Lite,Wearables,South India,1,11,27,2,4,2.0,15.318268
2024-01-12,Fusion Watch Lite,Wearables,West India,1,1,12,4,1,1.0,15.035736
2022-08-06,Fusion Watch Pro,Wearables,Central India,1,8,6,5,3,1.0,20.719234
2022-05-10,Fusion Watch Pro,Wearables,East India,94,5,10,1,2,83.0,12.010839
2022-03-17,Fusion Watch Pro,Wearables,North India,56,3,17,3,1,1.0,17.200779
2022-08-01,Fusion Watch Pro,Wearables,North India,1,8,1,0,3,42.0,17.39633
2023-01-30,Fusion Watch Pro,Wearables,North India,1,1,30,0,1,1.0,17.69778
2024-10-30,Fusion Watch Pro,Wearables,North India,2,10,30,2,4,1.0,11.485363
2024-04-12,Fusion Watch Pro,Wearables,South India,1,4,12,4,2,2.0,17.876202
2024-08-11,Fusion Watch Pro,Wearables,South India,1,8,11,6,3,1.0,14.319565
2023-05-31,Fusion Watch Pro,Wearables,West India,222,5,31,2,2,1.0,5.498384
2021-05-05,FusionBook Air,Laptops,Central India,22,5,5,2,2,1.0,9.145331
2021-12-14,FusionBook Air,Laptops,Central India,44,12,14,1,4,39.0,8.963811
2024-07-15,FusionBook Air,Laptops,Central India,180,7,15,0,3,1.0,8.040391
2021-04-16,FusionBook Air,Laptops,East India,14,4,16,4,2,42.0,17.19262
2021-10-02,FusionBook Air,Laptops,East India,86,10,2,5,4,32.0,10.798967
2023-10-06,FusionBook Air,Laptops,East India,1,10,6,4,4,197.0,7.5987144
2024-03-19,FusionBook Air,Laptops,East India,1,3,19,1,1,2.0,5.259297
2024-06-28,FusionBook Air,Laptops,East India,1,6,28,4,2,2.0,7.225613
2021-03-12,FusionBook Air,Laptops,North India,122,3,12,4,1,51.0,17.739918
2021-08-05,FusionBook Air,Laptops,North India,36,8,5,3,3,2.0,-14.322583
2021-10-14,FusionBook Air,Laptops,North India,139,10,14,3,4,20.0,18.315186
2022-05-07,FusionBook Air,Laptops,North India,1,5,7,5,2,68.0,17.406435
2023-12-09,FusionBook Air,Laptops,North India,1,12,9,5,4,1.0,24.28324
2024-02-11,FusionBook Air,Laptops,North India,25,2,11,6,1,29.0,18.637747
2024-11-21,FusionBook Air,Laptops,North India,185,11,21,3,4,29.0,7.3009133
2021-02-10,FusionBook Air,Laptops,South India,178,2,10,2,1,122.0,18.570793
2021-05-27,FusionBook Air,Laptops,South India,16,5,27,3,2,46.0,1.5370673
2021-11-13,FusionBook Air,Laptops,South India,35,11,13,5,4,50.0,9.993195
2022-01-11,FusionBook Air,Laptops,South India,10,1,11,1,1,70.0,7.3686724
2022-03-06,FusionBook Air,Laptops,South India,51,3,6,6,1,47.0,10.455928
2022-07-15,FusionBook Air,Laptops,South India,36,7,15,4,3,28.0,28.123907
2023-03-04,FusionBook Air,Laptops,South India,1,3,4,5,1,16.0,10.405895
2024-01-20,FusionBook Air,Laptops,South India,162,1,20,5,1,66.0,15.443949
2024-04-30,FusionBook Air,Laptops,South India,40,4,30,1,2,33.0,11.33736
2024-10-02,FusionBook Air,Laptops,South India,168,10,2,2,4,3.0,13.027999
2022-03-16,FusionBook Air,Laptops,West India,1,3,16,2,1,49.0,8.852656
2023-08-05,FusionBook Air,Laptops,West India,1,8,5,5,3,24.0,22.506985
2023-09-30,FusionBook Air,Laptops,West India,26,9,30,5,3,2.0,11.052574
2024-04-12,FusionBook Air,Laptops,West India,38,4,12,4,2,38.0,7.3953366
2024-10-19,FusionBook Air,Laptops,West India,22,10,19,5,4,2.0,8.785709
2021-10-26,FusionBook Pro,Laptops,Central India,146,10,26,1,4,139.0,7.568934
2023-06-02,FusionBook Pro,Laptops,Central India,76,6,2,4,2,25.0,14.444467
2021-11-30,FusionBook Pro,Laptops,East India,1,11,30,1,4,69.0,22.476236
2022-05-03,FusionBook Pro,Laptops,East India,1,5,3,1,2,1.0,17.936617
2023-11-06,FusionBook Pro,Laptops,East India,19,11,6,0,4,1.0,10.063613
2024-06-27,FusionBook Pro,Laptops,East India,23,6,27,3,2,29.0,10.40203
2023-05-27,FusionBook Pro,Laptops,North India,74,5,27,5,2,183.0,15.559487
2024-07-26,FusionBook Pro,Laptops,North India,47,7,26,4,3,18.0,20.3643
2021-10-03,FusionBook Pro,Laptops,South India,214,10,3,6,4,50.0,14.953887
2024-12-31,FusionBook Pro,Laptops,South India,188,12,31,1,4,14.0,6.766914
2021-12-03,FusionBook Pro,Laptops,West India,1,12,3,4,4,183.0,6.2359214
2022-01-06,FusionBook Pro,Laptops,West India,8,1,6,3,1,37.0,9.466144
2022-04-19,FusionBook Pro,Laptops,West India,1,4,19,1,2,45.0,5.406109
2022-12-01,FusionBook Pro,Laptops,West India,2,12,1,3,4,44.0,13.3563595
2024-09-25,FusionBook Pro,Laptops,West India,54,9,25,2,3,1.0,13.948298
2024-11-18,FusionBook Pro,Laptops,West India,52,11,18,0,4,17.0,6.7967124
2022-10-20,FusionBook Ultra,Laptops,Central India,142,10,20,3,4,34.0,6.1019897
2023-12-04,FusionBook Ultra,Laptops,Central India,1,12,4,0,4,29.0,6.3813634
2023-05-24,FusionBook Ultra,Laptops,East India,26,5,24,2,2,24.0,8.726492
2022-07-27,FusionBook Ultra,Laptops,North India,2,7,27,2,3,1.0,8.828742
2022-09-25,FusionBook Ultra,Laptops,North India,1,9,25,6,3,1.0,11.803543
2023-09-11,FusionBook Ultra,Laptops,North India,61,9,11,0,3,31.0,6.9682884
2024-05-23,FusionBook Ultra,Laptops,North India,112,5,23,3,2,80.0,5.9929624
2023-03-04,FusionBook Ultra,Laptops,South India,29,3,4,5,1,1.0,8.628952
2024-04-28,FusionBook Ultra,Laptops,South India,42,4,28,6,2,43.0,7.8009763
2024-10-16,FusionBook Ultra,Laptops,South India,12,10,16,2,4,94.0,5.071143
2022-06-25,FusionBook Ultra,Laptops,West India,67,6,25,5,2,2.0,8.942863
2022-09-01,FusionBook Ultra,Laptops,West India,1,9,1,3,3,36.0,12.482532
2023-08-27,FusionBook Ultra,Laptops,West India,31,8,27,6,3,1.0,8.277763
2023-11-05,FusionBook Ultra,Laptops,West India,160,11,5,6,4,1.0,7.928619
2024-05-28,FusionBook Ultra,Laptops,West India,33,5,28,1,2,1.0,6.8969903
2021-03-16,FusionPhone Lite,Smartphones,Central India,53,3,16,1,1,1.0,7.4780207
2021-09-24,FusionPhone Lite,Smartphones,Central India,1,9,24,4,3,20.0,7.373952
2023-08-10,FusionPhone Lite,Smartphones,Central India,1,8,10,3,3,1.0,9.159941
2024-09-27,FusionPhone Lite,Smartphones,Central India,2,9,27,4,3,1.0,13.1268
2021-05-03,FusionPhone Lite,Smartphones,East India,1,5,3,0,2,14.0,15.551479
2021-07-20,FusionPhone Lite,Smartphones,East India,1,7,20,1,3,1.0,9.822566
2022-08-08,FusionPhone Lite,Smartphones,East India,1,8,8,0,3,1.0,15.328822
2023-12-04,FusionPhone Lite,Smartphones,East India,1,12,4,0,4,1.0,9.978944
2021-02-15,FusionPhone Lite,Smartphones,North India,47,2,15,0,1,26.0,19.543314
2021-07-03,FusionPhone Lite,Smartphones,North India,1,7,3,5,3,1.0,14.552525
2021-08-14,FusionPhone Lite,Smartphones,North India,3,8,14,5,3,3.0,14.510498
2021-10-21,FusionPhone Lite,Smartphones,North India,1,10,21,3,4,3.0,24.293415
2021-12-12,FusionPhone Lite,Smartphones,North India,2,12,12,6,4,2.0,23.917046
2022-05-09,FusionPhone Lite,Smartphones,North India,2,5,9,0,2,5.0,14.092981
2022-08-27,FusionPhone Lite,Smartphones,North India,2,8,27,5,3,2.0,21.82036
2022-12-23,FusionPhone Lite,Smartphones,North India,1,12,23,4,4,2.0,23.149403
2023-02-11,FusionPhone Lite,Smartphones,North India,3,2,11,5,1,18.0,26.004213
2023-12-07,FusionPhone Lite,Smartphones,North India,1,12,7,3,4,1.0,23.93046
2024-03-09,FusionPhone Lite,Smartphones,North India,3,3,9,5,1,2.0,14.910389
2024-09-05,FusionPhone Lite,Smartphones,North India,2,9,5,3,3,2.0,20.225353
2024-11-24,FusionPhone Lite,Smartphones,North India,2,11,24,6,4,1.0,19.851847
2021-03-12,FusionPhone Lite,Smartphones,South India,9,3,12,4,1,2.0,18.246931
2021-07-31,FusionPhone Lite,Smartphones,South India,2,7,31,5,3,3.0,11.830323
2021-10-17,FusionPhone Lite,Smartphones,South India,1,10,17,6,4,1.0,26.617897
2022-08-08,FusionPhone Lite,Smartphones,South India,3,8,8,0,3,2.0,-2.8026986
2022-11-27,FusionPhone Lite,Smartphones,South India,3,11,27,6,4,3.0,9.322444
2023-01-20,FusionPhone Lite,Smartphones,South India,5,1,20,4,1,1.0,14.319565
2023-05-12,FusionPhone Lite,Smartphones,South India,1,5,12,4,2,4.0,8.419881
2023-07-10,FusionPhone Lite,Smartphones,South India,58,7,10,0,3,85.0,10.300053
2023-11-09,FusionPhone Lite,Smartphones,South India,146,11,9,3,4,8.0,8.7399645
2024-01-06,FusionPhone Lite,Smartphones,South India,5,1,6,5,1,2.0,12.679688
2024-09-07,FusionPhone Lite,Smartphones,South India,2,9,7,5,3,1.0,10.754439
2021-06-13,FusionPhone Lite,Smartphones,West India,4,6,13,6,2,2.0,8.802293
2021-08-28,FusionPhone Lite,Smartphones,West India,3,8,28,5,3,2.0,12.287224
2023-12-25,FusionPhone Lite,Smartphones,West India,2,12,25,0,4,32.0,5.7450194
2024-03-26,FusionPhone Lite,Smartphones,West India,1,3,26,1,1,1.0,12.454303
2024-05-14,FusionPhone Lite,Smartphones,West India,3,5,14,1,2,2.0,8.861171
2023-11-22,FusionPhone Ultra,Smartphones,East India,1,11,22,2,4,1.0,6.121408
2024-09-17,FusionPhone Ultra,Smartphones,East India,4,9,17,1,3,1.0,10.977631
2024-12-24,FusionPhone Ultra,Smartphones,East India,1,12,24,1,4,1.0,15.381386
2023-03-14,FusionPhone Ultra,Smartphones,North India,1,3,14,1,1,1.0,13.698176
2024-10-14,FusionPhone Ultra,Smartphones,North India,2,10,14,0,4,2.0,13.343953
2024-11-30,FusionPhone Ultra,Smartphones,North India,3,11,30,5,4,1.0,7.8163815
2022-11-19,FusionPhone Ultra,Smartphones,South India,3,11,19,5,4,26.0,12.646812
2023-07-04,FusionPhone Ultra,Smartphones,South India,3,7,4,1,3,5.0,10.535487
2023-07-10,FusionPhone Ultra,Smartphones,West India,2,7,10,0,3,4.0,14.701921
2023-10-15,FusionPhone Ultra,Smartphones,West India,3,10,15,6,4,4.0,9.678298
2024-03-09,FusionPhone Ultra,Smartphones,West India,4,3,9,5,1,3.0,8.008194
2024-04-24,FusionPhone Ultra,Smartphones,West India,2,4,24,2,2,2.0,8.008194
2024-10-25,FusionPhone Ultra,Smartphones,West India,116,10,25,4,4,47.0,8.567004
2023-10-27,FusionPhone X,Smartphones,Central India,1,10,27,4,4,1.0,9.95716
2024-01-24,FusionPhone X,Smartphones,Central India,2,1,24,2,1,1.0,9.95716
2021-11-05,FusionPhone X,Smartphones,East India,2,11,5,4,4,3.0,7.597865
2022-02-27,FusionPhone X,Smartphones,East India,95,2,27,6,1,1.0,7.3693604
2023-01-24,FusionPhone X,Smartphones,East India,1,1,24,1,1,1.0,12.259429
2023-06-25,FusionPhone X,Smartphones,East India,1,6,25,6,2,1.0,12.524123
2022-01-30,FusionPhone X,Smartphones,North India,1,1,30,6,1,2.0,14.36199
2022-03-14,FusionPhone X,Smartphones,North India,2,3,14,0,1,1.0,11.469249
2023-04-01,FusionPhone X,Smartphones,North India,2,4,1,5,2,3.0,10.929275
2023-10-31,FusionPhone X,Smartphones,North India,1,10,31,1,4,2.0,9.9024725
2024-11-16,FusionPhone X,Smartphones,North India,1,11,16,5,4,3.0,11.066625
2021-12-15,FusionPhone X,Smartphones,South India,2,12,15,2,4,6.0,8.523198
2022-04-24,FusionPhone X,Smartphones,South India,1,4,24,6,2,1.0,10.425927
2022-07-07,FusionPhone X,Smartphones,South India,2,7,7,3,3,4.0,12.724684
2023-01-02,FusionPhone X,Smartphones,South India,1,1,2,0,1,40.0,14.158294
2023-08-05,FusionPhone X,Smartphones,South India,1,8,5,5,3,1.0,11.36952
2023-09-24,FusionPhone X,Smartphones,South India,2,9,24,6,3,1.0,14.081607
2023-12-26,FusionPhone X,Smartphones,South India,2,12,26,1,4,1.0,10.2025795
2021-12-01,FusionPhone X,Smartphones,West India,2,12,1,2,4,24.0,11.5688925
2022-11-05,FusionPhone X,Smartphones,West India,135,11,5,5,4,4.0,12.581593
2023-02-19,FusionPhone X,Smartphones,West India,2,2,19,6,1,2.0,9.051677
2023-04-19,FusionPhone X,Smartphones,West India,1,4,19,2,2,1.0,8.954726
2023-08-17,FusionPhone X,Smartphones,West India,88,8,17,3,3,1.0,8.827168
2024-04-09,FusionPhone X,Smartphones,West India,1,4,9,1,2,2.0,6.6551275
2024-08-02,FusionPhone X,Smartphones,West India,1,8,2,4,3,2.0,6.3310194
2021-06-30,FusionTab Mini,Tablets,Central India,1,6,30,2,2,1.0,12.056531
2022-07-03,FusionTab Mini,Tablets,Central India,1,7,3,6,3,27.0,7.683145
2023-06-16,FusionTab Mini,Tablets,East India,80,6,16,4,2,1.0,1.3064258
2021-10-25,FusionTab Mini,Tablets,North India,1,10,25,0,4,33.0,7.9014535
2022-08-03,FusionTab Mini,Tablets,North India,1,8,3,2,3,96.0,8.120817
2023-06-16,FusionTab Mini,Tablets,North India,1,6,16,4,2,1.0,5.4497805
2024-10-23,FusionTab Mini,Tablets,North India,2,10,23,2,4,78.0,6.2196817
2022-03-27,FusionTab Mini,Tablets,South India,1,3,27,6,1,1.0,7.387814
2022-10-25,FusionTab Mini,Tablets,South India,16,10,25,1,4,1.0,13.730566
2023-01-08,FusionTab Mini,Tablets,South India,1,1,8,6,1,66.0,8.546549
2023-04-03,FusionTab Mini,Tablets,South India,56,4,3,0,2,53.0,8.39022
2024-10-26,FusionTab Mini,Tablets,South India,91,10,26,5,4,2.0,7.4340987
2021-09-15,FusionTab Mini,Tablets,West India,2,9,15,2,3,1.0,3.0327682
2024-03-07,FusionTab Mini,Tablets,West India,1,3,7,3,1,1.0,1.1698474
2024-06-06,FusionTab Mini,Tablets,West India,1,6,6,3,2,1.0,5.7971473
2024-12-09,FusionTab Pro,Tablets,Central India,1,12,9,0,4,1.0,6.5486355
2022-07-12,FusionTab Pro,Tablets,East India,89,7,12,1,3,1.0,8.192753
2021-12-14,FusionTab Pro,Tablets,North India,1,12,14,1,4,1.0,9.174562
2022-07-19,FusionTab Pro,Tablets,North India,1,7,19,1,3,2.0,7.4440947
2022-10-10,FusionTab Pro,Tablets,North India,1,10,10,0,4,2.0,11.955504
2023-01-12,FusionTab Pro,Tablets,North India,8,1,12,3,1,1.0,9.519197
2024-03-03,FusionTab Pro,Tablets,North India,1,3,3,6,1,1.0,8.972415
2022-02-23,FusionTab Pro,Tablets,South India,34,2,23,2,1,11.0,9.159941
2022-08-15,FusionTab Pro,Tablets,South India,1,8,15,0,3,1.0,12.541182
2024-05-28,FusionTab Pro,Tablets,South India,91,5,28,1,2,78.0,18.425423
2024-07-24,FusionTab Pro,Tablets,South India,10,7,24,2,3,3.0,10.454332
2022-06-23,FusionTab Pro,Tablets,West India,29,6,23,3,2,7.0,9.461375
2022-12-12,FusionTab Pro,Tablets,West India,2,12,12,0,4,10.0,11.238555
2024-02-01,FusionTab Pro,Tablets,West India,36,2,1,3,1,77.0,18.72056
2024-10-31,FusionView 24,Monitors,Central India,121,10,31,3,4,1.0,22.323349
2022-12-24,FusionView 24,Monitors,East India,1,12,24,5,4,36.0,12.532454
2022-02-10,FusionView 24,Monitors,North India,22,2,10,3,1,1.0,22.3546
2022-10-25,FusionView 24,Monitors,North India,30,10,25,1,4,25.0,22.388025
2023-10-11,FusionView 24,Monitors,North India,34,10,11,2,4,1.0,15.338066
2024-08-15,FusionView 24,Monitors,North India,1,8,15,3,3,1.0,24.25157
2021-11-04,FusionView 24,Monitors,South India,125,11,4,3,4,69.0,24.824965
2023-12-30,FusionView 24,Monitors,South India,1,12,30,5,4,36.0,34.967182
2021-11-26,FusionView 24,Monitors,West India,1,11,26,4,4,13.0,20.559801
2022-07-10,FusionView 24,Monitors,West India,37,7,10,6,3,46.0,80.93691
2023-03-30,FusionView 24,Monitors,West India,1,3,30,3,1,27.0,13.58594
2023-11-06,FusionView 24,Monitors,West India,70,11,6,0,4,45.0,20.437138
2022-10-21,FusionView 27,Monitors,East India,129,10,21,4,4,10.0,19.061808
2024-11-23,FusionView 27,Monitors,East India,1,11,23,5,4,42.0,17.029594
2022-08-29,FusionView 27,Monitors,South India,12,8,29,0,3,49.0,-0.65492743
2021-07-07,FusionView 27,Monitors,West India,1,7,7,2,3,6.0,9.50695
2023-08-17,FusionView 32,Monitors,North India,32,8,17,3,3,2.0,10.254562
2022-02-17,FusionView 32,Monitors,West India,23,2,17,3,1,37.0,5.6413517
2024-02-10,FusionView 32,Monitors,West India,31,2,10,5,1,195.0,4.7764096
2024-12-17,Fusion Case,Accessories,West India,2,12,17,1,4,1.0,5.3907747
2021-06-14,Fusion Charger,Accessories,Central India,1,6,14,0,2,3.0,5.8656363
2022-03-19,Fusion Charger,Accessories,Central India,1,3,19,5,1,1.0,11.715578
2022-08-18,Fusion Charger,Accessories,Central India,1,8,18,3,3,1.0,5.8470197
2023-01-06,Fusion Charger,Accessories,Central India,1,1,6,4,1,1.0,7.6740937
2023-11-09,Fusion Charger,Accessories,Central India,1,11,9,3,4,2.0,6.2284217
2024-06-11,Fusion Charger,Accessories,Central India,1,6,11,1,2,1.0,7.3568473
2021-02-28,Fusion Charger,Accessories,East India,1,2,28,6,1,1.0,3.7331717
2021-08-04,Fusion Charger,Accessories,East India,1,8,4,2,3,1.0,4.948797
2022-04-18,Fusion Charger,Accessories,East India,1,4,18,0,2,1.0,6.764976
2022-06-12,Fusion Charger,Accessories,East India,43,6,12,6,2,2.0,5.845718
2022-08-28,Fusion Charger,Accessories,East India,1,8,28,6,3,2.0,6.514366
2021-04-05,Fusion Charger,Accessories,North India,41,4,5,0,2,4.0,7.9785705
2021-05-29,Fusion Charger,Accessories,North India,4,5,29,5,2,1.0,6.731004
2021-12-08,Fusion Charger,Accessories,North India,5,12,8,2,4,1.0,7.533876
2022-02-22,Fusion Charger,Accessories,North India,56,2,22,1,1,1.0,6.1404996
2022-10-09,Fusion Charger,Accessories,North India,4,10,9,6,4,2.0,4.132621
2022-11-17,Fusion Charger,Accessories,North India,1,11,17,3,4,1.0,9.846296
2022-12-30,Fusion Charger,Accessories,North India,2,12,30,4,4,3.0,9.294193
2023-09-29,Fusion Charger,Accessories,North India,2,9,29,4,3,1.0,6.7092085
2023-12-02,Fusion Charger,Accessories,North India,27,12,2,5,4,1.0,2.4138148
2024-10-20,Fusion Charger,Accessories,North India,6,10,20,6,4,1.0,7.9780974
2021-02-15,Fusion Charger,Accessories,South India,43,2,15,0,1,5.0,6.6688795
2021-08-01,Fusion Charger,Accessories,South India,5,8,1,6,3,4.0,8.355671
2022-02-09,Fusion Charger,Accessories,South India,4,2,9,2,1,1.0,12.995614
2022-08-08,Fusion Charger,Accessories,South India,1,8,8,0,3,29.0,14.674819
2022-09-29,Fusion Charger,Accessories,South India,1,9,29,3,3,2.0,7.423559
2023-01-30,Fusion Charger,Accessories,South India,2,1,30,0,1,4.0,7.8978767
2023-07-05,Fusion Charger,Accessories,South India,3,7,5,2,3,1.0,7.9347377
2023-09-03,Fusion Charger,Accessories,South India,4,9,3,6,3,4.0,10.298105
2023-10-19,Fusion Charger,Accessories,South India,4,10,19,3,4,1.0,11.3662405
2024-01-19,Fusion Charger,Accessories,South India,6,1,19,4,1,12.0,10.988593
2024-05-02,Fusion Charger,Accessories,South India,64,5,2,3,2,2.0,8.898385
2024-06-28,Fusion Charger,Accessories,South India,2,6,28,4,2,1.0,21.443325
2024-12-30,Fusion Charger,Accessories,South India,2,12,30,0,4,7.0,18.980782
2021-07-10,Fusion Charger,Accessories,West India,1,7,10,5,3,2.0,20.442152
2021-09-26,Fusion Charger,Accessories,West India,1,9,26,6,3,28.0,10.629511
2022-02-05,Fusion Charger,Accessories,West India,4,2,5,5,1,2.0,20.350393
2022-04-25,Fusion Charger,Accessories,West India,3,4,25,0,2,3.0,20.020704
2022-10-01,Fusion Charger,Accessories,West India,3,10,1,5,4,1.0,50.716553
2022-11-26,Fusion Charger,Accessories,West India,6,11,26,5,4,1.0,16.067543
2023-04-30,Fusion Charger,Accessories,West India,8,4,30,6,2,3.0,9.072474
2023-10-10,Fusion Charger,Accessories,West India,2,10,10,1,4,2.0,16.800135
2024-01-24,Fusion Charger,Accessories,West India,52,1,24,2,1,4.0,17.176533
2024-08-22,Fusion Charger,Accessories,West India,1,8,22,3,3,2.0,9.339491
2024-04-22,Fusion Earbuds,Accessories,Central India,3,4,22,0,2,1.0,7.3666925
2024-10-08,Fusion Earbuds,Accessories,Central India,43,10,8,1,4,1.0,13.510257
2021-06-29,Fusion Earbuds,Accessories,East India,1,6,29,1,2,1.0,13.6648035
2022-11-26,Fusion Earbuds,Accessories,East India,3,11,26,5,4,1.0,7.095695
2023-09-24,Fusion Earbuds,Accessories,East India,3,9,24,6,3,2.0,11.319264
2023-12-02,Fusion Earbuds,Accessories,East India,1,12,2,5,4,1.0,6.7061887
2024-12-28,Fusion Earbuds,Accessories,East India,2,12,28,5,4,2.0,9.29649
2021-02-05,Fusion Earbuds,Accessories,North India,5,2,5,4,1,7.0,11.015063
2021-07-03,Fusion Earbuds,Accessories,North India,7,7,3,5,3,1.0,11.472906
2022-02-22,Fusion Earbuds,Accessories,North India,1,2,22,1,1,2.0,5.8134217
2022-10-06,Fusion Earbuds,Accessories,North India,22,10,6,3,4,1.0,5.1021733
2023-03-26,Fusion Earbuds,Accessories,North India,1,3,26,6,1,1.0,-10.735908
2024-06-12,Fusion Earbuds,Accessories,North India,18,6,12,2,2,51.0,22.207758
2021-11-15,Fusion Earbuds,Accessories,South India,3,11,15,0,4,2.0,10.827302
2022-01-06,Fusion Earbuds,Accessories,South India,2,1,6,3,1,1.0,18.02028
2022-06-03,Fusion Earbuds,Accessories,South India,1,6,3,4,2,2.0,7.427513
2022-09-20,Fusion Earbuds,Accessories,South India,1,9,20,1,3,5.0,18.67448
2022-10-24,Fusion Earbuds,Accessories,South India,3,10,24,0,4,6.0,8.052564
2023-01-19,Fusion Earbuds,Accessories,South India,30,1,19,3,1,1.0,9.753093
2023-03-11,Fusion Earbuds,Accessories,South India,1,3,11,5,1,11.0,8.428903
2023-04-30,Fusion Earbuds,Accessories,South India,2,4,30,6,2,1.0,8.211923
2023-06-04,Fusion Earbuds,Accessories,South India,1,6,4,6,2,2.0,15.015655
2023-10-11,Fusion Earbuds,Accessories,South India,13,10,11,2,4,1.0,14.696434
2024-02-05,Fusion Earbuds,Accessories,South India,1,2,5,0,1,17.0,2.8216417
2022-07-29,Fusion Earbuds,Accessories,West India,1,7,29,4,3,1.0,9.270699
2023-11-02,Fusion Earbuds,Accessories,West India,2,11,2,3,4,2.0,13.827715
2024-05-03,Fusion Earbuds,Accessories,West India,1,5,3,4,2,1.0,6.029894
2021-08-23,Fusion Keyboard,Accessories,Central India,2,8,23,0,3,1.0,9.283658
2021-09-15,Fusion Keyboard,Accessories,East India,1,9,15,2,3,3.0,18.389055
2023-10-06,Fusion Keyboard,Accessories,East India,2,10,6,4,4,3.0,14.678732
2023-12-20,Fusion Keyboard,Accessories,East India,107,12,20,2,4,2.0,11.32099
2024-04-10,Fusion Keyboard,Accessories,East India,2,4,10,2,2,2.0,10.86446
2024-07-25,Fusion Keyboard,Accessories,East India,2,7,25,3,3,2.0,8.121138
2024-10-07,Fusion Keyboard,Accessories,East India,2,10,7,0,4,1.0,11.712387
2021-10-19,Fusion Keyboard,Accessories,North India,1,10,19,1,4,2.0,5.8693867
2022-01-19,Fusion Keyboard,Accessories,North India,3,1,19,2,1,4.0,8.082928
2022-11-03,Fusion Keyboard,Accessories,North India,4,11,3,3,4,1.0,7.769176
2021-08-02,Fusion Keyboard,Accessories,South India,4,8,2,0,3,4.0,10.792304
2022-08-13,Fusion Keyboard,Accessories,South India,2,8,13,5,3,2.0,12.375781
2023-06-21,Fusion Keyboard,Accessories,South India,1,6,21,2,2,4.0,6.402712
2023-09-03,Fusion Keyboard,Accessories,South India,2,9,3,6,3,1.0,10.01813
2024-11-16,Fusion Keyboard,Accessories,South India,4,11,16,5,4,6.0,10.206648
2021-05-14,Fusion Keyboard,Accessories,West India,2,5,14,4,2,1.0,8.418865
2022-11-11,Fusion Keyboard,Accessories,West India,3,11,11,4,4,3.0,6.150609
2023-06-14,Fusion Keyboard,Accessories,West India,1,6,14,2,2,1.0,6.1133165
2023-08-15,Fusion Keyboard,Accessories,West India,30,8,15,1,3,2.0,8.694268
2022-07-27,Fusion Mouse,Accessories,Central India,2,7,27,2,3,1.0,5.258629
2022-12-12,Fusion Mouse,Accessories,Central India,1,12,12,0,4,3.0,5.274144
2023-10-14,Fusion Mouse,Accessories,Central India,1,10,14,5,4,1.0,8.175318
2021-05-14,Fusion Mouse,Accessories,East India,21,5,14,4,2,5.0,6.1807547
2022-09-23,Fusion Mouse,Accessories,East India,1,9,23,4,3,1.0,8.544023
2022-04-15,Fusion Mouse,Accessories,North India,1,4,15,4,2,2.0,6.4598703
2022-05-25,Fusion Mouse,Accessories,North India,2,5,25,2,2,8.0,6.9303284
2022-12-08,Fusion Mouse,Accessories,North India,94,12,8,3,4,1.0,6.1804504
2023-12-31,Fusion Mouse,Accessories,North India,2,12,31,6,4,4.0,6.0415583
2024-12-05,Fusion Mouse,Accessories,North India,1,12,5,3,4,1.0,8.209758
2021-08-28,Fusion Mouse,Accessories,South India,3,8,28,5,3,1.0,7.1430526
2021-10-12,Fusion Mouse,Accessories,South India,4,10,12,1,4,3.0,8.571057
2021-06-16,Fusion Mouse,Accessories,West India,2,6,16,2,2,2.0,10.269499
2022-06-30,Fusion Mouse,Accessories,West India,3,6,30,3,2,2.0,16.438292
2023-07-15,Fusion Mouse,Accessories,West India,4,7,15,5,3,3.0,15.558761
2024-11-02,Fusion Mouse,Accessories,West India,2,11,2,5,4,196.0,13.513039
2021-12-28,Fusion Watch Lite,Wearables,North India,1,12,28,1,4,1.0,15.56217
2022-09-10,Fusion Watch Lite,Wearables,North India,1,9,10,5,3,1.0,10.367506
2024-07-03,Fusion Watch Lite,Wearables,North India,1,7,3,2,3,1.0,20.804232
2023-09-05,Fusion Watch Lite,Wearables,South India,2,9,5,1,3,1.0,20.441652
2023-07-03,Fusion Watch Lite,Wearables,West India,1,7,3,0,3,1.0,15.897628
2024-01-13,Fusion Watch Lite,Wearables,West India,38,1,13,5,1,1.0,15.314478
2022-05-17,Fusion Watch Pro,Wearables,East India,1,5,17,1,2,94.0,10.0702095
2023-10-15,Fusion Watch Pro,Wearables,East India,1,10,15,6,4,1.0,19.797823
2024-06-02,Fusion Watch Pro,Wearables,North India,1,6,2,6,2,1.0,10.468595
2023-09-17,Fusion Watch Pro,Wearables,South India,1,9,17,6,3,1.0,14.956745
2023-06-01,Fusion Watch Pro,Wearables,West India,1,6,1,3,2,222.0,7.2211113
2024-08-10,Fusion Watch Pro,Wearables,West India,1,8,10,5,3,2.0,16.164696
2021-02-03,FusionBook Air,Laptops,North India,170,2,3,2,1,67.0,10.284789
2021-06-14,FusionBook Air,Laptops,North India,2,6,14,0,2,2.0,6.4416814
2022-07-02,FusionBook Air,Laptops,North India,1,7,2,5,3,1.0,15.362827
2022-09-18,FusionBook Air,Laptops,North India,51,9,18,6,3,1.0,15.775815
2023-07-24,FusionBook Air,Laptops,North India,23,7,24,0,3,37.0,18.710958
2024-11-22,FusionBook Air,Laptops,North India,2,11,22,4,4,185.0,17.509365
2021-04-05,FusionBook Air,Laptops,South India,198,4,5,0,2,98.0,14.8069
2022-03-07,FusionBook Air,Laptops,South India,1,3,7,0,1,51.0,24.189808
2022-05-31,FusionBook Air,Laptops,South India,11,5,31,1,2,86.0,7.4259734
2023-01-14,FusionBook Air,Laptops,South India,116,1,14,5,1,2.0,14.3233795
2023-07-23,FusionBook Air,Laptops,South India,5,7,23,6,3,54.0,7.8301454
2023-10-22,FusionBook Air,Laptops,South India,87,10,22,6,4,1.0,8.895178
2024-06-09,FusionBook Air,Laptops,South India,5,6,9,6,2,2.0,8.523845
2024-10-03,FusionBook Air,Laptops,South India,113,10,3,3,4,168.0,10.698783
2021-01-19,FusionBook Air,Laptops,West India,100,1,19,1,1,30.0,8.030264
2021-03-06,FusionBook Air,Laptops,West India,97,3,6,5,1,1.0,9.97584
2021-10-25,FusionBook Air,Laptops,West India,349,10,25,0,4,20.0,12.812086
2022-01-26,FusionBook Air,Laptops,West India,14,1,26,2,1,158.0,6.5855627
2022-08-07,FusionBook Air,Laptops,West India,9,8,7,6,3,30.0,13.202045
2023-03-30,FusionBook Air,Laptops,West India,253,3,30,3,1,1.0,11.352755
2024-10-20,FusionBook Air,Laptops,West India,244,10,20,6,4,22.0,11.270468
2022-07-09,FusionBook Pro,Laptops,Central India,38,7,9,5,3,2.0,10.471548
2021-07-01,FusionBook Pro,Laptops,East India,87,7,1,3,3,151.0,10.036405
2021-10-06,FusionBook Pro,Laptops,East India,1,10,6,2,4,20.0,10.893616
2022-05-04,FusionBook Pro,Laptops,East India,80,5,4,2,2,1.0,7.8920903
2022-10-15,FusionBook Pro,Laptops,East India,1,10,15,5,4,1.0,9.991607
2024-02-28,FusionBook Pro,Laptops,East India,19,2,28,2,1,1.0,11.142504
2021-12-30,FusionBook Pro,Laptops,North India,127,12,30,3,4,112.0,9.82687
2022-10-14,FusionBook Pro,Laptops,North India,93,10,14,4,4,39.0,9.938742
2022-12-03,FusionBook Pro,Laptops,North India,28,12,3,5,4,194.0,10.195275
2023-05-28,FusionBook Pro,Laptops,North India,3,5,28,6,2,74.0,11.776834
2021-11-10,FusionBook Pro,Laptops,South India,48,11,10,2,4,313.0,14.629214
2021-12-20,FusionBook Pro,Laptops,South India,1,12,20,0,4,84.0,7.9436097
2023-08-10,FusionBook Pro,Laptops,South India,1,8,10,3,3,75.0,7.259148
2024-06-02,FusionBook Pro,Laptops,South India,31,6,2,6,2,2.0,6.4314713
2024-08-26,FusionBook Pro,Laptops,South India,47,8,26,0,3,2.0,8.432944
2021-06-10,FusionBook Pro,Laptops,West India,1,6,10,3,2,0.0,11.316495
2024-02-24,FusionBook Pro,Laptops,West India,1,2,24,5,1,50.0,8.009902
2024-07-14,FusionBook Pro,Laptops,West India,53,7,14,6,3,85.0,8.064517
2022-05-15,FusionBook Ultra,Laptops,Central India,1,5,15,6,2,1.0,6.7018924
2024-03-12,FusionBook Ultra,Laptops,East India,48,3,12,1,1,18.0,-0.6582907
2022-12-11,FusionBook Ultra,Laptops,North India,1,12,11,6,4,49.0,6.8316708
2023-05-13,FusionBook Ultra,Laptops,North India,13,5,13,5,2,18.0,5.833947
2023-11-02,FusionBook Ultra,Laptops,North India,68,11,2,3,4,45.0,9.970513
2024-05-25,FusionBook Ultra,Laptops,North India,1,5,25,5,2,112.0,6.023555
2024-12-19,FusionBook Ultra,Laptops,North India,3,12,19,3,4,51.0,5.477433
2023-03-06,FusionBook Ultra,Laptops,South India,160,3,6,0,1,29.0,6.743545
2023-09-11,FusionBook Ultra,Laptops,South India,121,9,11,0,3,78.0,7.7493978
2024-09-08,FusionBook Ultra,Laptops,South India,38,9,8,6,3,77.0,5.631437
2022-05-15,FusionBook Ultra,Laptops,West India,3,5,15,6,2,1.0,10.371472
2022-09-02,FusionBook Ultra,Laptops,West India,83,9,2,4,3,1.0,10.981781
2023-07-04,FusionBook Ultra,Laptops,West India,36,7,4,1,3,58.0,5.3064775
2023-08-28,FusionBook Ultra,Laptops,West India,1,8,28,0,3,31.0,10.520757
2023-12-14,FusionBook Ultra,Laptops,West India,23,12,14,3,4,111.0,6.0141234
2024-02-14,FusionBook Ultra,Laptops,West India,40,2,14,2,1,1.0,5.9769125
2024-09-13,FusionBook Ultra,Laptops,West India,9,9,13,4,3,72.0,8.879598
2024-12-28,FusionBook Ultra,Laptops,West India,198,12,28,5,4,165.0,9.124448
2023-04-25,FusionPhone Lite,Smartphones,Central India,2,4,25,1,2,1.0,7.830496
2021-05-04,FusionPhone Lite,Smartphones,East India,1,5,4,1,2,1.0,14.189849
2022-01-16,FusionPhone Lite,Smartphones,East India,22,1,16,6,1,2.0,13.352975
2022-11-10,FusionPhone Lite,Smartphones,East India,2,11,10,3,4,1.0,9.092445
2024-10-21,FusionPhone Lite,Smartphones,East India,2,10,21,0,4,2.0,11.307177
2021-08-15,FusionPhone Lite,Smartphones,North India,2,8,15,6,3,3.0,20.83827
2021-10-22,FusionPhone Lite,Smartphones,North India,2,10,22,4,4,1.0,20.694674
2022-10-24,FusionPhone Lite,Smartphones,North India,7,10,24,0,4,8.0,17.846176
2023-02-12,FusionPhone Lite,Smartphones,North India,1,2,12,6,1,3.0,10.4663105
2024-03-10,FusionPhone Lite,Smartphones,North India,2,3,10,6,1,3.0,18.637632
2024-06-01,FusionPhone Lite,Smartphones,North India,88,6,1,5,2,2.0,12.984665
2024-11-25,FusionPhone Lite,Smartphones,North India,21,11,25,0,4,2.0,19.98941
2021-08-01,FusionPhone Lite,Smartphones,South India,1,8,1,6,3,2.0,16.092627
2021-12-25,FusionPhone Lite,Smartphones,South India,2,12,25,5,4,1.0,16.142159
2022-03-02,FusionPhone Lite,Smartphones,South India,5,3,2,2,1,1.0,9.695282
2022-05-09,FusionPhone Lite,Smartphones,South India,2,5,9,0,2,4.0,9.125238
2022-11-28,FusionPhone Lite,Smartphones,South India,50,11,28,0,4,3.0,7.2983727
2023-01-21,FusionPhone Lite,Smartphones,South India,4,1,21,5,1,5.0,7.3666925
2023-03-14,FusionPhone Lite,Smartphones,South India,3,3,14,1,1,1.0,11.442865
2023-07-11,FusionPhone Lite,Smartphones,South India,1,7,11,1,3,58.0,13.463679
2023-11-10,FusionPhone Lite,Smartphones,South India,101,11,10,4,4,146.0,3.9399788
2024-06-03,FusionPhone Lite,Smartphones,South India,10,6,3,0,2,80.0,7.619062
2021-08-29,FusionPhone Lite,Smartphones,West India,1,8,29,6,3,3.0,10.3896055
2022-05-02,FusionPhone Lite,Smartphones,West India,1,5,2,0,2,29.0,11.229735
2022-08-02,FusionPhone Lite,Smartphones,West India,1,8,2,1,3,3.0,9.873665
2023-11-16,FusionPhone Lite,Smartphones,West India,1,11,16,3,4,1.0,4.8383594
2024-09-23,FusionPhone Ultra,Smartphones,Central India,1,9,23,0,3,1.0,18.259104
2024-09-21,FusionPhone Ultra,Smartphones,East India,1,9,21,5,3,4.0,17.240677
2023-07-18,FusionPhone Ultra,Smartphones,North India,3,7,18,1,3,2.0,9.620536
2023-10-06,FusionPhone Ultra,Smartphones,North India,1,10,6,4,4,2.0,16.435087
2024-07-08,FusionPhone Ultra,Smartphones,North India,1,7,8,0,3,2.0,8.836037
2023-03-18,FusionPhone Ultra,Smartphones,South India,3,3,18,5,1,2.0,10.198566
2023-07-05,FusionPhone Ultra,Smartphones,South India,3,7,5,2,3,3.0,8.26122
2024-07-11,FusionPhone Ultra,Smartphones,South India,1,7,11,3,3,3.0,7.492895
2024-11-18,FusionPhone Ultra,Smartphones,South India,2,11,18,0,4,2.0,8.593515
2024-04-25,FusionPhone Ultra,Smartphones,West India,2,4,25,3,2,2.0,11.37725
2024-11-30,FusionPhone Ultra,Smartphones,West India,5,11,30,5,4,1.0,16.107233
2021-11-28,FusionPhone X,Smartphones,Central India,61,11,28,6,4,1.0,10.753854
2023-01-25,FusionPhone X,Smartphones,East India,3,1,25,2,1,1.0,7.8304586
2022-06-04,FusionPhone X,Smartphones,North India,1,6,4,5,2,1.0,6.8242025
2022-07-07,FusionPhone X,Smartphones,North India,1,7,7,3,3,1.0,8.2871
2022-12-27,FusionPhone X,Smartphones,North India,3,12,27,1,4,2.0,10.316327
2022-08-24,FusionPhone X,Smartphones,South India,2,8,24,2,3,3.0,8.80577
2022-11-16,FusionPhone X,Smartphones,South India,2,11,16,2,4,2.0,8.954732
2023-09-26,FusionPhone X,Smartphones,South India,1,9,26,1,3,2.0,12.521992
2021-08-31,FusionPhone X,Smartphones,West India,5,8,31,1,3,1.0,5.386355
2022-03-08,FusionPhone X,Smartphones,West India,1,3,8,1,1,23.0,5.5030584
2022-04-18,FusionPhone X,Smartphones,West India,1,4,18,0,2,49.0,9.244562
2023-06-17,FusionPhone X,Smartphones,West India,3,6,17,5,2,2.0,5.4150834
2024-06-05,FusionPhone X,Smartphones,West India,2,6,5,2,2,1.0,7.9596777
2024-09-27,FusionPhone X,Smartphones,West India,3,9,27,4,3,1.0,6.850903
2024-03-17,FusionTab Mini,Tablets,East India,1,3,17,6,1,80.0,6.313409
2022-05-21,FusionTab Mini,Tablets,North India,1,5,21,5,2,18.0,7.1212373
2023-08-15,FusionTab Mini,Tablets,North India,1,8,15,1,3,14.0,5.5197573
2021-11-11,FusionTab Mini,Tablets,West India,1,11,11,3,4,21.0,5.6458173
2024-07-27,FusionTab Mini,Tablets,West India,1,7,27,5,3,1.0,-3.6993594
2024-10-21,FusionTab Mini,Tablets,West India,3,10,21,0,4,76.0,6.5440784
2024-03-03,FusionTab Pro,Tablets,East India,82,3,3,6,1,1.0,9.472033
2022-08-16,FusionTab Pro,Tablets,South India,2,8,16,1,3,1.0,5.905489
2022-11-13,FusionTab Pro,Tablets,South India,2,11,13,6,4,45.0,5.1135917
2023-03-28,FusionTab Pro,Tablets,South India,1,3,28,1,1,195.0,8.405124
2024-06-01,FusionTab Pro,Tablets,South India,2,6,1,5,2,91.0,14.211435
2024-10-23,FusionTab Pro,Tablets,South India,3,10,23,2,4,2.0,10.09386
2024-05-21,FusionTab Pro,Tablets,West India,53,5,21,1,2,1.0,13.688938
2024-12-30,FusionTab Pro,Tablets,West India,1,12,30,0,4,67.0,14.382803
2024-12-23,FusionView 24,Monitors,Central India,14,12,23,0,4,121.0,24.506907
2022-12-31,FusionView 24,Monitors,East India,19,12,31,5,4,1.0,18.761715
2021-08-07,FusionView 24,Monitors,North India,1,8,7,5,3,1.0,9.905622
2022-10-26,FusionView 24,Monitors,North India,65,10,26,2,4,30.0,21.171118
2023-10-14,FusionView 24,Monitors,North India,8,10,14,5,4,34.0,9.697114
2024-08-19,FusionView 24,Monitors,North India,1,8,19,0,3,1.0,21.911903
2021-11-06,FusionView 24,Monitors,South India,45,11,6,5,4,125.0,20.132421
2023-02-18,FusionView 24,Monitors,South India,1,2,18,5,1,50.0,23.226355
2024-10-13,FusionView 24,Monitors,South India,48,10,13,6,4,1.0,18.23253
2021-12-01,FusionView 24,Monitors,West India,50,12,1,2,4,1.0,20.23325
2022-07-15,FusionView 24,Monitors,West India,13,7,15,4,3,37.0,17.00497
2023-03-31,FusionView 24,Monitors,West India,64,3,31,4,1,1.0,15.7064495
2024-06-19,FusionView 24,Monitors,West India,26,6,19,2,2,1.0,8.868788
2022-11-05,FusionView 27,Monitors,East India,1,11,5,5,4,129.0,11.338703
2021-11-07,FusionView 27,Monitors,North India,1,11,7,6,4,196.0,7.5299315
2024-12-17,FusionView 27,Monitors,North India,1,12,17,1,4,62.0,14.603631
2023-01-07,FusionView 27,Monitors,South India,42,1,7,5,1,28.0,12.897669
2023-11-14,FusionView 27,Monitors,South India,1,11,14,1,4,68.0,14.149524
2024-10-03,FusionView 27,Monitors,South India,49,10,3,3,4,25.0,8.172999
2023-08-27,FusionView 32,Monitors,Central India,49,8,27,6,3,1.0,6.2990723
2023-08-23,FusionView 32,Monitors,East India,1,8,23,2,3,33.0,12.056542
2024-10-21,FusionView 32,Monitors,East India,8,10,21,0,4,35.0,8.140392
2024-10-18,FusionView 32,Monitors,North India,18,10,18,4,4,1.0,10.321334
2023-01-26,FusionView 32,Monitors,South India,37,1,26,3,1,17.0,4.650905
2023-11-05,FusionView 32,Monitors,South India,48,11,5,6,4,31.0,8.133659
2022-08-13,FusionView 32,Monitors,West India,1,8,13,5,3,1.0,7.69005
2024-02-27,FusionView 32,Monitors,West India,93,2,27,1,1,31.0,1.8353739
2023-11-06,Fusion Case,Accessories,West India,31,11,6,0,4,16.0,3.7350268
2024-02-02,Fusion Case,Accessories,West India,1,2,2,4,1,1.0,1.7856958
2024-12-10,Fusion Charger,Accessories,East India,1,12,10,1,4,1.0,7.8174634
2021-07-08,Fusion Charger,Accessories,North India,28,7,8,3,3,1.0,0.7987666
2021-09-25,Fusion Charger,Accessories,North India,7,9,25,5,3,1.0,4.761974
2021-11-01,Fusion Charger,Accessories,North India,1,11,1,0,4,86.0,4.700438
2023-03-26,Fusion Charger,Accessories,North India,3,3,26,6,1,3.0,3.979094
2023-05-14,Fusion Charger,Accessories,North India,18,5,14,6,2,1.0,3.1824834
2021-03-15,Fusion Charger,Accessories,South India,5,3,15,0,1,5.0,5.1860104
2021-05-19,Fusion Charger,Accessories,South India,4,5,19,2,2,6.0,4.4893312
2024-06-29,Fusion Charger,Accessories,South India,2,6,29,5,2,2.0,5.7776065
2021-03-27,Fusion Charger,Accessories,West India,6,3,27,5,1,5.0,14.225625
2024-10-15,Fusion Charger,Accessories,West India,2,10,15,1,4,5.0,10.097485
2024-11-30,Fusion Charger,Accessories,West India,3,11,30,5,4,1.0,6.505808
2021-03-27,Fusion Earbuds,Accessories,East India,171,3,27,5,1,47.0,4.608232
2022-06-29,Fusion Earbuds,Accessories,North India,1,6,29,2,2,1.0,2.8977761
2024-01-11,Fusion Earbuds,Accessories,North India,39,1,11,3,1,4.0,7.0668607
2024-08-03,Fusion Earbuds,Accessories,North India,3,8,3,5,3,3.0,18.382116
2021-01-08,Fusion Earbuds,Accessories,South India,80,1,8,4,1,85.0,12.947064
2023-01-21,Fusion Earbuds,Accessories,South India,6,1,21,5,1,30.0,14.920653
2024-09-20,Fusion Earbuds,Accessories,South India,1,9,20,4,3,3.0,6.6779127
2022-05-03,Fusion Earbuds,Accessories,West India,4,5,3,1,2,1.0,0.8951938
2023-12-21,Fusion Earbuds,Accessories,West India,22,12,21,3,4,3.0,6.4899225
2021-08-07,Fusion Keyboard,Accessories,North India,7,8,7,5,3,5.0,35.46453
2022-02-22,Fusion Keyboard,Accessories,South India,2,2,22,1,1,2.0,2.8272245
2023-06-22,Fusion Keyboard,Accessories,South India,2,6,22,3,2,1.0,4.813243
2024-10-23,Fusion Keyboard,Accessories,West India,5,10,23,2,4,9.0,4.962303
2022-12-30,Fusion Mouse,Accessories,Central India,1,12,30,4,4,1.0,3.9886713
2022-05-26,Fusion Mouse,Accessories,North India,1,5,26,3,2,2.0,-1.1310896
2024-01-02,Fusion Mouse,Accessories,North India,1,1,2,1,1,2.0,4.756085
2022-08-08,Fusion Mouse,Accessories,South India,2,8,8,0,3,1.0,-1.3749989
2022-09-30,Fusion Watch Lite,Wearables,Central India,1,9,30,4,3,1.0,5.7776065
2024-02-16,Fusion Watch Lite,Wearables,South India,1,2,16,4,1,1.0,12.669957
2021-04-06,FusionBook Air,Laptops,South India,139,4,6,1,2,198.0,13.365858
2022-01-12,FusionBook Air,Laptops,South India,103,1,12,2,1,10.0,5.072782
2021-01-21,FusionBook Air,Laptops,West India,152,1,21,3,1,100.0,4.040006
2022-04-29,FusionBook Air,Laptops,West India,1,4,29,4,2,50.0,2.0098643
2022-07-11,FusionBook Pro,Laptops,Central India,49,7,11,0,3,38.0,7.0206633
2021-07-27,FusionBook Pro,Laptops,West India,3,7,27,1,3,37.0,4.9470277
2024-07-23,FusionBook Ultra,Laptops,Central India,1,7,23,1,3,1.0,4.8858833
2023-01-22,FusionBook Ultra,Laptops,North India,100,1,22,6,1,64.0,1.0026555
2021-08-16,FusionPhone Lite,Smartphones,North India,2,8,16,0,3,2.0,13.98614
2023-06-18,FusionPhone Lite,Smartphones,North India,1,6,18,6,2,1.0,14.599136
2021-05-22,FusionPhone Lite,Smartphones,South India,62,5,22,5,2,2.0,12.931565
2022-05-10,FusionPhone Lite,Smartphones,South India,2,5,10,1,2,2.0,6.3594713
2022-08-09,FusionPhone Lite,Smartphones,South India,2,8,9,1,3,3.0,3.535311
2024-06-04,FusionPhone Lite,Smartphones,South India,1,6,4,1,2,10.0,3.4283426
2021-06-14,FusionPhone Lite,Smartphones,West India,38,6,14,0,2,4.0,5.0530343
2022-03-10,FusionPhone Lite,Smartphones,West India,28,3,10,3,1,1.0,8.323981
2022-05-03,FusionPhone Lite,Smartphones,West India,2,5,3,1,2,1.0,5.117439
2023-01-22,FusionPhone Lite,Smartphones,West India,6,1,22,6,1,4.0,6.038973
2022-11-20,FusionPhone Ultra,Smartphones,South India,2,11,20,6,4,3.0,4.916818
2023-07-06,FusionPhone Ultra,Smartphones,South India,2,7,6,3,3,3.0,13.878382
2024-01-14,FusionPhone Ultra,Smartphones,West India,3,1,14,6,1,28.0,4.492445
2021-12-30,FusionPhone X,Smartphones,East India,12,12,30,3,4,1.0,7.1327786
2023-07-25,FusionPhone X,Smartphones,North India,1,7,25,1,3,3.0,7.3971286
2022-01-29,FusionPhone X,Smartphones,South India,37,1,29,5,1,34.0,5.8557014
2022-04-25,FusionPhone X,Smartphones,South India,1,4,25,0,2,1.0,4.389689
2024-07-03,FusionPhone X,Smartphones,South India,3,7,3,2,3,4.0,16.270554
2023-12-04,FusionPhone X,Smartphones,West India,3,12,4,0,4,3.0,4.622169
2022-08-29,FusionTab Mini,Tablets,South India,1,8,29,0,3,1.0,8.310959
2023-01-09,FusionTab Mini,Tablets,South India,1,1,9,0,1,1.0,4.8293447
2024-05-30,FusionTab Pro,Tablets,North India,41,5,30,3,2,120.0,5.429276
2022-06-25,FusionTab Pro,Tablets,West India,3,6,25,5,2,29.0,6.0068626
2024-05-23,FusionTab Pro,Tablets,West India,1,5,23,3,2,53.0,13.5189705
2021-08-04,FusionView 24,Monitors,Central India,79,8,4,2,3,0.0,12.189436
2022-02-23,FusionView 24,Monitors,North India,46,2,23,2,1,22.0,6.248763
2024-08-23,FusionView 24,Monitors,North India,34,8,23,4,3,1.0,7.1385503
2024-06-25,FusionView 24,Monitors,West India,91,6,25,1,2,26.0,10.080745
2024-11-25,FusionView 27,Monitors,East India,46,11,25,0,4,1.0,7.2633057
2024-03-24,FusionView 27,Monitors,South India,35,3,24,6,1,5.0,-1.8518493
2022-06-24,FusionView 32,Monitors,South India,117,6,24,4,2,15.0,3.999607
2024-05-14,Fusion Case,Accessories,West India,3,5,14,1,2,1.0,5.0120845
2021-03-03,Fusion Charger,Accessories,East India,15,3,3,2,1,1.0,7.153039
2023-06-13,Fusion Charger,Accessories,East India,3,6,13,1,2,2.0,6.1342893
2024-04-09,Fusion Charger,Accessories,East India,1,4,9,1,2,1.0,6.833306
2021-03-02,Fusion Charger,Accessories,North India,17,3,2,1,1,7.0,5.8724008
2021-09-26,Fusion Charger,Accessories,North India,2,9,26,6,3,7.0,6.3525496
2022-01-11,Fusion Charger,Accessories,North India,45,1,11,1,1,1.0,3.5811198
2024-01-13,Fusion Charger,Accessories,North India,2,1,13,5,1,3.0,5.2153344
2024-03-01,Fusion Charger,Accessories,North India,5,3,1,4,1,1.0,6.4623146
2024-10-21,Fusion Charger,Accessories,North India,7,10,21,0,4,6.0,0.4074246
2021-11-26,Fusion Charger,Accessories,South India,1,11,26,4,4,4.0,24.15148
2022-04-29,Fusion Charger,Accessories,South India,2,4,29,4,2,39.0,0.6971385
2021-09-27,Fusion Charger,Accessories,West India,2,9,27,0,3,1.0,7.903731
2021-11-28,Fusion Charger,Accessories,West India,1,11,28,6,4,5.0,13.004081
2022-02-06,Fusion Charger,Accessories,West India,4,2,6,6,1,4.0,12.2728815
2022-04-26,Fusion Charger,Accessories,West India,2,4,26,1,2,3.0,15.999829
2023-07-31,Fusion Charger,Accessories,West India,1,7,31,0,3,37.0,11.160934
2024-03-19,Fusion Charger,Accessories,West India,2,3,19,1,1,1.0,10.965525
2023-11-11,Fusion Earbuds,Accessories,Central India,5,11,11,5,4,2.0,1.1130196
2023-03-14,Fusion Earbuds,Accessories,East India,1,3,14,1,1,2.0,10.052255
2023-11-22,Fusion Earbuds,Accessories,North India,5,11,22,2,4,15.0,7.184591
2024-03-27,Fusion Earbuds,Accessories,North India,3,3,27,2,1,1.0,16.892454
2021-03-21,Fusion Earbuds,Accessories,South India,84,3,21,6,1,39.0,10.782869
2021-09-27,Fusion Earbuds,Accessories,South India,37,9,27,0,3,5.0,5.3485556
2022-01-07,Fusion Earbuds,Accessories,South India,4,1,7,4,1,2.0,41.619434
2023-08-18,Fusion Earbuds,Accessories,South India,1,8,18,4,3,5.0,9.217539
2022-01-16,Fusion Earbuds,Accessories,West India,13,1,16,6,1,2.0,23.736269
2022-07-31,Fusion Earbuds,Accessories,West India,76,7,31,6,3,1.0,6.7755504
2023-03-23,Fusion Keyboard,Accessories,Central India,2,3,23,3,1,1.0,43.28415
2023-10-14,Fusion Keyboard,Accessories,Central India,1,10,14,5,4,1.0,12.5857315
2022-02-25,Fusion Keyboard,Accessories,East India,1,2,25,4,1,1.0,13.694218
2023-02-20,Fusion Keyboard,Accessories,East India,1,2,20,0,1,3.0,6.5855613
2024-04-12,Fusion Keyboard,Accessories,East India,1,4,12,4,2,2.0,11.96832
2023-06-30,Fusion Keyboard,Accessories,North India,2,6,30,4,2,1.0,14.520269
2024-04-01,Fusion Keyboard,Accessories,North India,2,4,1,0,2,3.0,7.370696
2021-06-02,Fusion Keyboard,Accessories,South India,2,6,2,2,2,3.0,7.718378
2023-06-23,Fusion Keyboard,Accessories,South India,1,6,23,4,2,2.0,16.78657
2023-09-04,Fusion Keyboard,Accessories,South India,1,9,4,0,3,2.0,9.778381
2023-11-14,Fusion Keyboard,Accessories,South India,7,11,14,1,4,10.0,15.142944
2022-04-27,Fusion Keyboard,Accessories,West India,2,4,27,2,2,2.0,10.218574
2022-10-04,Fusion Keyboard,Accessories,West India,3,10,4,1,4,3.0,5.560981
2023-06-15,Fusion Keyboard,Accessories,West India,3,6,15,3,2,1.0,8.286917
2023-08-16,Fusion Keyboard,Accessories,West India,1,8,16,2,3,30.0,14.301946
2024-12-28,Fusion Keyboard,Accessories,West India,3,12,28,5,4,40.0,9.045268
2024-09-27,Fusion Mouse,Accessories,Central India,1,9,27,4,3,1.0,8.886652
2021-10-04,Fusion Mouse,Accessories,North India,2,10,4,0,4,14.0,7.8860836
2022-07-03,Fusion Mouse,Accessories,North India,101,7,3,6,3,1.0,4.6280637
2024-02-08,Fusion Mouse,Accessories,North India,2,2,8,3,1,4.0,5.6249022
2023-10-15,Fusion Mouse,Accessories,South India,78,10,15,6,4,4.0,2.1951594
2024-09-16,Fusion Mouse,Accessories,South India,5,9,16,0,3,2.0,6.693516
2022-04-07,Fusion Mouse,Accessories,West India,1,4,7,3,2,2.0,12.362865
2023-02-12,Fusion Mouse,Accessories,West India,1,2,12,6,1,3.0,6.1515875
2023-09-22,Fusion Mouse,Accessories,West India,84,9,22,4,3,1.0,13.666601
2023-11-11,Fusion Mouse,Accessories,West India,36,11,11,5,4,4.0,8.5737
2022-09-16,Fusion Watch Lite,Wearables,North India,1,9,16,4,3,1.0,15.171552
2023-07-29,Fusion Watch Lite,Wearables,North India,1,7,29,5,3,1.0,14.650824
2022-09-11,Fusion Watch Pro,Wearables,Central India,1,9,11,6,3,1.0,7.5719004
2024-10-31,Fusion Watch Pro,Wearables,North India,1,10,31,3,4,2.0,7.8915496
2023-04-25,Fusion Watch Pro,Wearables,South India,1,4,25,1,2,1.0,4.683099
2023-09-18,Fusion Watch Pro,Wearables,South India,1,9,18,0,3,1.0,7.1348357
2024-08-29,Fusion Watch Pro,Wearables,West India,45,8,29,3,3,1.0,13.971873
2021-02-21,FusionBook Air,Laptops,East India,125,2,21,6,1,1.0,5.8909326
2022-05-17,FusionBook Air,Laptops,East India,39,5,17,1,2,54.0,3.8615668
2022-12-07,FusionBook Air,Laptops,East India,207,12,7,2,4,1.0,7.65435
2023-07-05,FusionBook Air,Laptops,East India,41,7,5,2,3,33.0,5.796563
2024-10-30,FusionBook Air,Laptops,East India,1,10,30,2,4,178.0,9.487834
2021-08-06,FusionBook Air,Laptops,North India,27,8,6,4,3,36.0,-3.3747194
2021-10-16,FusionBook Air,Laptops,North India,9,10,16,5,4,139.0,17.747505
2022-02-26,FusionBook Air,Laptops,North India,31,2,26,5,1,1.0,6.978928
2024-07-22,FusionBook Air,Laptops,North India,1,7,22,0,3,40.0,2.40485
2022-01-13,FusionBook Air,Laptops,South India,67,1,13,3,1,103.0,7.975647
2022-04-19,FusionBook Air,Laptops,South India,94,4,19,1,2,1.0,13.641986
2024-05-01,FusionBook Air,Laptops,South India,107,5,1,2,2,40.0,9.916568
2021-06-02,FusionBook Air,Laptops,West India,2,6,2,2,2,146.0,6.8563786
2022-02-15,FusionBook Pro,Laptops,Central India,2,2,15,1,1,1.0,6.489363
2022-07-10,FusionBook Pro,Laptops,East India,1,7,10,6,3,1.0,10.223496
2023-01-07,FusionBook Pro,Laptops,East India,1,1,7,5,1,1.0,7.5301123
2023-11-07,FusionBook Pro,Laptops,East India,2,11,7,1,4,19.0,8.06165
2021-12-31,FusionBook Pro,Laptops,North India,48,12,31,4,4,127.0,13.93287
2021-10-04,FusionBook Pro,Laptops,South India,56,10,4,0,4,214.0,11.410997
2022-08-08,FusionBook Pro,Laptops,South India,1,8,8,0,3,13.0,19.815859
2022-09-04,FusionBook Pro,Laptops,West India,2,9,4,6,3,1.0,13.062328
2023-01-23,FusionBook Pro,Laptops,West India,1,1,23,0,1,81.0,5.679401
2022-05-23,FusionBook Ultra,Laptops,East India,1,5,23,0,2,1.0,7.702337
2022-07-28,FusionBook Ultra,Laptops,North India,1,7,28,3,3,2.0,6.660417
2023-07-15,FusionBook Ultra,Laptops,North India,3,7,15,5,3,50.0,9.001911
2024-01-26,FusionBook Ultra,Laptops,North India,30,1,26,4,1,21.0,6.142341
2024-09-12,FusionBook Ultra,Laptops,North India,145,9,12,3,3,1.0,9.008808
2022-04-18,FusionBook Ultra,Laptops,South India,15,4,18,0,2,35.0,7.1256905
2022-06-05,FusionBook Ultra,Laptops,South India,24,6,5,6,2,32.0,5.776435
2023-06-20,FusionBook Ultra,Laptops,South India,2,6,20,1,2,1.0,3.4608746
2022-12-08,FusionBook Ultra,Laptops,West India,2,12,8,3,4,1.0,6.6667886
2023-03-21,FusionBook Ultra,Laptops,West India,21,3,21,1,1,2.0,3.8918824
2023-11-06,FusionBook Ultra,Laptops,West India,111,11,6,0,4,160.0,5.925665
2021-07-22,FusionPhone Lite,Smartphones,East India,1,7,22,3,3,1.0,6.780182
2022-11-11,FusionPhone Lite,Smartphones,East India,2,11,11,4,4,2.0,9.076878
2023-05-20,FusionPhone Lite,Smartphones,East India,1,5,20,5,2,110.0,6.202349
2021-12-13,FusionPhone Lite,Smartphones,North India,1,12,13,0,4,2.0,16.91674
2022-08-28,FusionPhone Lite,Smartphones,North India,15,8,28,6,3,2.0,14.04033
2023-04-26,FusionPhone Lite,Smartphones,North India,5,4,26,2,2,27.0,15.893402
2024-03-11,FusionPhone Lite,Smartphones,North India,2,3,11,0,1,2.0,14.322737
2021-08-02,FusionPhone Lite,Smartphones,South India,1,8,2,0,3,1.0,8.6762495
2021-10-18,FusionPhone Lite,Smartphones,South India,5,10,18,0,4,1.0,34.11025
2022-03-03,FusionPhone Lite,Smartphones,South India,1,3,3,3,1,5.0,11.27707
2023-11-11,FusionPhone Lite,Smartphones,South India,60,11,11,5,4,101.0,6.4283347
2024-07-26,FusionPhone Lite,Smartphones,South India,29,7,26,4,3,1.0,10.950454
2021-05-07,FusionPhone Lite,Smartphones,West India,4,5,7,4,2,5.0,5.5998716
2022-03-12,FusionPhone Lite,Smartphones,West India,2,3,12,5,1,28.0,6.5405993
2023-12-26,FusionPhone Lite,Smartphones,West India,1,12,26,1,4,2.0,7.724844
2024-05-17,FusionPhone Lite,Smartphones,West India,1,5,17,4,2,3.0,22.614956
2024-02-05,FusionPhone Ultra,Smartphones,East India,1,2,5,0,1,1.0,9.564301
2023-10-07,FusionPhone Ultra,Smartphones,North India,3,10,7,5,4,1.0,10.784752
2024-12-01,FusionPhone Ultra,Smartphones,North India,2,12,1,6,4,3.0,4.406504
2022-10-09,FusionPhone Ultra,Smartphones,West India,1,10,9,6,4,2.0,12.120198
2022-08-17,FusionPhone X,Smartphones,Central India,1,8,17,2,3,1.0,6.7028465
2024-10-29,FusionPhone X,Smartphones,Central India,2,10,29,1,4,3.0,12.614596
2023-04-01,FusionPhone X,Smartphones,East India,39,4,1,5,2,1.0,7.024527
2021-10-25,FusionPhone X,Smartphones,North India,23,10,25,0,4,1.0,7.4096026
2022-11-16,FusionPhone X,Smartphones,North India,1,11,16,2,4,2.0,10.450794
2024-03-21,FusionPhone X,Smartphones,North India,3,3,21,3,1,1.0,11.842132
2023-11-13,FusionPhone X,Smartphones,South India,8,11,13,0,4,11.0,16.028189
2024-04-07,FusionPhone X,Smartphones,South India,2,4,7,6,2,2.0,10.355404
2022-12-31,FusionPhone X,Smartphones,West India,2,12,31,5,4,5.0,8.913594
2021-07-25,FusionTab Mini,Tablets,North India,71,7,25,6,3,1.0,5.5669928
2022-01-23,FusionTab Mini,Tablets,South India,1,1,23,6,1,70.0,9.593286
2023-04-04,FusionTab Mini,Tablets,South India,39,4,4,1,2,56.0,6.06679
2023-12-15,FusionTab Mini,Tablets,South India,28,12,15,4,4,1.0,5.1908393
2024-10-27,FusionTab Mini,Tablets,South India,1,10,27,6,4,91.0,5.83122
2022-02-25,FusionTab Pro,Tablets,East India,1,2,25,4,1,1.0,4.9717746
2022-05-18,FusionTab Pro,Tablets,North India,1,5,18,2,2,31.0,8.469731
2022-02-25,FusionTab Pro,Tablets,South India,29,2,25,4,1,34.0,5.528313
2023-08-31,FusionTab Pro,Tablets,South India,41,8,31,3,3,2.0,10.460939
2024-02-02,FusionTab Pro,Tablets,South India,1,2,2,4,1,1.0,7.340051
2022-09-18,FusionTab Pro,Tablets,West India,1,9,18,6,3,1.0,8.020883
2024-02-02,FusionTab Pro,Tablets,West India,48,2,2,4,1,36.0,12.239504
2021-08-10,FusionView 24,Monitors,Central India,1,8,10,1,3,79.0,14.9179535
2023-01-23,FusionView 24,Monitors,East India,160,1,23,0,1,19.0,7.9585266
2022-10-27,FusionView 24,Monitors,North India,9,10,27,3,4,65.0,14.110855
2023-12-31,FusionView 24,Monitors,South India,1,12,31,6,4,1.0,12.81019
2022-11-07,FusionView 27,Monitors,North India,79,11,7,0,4,9.0,12.414495
2023-01-15,FusionView 27,Monitors,South India,1,1,15,6,1,42.0,5.8845572
2023-11-18,FusionView 27,Monitors,South India,1,11,18,5,4,1.0,6.3596544
2024-08-08,FusionView 27,Monitors,West India,40,8,8,3,3,1.0,3.4085195
2022-02-19,FusionView 32,Monitors,West India,1,2,19,5,1,23.0,7.0729113
2024-02-04,Fusion Case,Accessories,West India,5,2,4,6,1,1.0,7.9623156
2024-05-17,Fusion Case,Accessories,West India,3,5,17,4,2,3.0,6.9753275
2021-02-07,Fusion Charger,Accessories,Central India,1,2,7,6,1,3.0,6.4598703
2021-03-25,Fusion Charger,Accessories,Central India,2,3,25,3,1,1.0,7.1356378
2021-11-12,Fusion Charger,Accessories,Central India,2,11,12,4,4,112.0,9.356452
2022-03-20,Fusion Charger,Accessories,Central India,3,3,20,6,1,1.0,4.760881
2023-01-07,Fusion Charger,Accessories,Central India,1,1,7,5,1,1.0,5.6678357
2021-03-04,Fusion Charger,Accessories,East India,91,3,4,3,1,15.0,6.661344
2021-10-03,Fusion Charger,Accessories,East India,4,10,3,6,4,1.0,7.9634476
2023-09-11,Fusion Charger,Accessories,East India,1,9,11,0,3,2.0,10.395428
2024-12-11,Fusion Charger,Accessories,East India,3,12,11,2,4,1.0,9.8591585
2021-04-06,Fusion Charger,Accessories,North India,6,4,6,1,2,41.0,3.9899416
2021-08-14,Fusion Charger,Accessories,North India,2,8,14,5,3,2.0,8.398878
2022-01-12,Fusion Charger,Accessories,North India,6,1,12,2,1,45.0,7.7108426
2022-07-31,Fusion Charger,Accessories,North India,1,7,31,6,3,2.0,7.847107
2022-09-04,Fusion Charger,Accessories,North India,2,9,4,6,3,1.0,4.5939355
2024-09-12,Fusion Charger,Accessories,North India,4,9,12,3,3,1.0,9.77676
2021-02-16,Fusion Charger,Accessories,South India,24,2,16,1,1,43.0,9.601524
2021-07-01,Fusion Charger,Accessories,South India,3,7,1,3,3,2.0,6.6185055
2021-08-02,Fusion Charger,Accessories,South India,3,8,2,0,3,5.0,8.874603
2022-03-19,Fusion Charger,Accessories,South India,1,3,19,5,1,2.0,7.233867
2022-04-30,Fusion Charger,Accessories,South India,1,4,30,5,2,2.0,14.95435
2022-06-14,Fusion Charger,Accessories,South India,2,6,14,1,2,3.0,10.704794
2022-08-10,Fusion Charger,Accessories,South India,3,8,10,2,3,1.0,14.032913
2023-01-31,Fusion Charger,Accessories,South India,3,1,31,1,1,2.0,14.16648
2023-03-18,Fusion Charger,Accessories,South India,2,3,18,5,1,1.0,14.945571
2023-07-06,Fusion Charger,Accessories,South India,2,7,6,3,3,3.0,11.087706
2023-10-20,Fusion Charger,Accessories,South India,1,10,20,4,4,4.0,8.688981
2024-10-03,Fusion Charger,Accessories,South India,1,10,3,3,4,5.0,18.336351
2024-11-07,Fusion Charger,Accessories,South India,1,11,7,3,4,1.0,25.891113
2021-03-28,Fusion Charger,Accessories,West India,5,3,28,6,1,6.0,10.552691
2021-05-11,Fusion Charger,Accessories,West India,47,5,11,1,2,40.0,21.625769
2021-07-11,Fusion Charger,Accessories,West India,5,7,11,6,3,1.0,10.335051
2021-09-28,Fusion Charger,Accessories,West India,1,9,28,1,3,2.0,10.195364
2022-02-09,Fusion Charger,Accessories,West India,4,2,9,2,1,4.0,20.025637
2022-07-10,Fusion Charger,Accessories,West India,2,7,10,6,3,2.0,28.161589
2022-10-02,Fusion Charger,Accessories,West India,4,10,2,6,4,3.0,53.69786
2022-11-27,Fusion Charger,Accessories,West India,1,11,27,6,4,6.0,15.04835
2023-05-04,Fusion Charger,Accessories,West India,4,5,4,3,2,8.0,19.899693
2023-10-11,Fusion Charger,Accessories,West India,2,10,11,2,4,2.0,18.380592
2023-11-30,Fusion Charger,Accessories,West India,97,11,30,3,4,6.0,10.360152
2024-01-25,Fusion Charger,Accessories,West India,4,1,25,3,1,52.0,10.989349
2022-08-23,Fusion Earbuds,Accessories,Central India,4,8,23,1,3,16.0,6.5921626
2023-02-18,Fusion Earbuds,Accessories,Central India,1,2,18,5,1,3.0,16.946712
2023-11-12,Fusion Earbuds,Accessories,Central India,6,11,12,6,4,5.0,10.21791
2021-06-30,Fusion Earbuds,Accessories,East India,1,6,30,2,2,1.0,13.673664
2021-10-19,Fusion Earbuds,Accessories,East India,4,10,19,1,4,1.0,16.577126
2022-01-19,Fusion Earbuds,Accessories,East India,3,1,19,2,1,1.0,8.051233
2022-05-29,Fusion Earbuds,Accessories,East India,1,5,29,6,2,4.0,5.0942707
2022-09-24,Fusion Earbuds,Accessories,East India,1,9,24,5,3,1.0,14.759012
2023-12-05,Fusion Earbuds,Accessories,East India,1,12,5,1,4,1.0,9.019742
2022-05-17,Fusion Earbuds,Accessories,North India,2,5,17,1,2,1.0,4.98338
2022-12-26,Fusion Earbuds,Accessories,North India,2,12,26,0,4,1.0,31.577208
2023-03-27,Fusion Earbuds,Accessories,North India,39,3,27,0,1,1.0,8.146277
2023-05-15,Fusion Earbuds,Accessories,North India,1,5,15,0,2,1.0,7.4060574
2023-07-10,Fusion Earbuds,Accessories,North India,2,7,10,0,3,1.0,23.319862
2024-03-28,Fusion Earbuds,Accessories,North India,1,3,28,3,1,3.0,17.71732
2024-08-04,Fusion Earbuds,Accessories,North India,1,8,4,6,3,3.0,11.723873
2021-04-25,Fusion Earbuds,Accessories,South India,6,4,25,6,2,3.0,9.228899
2021-05-27,Fusion Earbuds,Accessories,South India,5,5,27,3,2,31.0,9.504442
2021-07-03,Fusion Earbuds,Accessories,South India,2,7,3,5,3,4.0,7.098335
2023-05-01,Fusion Earbuds,Accessories,South India,1,5,1,0,2,2.0,11.290305
2023-07-09,Fusion Earbuds,Accessories,South India,3,7,9,6,3,4.0,8.153868
2023-10-12,Fusion Earbuds,Accessories,South India,182,10,12,3,4,13.0,14.6780405
2024-02-08,Fusion Earbuds,Accessories,South India,1,2,8,3,1,1.0,8.1533375
2021-05-14,Fusion Earbuds,Accessories,West India,1,5,14,4,2,2.0,12.6370325
2022-05-04,Fusion Earbuds,Accessories,West India,2,5,4,2,2,4.0,6.79383
2022-12-04,Fusion Earbuds,Accessories,West India,2,12,4,6,4,2.0,16.575464
2023-12-22,Fusion Earbuds,Accessories,West India,2,12,22,4,4,22.0,13.169045
2024-02-07,Fusion Earbuds,Accessories,West India,1,2,7,2,1,1.0,12.390097
2022-05-18,Fusion Keyboard,Accessories,Central India,2,5,18,2,2,2.0,10.093412
2023-10-18,Fusion Keyboard,Accessories,Central India,1,10,18,2,4,1.0,9.457477
2022-06-03,Fusion Keyboard,Accessories,East India,3,6,3,4,2,1.0,8.448447
2024-04-17,Fusion Keyboard,Accessories,East India,1,4,17,2,2,1.0,10.251276
2021-04-18,Fusion Keyboard,Accessories,North India,39,4,18,6,2,4.0,8.367124
2021-05-16,Fusion Keyboard,Accessories,North India,32,5,16,6,2,2.0,8.367124
2022-08-05,Fusion Keyboard,Accessories,North India,2,8,5,4,3,2.0,10.528517
2022-12-07,Fusion Keyboard,Accessories,North India,1,12,7,2,4,3.0,6.8283076
2023-07-01,Fusion Keyboard,Accessories,North India,1,7,1,5,3,2.0,9.135733
2023-09-01,Fusion Keyboard,Accessories,North India,2,9,1,4,3,1.0,10.525946
2023-10-17,Fusion Keyboard,Accessories,North India,2,10,17,1,4,2.0,7.7881017
2022-04-04,Fusion Keyboard,Accessories,South India,3,4,4,0,2,49.0,7.2738724
2022-06-29,Fusion Keyboard,Accessories,South India,3,6,29,2,2,27.0,7.972106
2022-10-06,Fusion Keyboard,Accessories,South India,5,10,6,3,4,3.0,13.194299
2023-03-04,Fusion Keyboard,Accessories,South India,4,3,4,5,1,1.0,7.9999857
2024-05-12,Fusion Keyboard,Accessories,South India,2,5,12,6,2,53.0,7.2826495
2024-08-25,Fusion Keyboard,Accessories,South India,31,8,25,6,3,9.0,5.637046
2021-05-15,Fusion Keyboard,Accessories,West India,25,5,15,5,2,2.0,5.748679
2021-07-08,Fusion Keyboard,Accessories,West India,2,7,8,3,3,1.0,11.790196
2022-04-28,Fusion Keyboard,Accessories,West India,1,4,28,3,2,2.0,5.264021
2022-07-06,Fusion Keyboard,Accessories,West India,1,7,6,2,3,3.0,8.848416
2024-12-29,Fusion Keyboard,Accessories,West India,1,12,29,6,4,3.0,7.576651
2024-10-04,Fusion Mouse,Accessories,Central India,1,10,4,4,4,1.0,10.930785
2023-03-17,Fusion Mouse,Accessories,East India,3,3,17,4,1,2.0,5.4965763
2021-11-19,Fusion Mouse,Accessories,North India,3,11,19,4,4,3.0,10.536652
2022-01-12,Fusion Mouse,Accessories,North India,2,1,12,2,1,1.0,17.263458
2022-05-27,Fusion Mouse,Accessories,North India,1,5,27,4,2,1.0,5.752551
2023-03-05,Fusion Mouse,Accessories,North India,80,3,5,6,1,2.0,5.4396
2024-09-14,Fusion Mouse,Accessories,North India,2,9,14,5,3,3.0,8.137105
2024-10-31,Fusion Mouse,Accessories,North India,39,10,31,3,4,6.0,9.544689
2021-06-15,Fusion Mouse,Accessories,South India,2,6,15,1,2,3.0,7.530911
2021-07-25,Fusion Mouse,Accessories,South India,4,7,25,6,3,3.0,-1.5431931
2022-03-22,Fusion Mouse,Accessories,South India,3,3,22,1,1,4.0,10.290943
2022-08-09,Fusion Mouse,Accessories,South India,50,8,9,1,3,2.0,9.714609
2023-01-11,Fusion Mouse,Accessories,South India,5,1,11,2,1,3.0,7.9096823
2023-03-31,Fusion Mouse,Accessories,South India,1,3,31,4,1,1.0,5.801638
2023-07-15,Fusion Mouse,Accessories,South India,1,7,15,5,3,2.0,10.99152
2024-08-19,Fusion Mouse,Accessories,South India,104,8,19,0,3,2.0,7.841781
2021-07-24,Fusion Mouse,Accessories,West India,1,7,24,5,3,3.0,6.771259
2021-11-30,Fusion Mouse,Accessories,West India,1,11,30,1,4,4.0,6.4578686
2022-08-27,Fusion Mouse,Accessories,West India,38,8,27,5,3,3.0,12.772404
2023-07-16,Fusion Mouse,Accessories,West India,1,7,16,6,3,4.0,14.054907
2024-05-18,Fusion Mouse,Accessories,West India,1,5,18,5,2,78.0,8.648514
2024-11-03,Fusion Mouse,Accessories,West India,4,11,3,6,4,2.0,20.401735
2022-10-03,Fusion Watch Lite,Wearables,Central India,1,10,3,0,4,1.0,18.248121
2022-04-27,Fusion Watch Lite,Wearables,East India,1,4,27,2,2,1.0,16.91398
2022-01-05,Fusion Watch Lite,Wearables,North India,1,1,5,2,1,1.0,15.86165
2022-09-20,Fusion Watch Lite,Wearables,North India,1,9,20,1,3,1.0,20.385284
2024-07-05,Fusion Watch Lite,Wearables,North India,1,7,5,4,3,1.0,19.571423
2021-11-17,Fusion Watch Lite,Wearables,South India,1,11,17,2,4,15.0,18.416222
2022-06-03,Fusion Watch Lite,Wearables,South India,1,6,3,4,2,1.0,20.218412
2023-01-20,Fusion Watch Lite,Wearables,South India,1,1,20,4,1,1.0,20.19375
2023-09-06,Fusion Watch Lite,Wearables,South India,1,9,6,2,3,2.0,10.702489
2024-06-19,Fusion Watch Lite,Wearables,South India,1,6,19,2,2,1.0,31.205313
2024-11-29,Fusion Watch Lite,Wearables,South India,1,11,29,4,4,1.0,20.48371
2022-08-28,Fusion Watch Lite,Wearables,West India,20,8,28,6,3,1.0,20.559452
2024-01-15,Fusion Watch Lite,Wearables,West India,1,1,15,0,1,38.0,16.008673
2022-10-22,Fusion Watch Pro,Wearables,Central India,18,10,22,5,4,1.0,10.683256
2022-05-18,Fusion Watch Pro,Wearables,East India,1,5,18,2,2,1.0,17.607107
2023-10-29,Fusion Watch Pro,Wearables,East India,1,10,29,6,4,1.0,15.67046
2022-03-18,Fusion Watch Pro,Wearables,North India,1,3,18,4,1,56.0,19.438951
2024-11-01,Fusion Watch Pro,Wearables,North India,1,11,1,4,4,1.0,16.318026
2022-06-19,Fusion Watch Pro,Wearables,South India,2,6,19,6,2,1.0,13.424808
2022-11-17,Fusion Watch Pro,Wearables,South India,1,11,17,3,4,1.0,16.054314
2022-11-27,Fusion Watch Pro,Wearables,West India,1,11,27,6,4,47.0,15.395819
2023-06-02,Fusion Watch Pro,Wearables,West India,80,6,2,4,2,1.0,7.4060516
2021-05-06,FusionBook Air,Laptops,Central India,54,5,6,3,2,22.0,7.454097
2021-10-15,FusionBook Air,Laptops,Central India,164,10,15,4,4,24.0,9.043886
2023-04-24,FusionBook Air,Laptops,Central India,21,4,24,0,2,172.0,10.52811
2024-02-13,FusionBook Air,Laptops,Central India,26,2,13,1,1,1.0,9.479782
2024-07-23,FusionBook Air,Laptops,Central India,1,7,23,1,3,180.0,13.102697
2022-01-25,FusionBook Air,Laptops,East India,48,1,25,1,1,99.0,9.17372
2024-10-31,FusionBook Air,Laptops,East India,103,10,31,3,4,1.0,5.2871137
2021-06-15,FusionBook Air,Laptops,North India,25,6,15,1,2,2.0,5.241663
2021-12-18,FusionBook Air,Laptops,North India,24,12,18,5,4,1.0,19.89133
2022-02-27,FusionBook Air,Laptops,North India,49,2,27,6,1,31.0,32.30837
2023-09-15,FusionBook Air,Laptops,North India,1,9,15,4,3,36.0,9.135088
2024-02-12,FusionBook Air,Laptops,North India,1,2,12,0,1,25.0,25.933994
2021-05-28,FusionBook Air,Laptops,South India,101,5,28,4,2,16.0,7.2608676
2022-01-14,FusionBook Air,Laptops,South India,92,1,14,4,1,67.0,8.027945
2022-04-20,FusionBook Air,Laptops,South India,60,4,20,2,2,94.0,15.954054
2022-06-02,FusionBook Air,Laptops,South India,25,6,2,3,2,11.0,13.766808
2022-07-16,FusionBook Air,Laptops,South India,48,7,16,5,3,36.0,10.633702
2022-08-26,FusionBook Air,Laptops,South India,31,8,26,4,3,39.0,10.028305
2022-10-14,FusionBook Air,Laptops,South India,88,10,14,4,4,165.0,3.2359765
2022-11-21,FusionBook Air,Laptops,South India,19,11,21,0,4,2.0,9.796291
2023-10-23,FusionBook Air,Laptops,South India,192,10,23,0,4,87.0,9.510309
2021-03-07,FusionBook Air,Laptops,West India,147,3,7,6,1,97.0,9.292857
2021-07-10,FusionBook Air,Laptops,West India,25,7,10,5,3,1.0,11.802677
2021-08-28,FusionBook Air,Laptops,West India,3,8,28,5,3,48.0,13.416574
2022-01-27,FusionBook Air,Laptops,West India,7,1,27,3,1,14.0,-17.195255
2022-06-16,FusionBook Air,Laptops,West India,30,6,16,3,2,49.0,9.118478
2024-06-06,FusionBook Air,Laptops,West India,49,6,6,3,2,1.0,8.574889
2024-08-09,FusionBook Air,Laptops,West India,38,8,9,4,3,58.0,14.13557
2023-09-04,FusionBook Pro,Laptops,Central India,1,9,4,0,3,1.0,10.096488
2021-12-05,FusionBook Pro,Laptops,East India,64,12,5,6,4,1.0,12.121833
2023-01-11,FusionBook Pro,Laptops,East India,1,1,11,2,1,1.0,8.02097
2023-11-08,FusionBook Pro,Laptops,East India,50,11,8,2,4,2.0,10.965734
2021-06-12,FusionBook Pro,Laptops,North India,93,6,12,5,2,26.0,12.757483
2022-02-19,FusionBook Pro,Laptops,North India,4,2,19,5,1,1.0,13.720043
2022-08-18,FusionBook Pro,Laptops,North India,1,8,18,3,3,187.0,8.119258
2023-12-14,FusionBook Pro,Laptops,North India,22,12,14,3,4,216.0,14.009638
2024-06-05,FusionBook Pro,Laptops,North India,47,6,5,2,2,17.0,14.241682
2021-06-27,FusionBook Pro,Laptops,South India,23,6,27,6,2,31.0,11.891073
2021-08-04,FusionBook Pro,Laptops,South India,2,8,4,2,3,1.0,8.324937
2021-10-05,FusionBook Pro,Laptops,South India,42,10,5,1,4,56.0,9.330303
2022-10-01,FusionBook Pro,Laptops,South India,2,10,1,5,4,53.0,12.2262535
2024-04-08,FusionBook Pro,Laptops,South India,9,4,8,0,2,55.0,10.392282
2024-09-30,FusionBook Pro,Laptops,South India,181,9,30,0,3,40.0,5.6823454
2021-06-11,FusionBook Pro,Laptops,West India,23,6,11,4,2,1.0,2.8233776
2022-06-26,FusionBook Pro,Laptops,West India,11,6,26,6,2,193.0,8.718482
2022-09-05,FusionBook Pro,Laptops,West India,10,9,5,0,3,2.0,6.6809845
2023-01-25,FusionBook Pro,Laptops,West India,35,1,25,2,1,1.0,9.011833
2023-10-09,FusionBook Pro,Laptops,West India,15,10,9,0,4,25.0,6.466083
2024-01-13,FusionBook Pro,Laptops,West India,46,1,13,5,1,102.0,7.0414
2024-03-14,FusionBook Ultra,Laptops,East India,37,3,14,3,1,48.0,5.4965763
2022-04-26,FusionBook Ultra,Laptops,North India,41,4,26,1,2,97.0,7.0299525
2022-06-17,FusionBook Ultra,Laptops,North India,1,6,17,4,2,2.0,5.786256
2023-07-16,FusionBook Ultra,Laptops,North India,1,7,16,6,3,3.0,7.977584
2024-05-27,FusionBook Ultra,Laptops,North India,23,5,27,0,2,1.0,5.0722156
2024-09-13,FusionBook Ultra,Laptops,North India,76,9,13,4,3,145.0,4.717595
2024-10-30,FusionBook Ultra,Laptops,North India,2,10,30,2,4,1.0,8.571774
2022-11-04,FusionBook Ultra,Laptops,South India,9,11,4,4,4,58.0,9.637342
2023-04-30,FusionBook Ultra,Laptops,South India,47,4,30,6,2,88.0,10.019931
2023-06-21,FusionBook Ultra,Laptops,South India,1,6,21,2,2,2.0,5.3390045
2023-11-06,FusionBook Ultra,Laptops,South India,45,11,6,0,4,22.0,10.818338
2024-02-09,FusionBook Ultra,Laptops,South India,54,2,9,4,1,1.0,5.659928
2024-09-09,FusionBook Ultra,Laptops,South India,1,9,9,0,3,38.0,6.915255
2023-08-29,FusionBook Ultra,Laptops,West India,21,8,29,1,3,1.0,10.49155
2024-02-15,FusionBook Ultra,Laptops,West India,1,2,15,3,1,40.0,5.431686
2024-04-05,FusionBook Ultra,Laptops,West India,47,4,5,4,2,20.0,6.0383797
2024-05-29,FusionBook Ultra,Laptops,West India,87,5,29,2,2,33.0,8.523975
2024-09-29,FusionPhone Lite,Smartphones,Central India,23,9,29,6,3,2.0,15.164332
2021-03-03,FusionPhone Lite,Smartphones,East India,1,3,3,2,1,4.0,16.083029
2022-11-12,FusionPhone Lite,Smartphones,East India,1,11,12,5,4,2.0,7.0342994
2023-05-21,FusionPhone Lite,Smartphones,East India,1,5,21,6,2,1.0,15.137725
2023-10-02,FusionPhone Lite,Smartphones,East India,3,10,2,0,4,1.0,8.171412
2024-06-30,FusionPhone Lite,Smartphones,East India,3,6,30,6,2,1.0,15.252937
2021-05-13,FusionPhone Lite,Smartphones,North India,2,5,13,3,2,5.0,17.773602
2021-07-04,FusionPhone Lite,Smartphones,North India,2,7,4,6,3,1.0,15.607323
2022-05-11,FusionPhone Lite,Smartphones,North India,2,5,11,2,2,2.0,17.982134
2022-12-25,FusionPhone Lite,Smartphones,North India,1,12,25,6,4,1.0,18.31342
2023-02-14,FusionPhone Lite,Smartphones,North India,2,2,14,1,1,1.0,9.9794035
2023-04-27,FusionPhone Lite,Smartphones,North India,3,4,27,3,2,5.0,20.450676
2024-03-12,FusionPhone Lite,Smartphones,North India,2,3,12,1,1,2.0,18.989408
2024-06-02,FusionPhone Lite,Smartphones,North India,1,6,2,6,2,88.0,18.69926
2021-03-13,FusionPhone Lite,Smartphones,South India,6,3,13,5,1,9.0,9.43646
2021-05-23,FusionPhone Lite,Smartphones,South India,4,5,23,6,2,62.0,19.108135
2021-08-03,FusionPhone Lite,Smartphones,South India,40,8,3,1,3,1.0,11.540538
2021-10-19,FusionPhone Lite,Smartphones,South India,101,10,19,1,4,5.0,11.538012
2021-12-26,FusionPhone Lite,Smartphones,South India,1,12,26,6,4,2.0,16.054697
2022-03-04,FusionPhone Lite,Smartphones,South India,1,3,4,4,1,1.0,16.178337
2022-11-29,FusionPhone Lite,Smartphones,South India,1,11,29,1,4,50.0,14.623186
2023-01-22,FusionPhone Lite,Smartphones,South India,4,1,22,6,1,4.0,13.860938
2023-07-14,FusionPhone Lite,Smartphones,South India,2,7,14,4,3,1.0,13.47254
2024-01-07,FusionPhone Lite,Smartphones,South India,3,1,7,6,1,5.0,-1.7242606
2024-04-15,FusionPhone Lite,Smartphones,South India,2,4,15,0,2,36.0,12.713394
2024-06-05,FusionPhone Lite,Smartphones,South India,1,6,5,2,2,1.0,7.6392765
2021-07-18,FusionPhone Lite,Smartphones,West India,2,7,18,6,3,35.0,6.8068204
2021-10-11,FusionPhone Lite,Smartphones,West India,3,10,11,0,4,78.0,6.981398
2022-08-03,FusionPhone Lite,Smartphones,West India,1,8,3,2,3,1.0,9.760709
2024-08-10,FusionPhone Lite,Smartphones,West India,1,8,10,5,3,1.0,8.012512
2024-05-02,FusionPhone Ultra,Smartphones,Central India,29,5,2,3,2,1.0,17.548868
2022-10-12,FusionPhone Ultra,Smartphones,East India,2,10,12,2,4,1.0,18.464315
2024-05-08,FusionPhone Ultra,Smartphones,East India,1,5,8,2,2,1.0,7.4546986
2024-12-27,FusionPhone Ultra,Smartphones,East India,2,12,27,4,4,1.0,16.479671
2023-03-15,FusionPhone Ultra,Smartphones,North India,1,3,15,2,1,1.0,2.320826
2023-05-19,FusionPhone Ultra,Smartphones,North India,1,5,19,4,2,2.0,10.795294
2023-10-08,FusionPhone Ultra,Smartphones,North India,4,10,8,6,4,3.0,16.181356
2024-02-11,FusionPhone Ultra,Smartphones,North India,42,2,11,6,1,137.0,8.437648
2024-04-06,FusionPhone Ultra,Smartphones,North India,1,4,6,5,2,1.0,12.299435
2024-08-29,FusionPhone Ultra,Smartphones,North India,13,8,29,3,3,1.0,9.799977
2022-12-25,FusionPhone Ultra,Smartphones,South India,12,12,25,6,4,1.0,11.110506
2023-03-19,FusionPhone Ultra,Smartphones,South India,34,3,19,6,1,3.0,10.722445
2024-07-12,FusionPhone Ultra,Smartphones,South India,4,7,12,4,3,1.0,7.881162
2023-01-01,FusionPhone Ultra,Smartphones,West India,19,1,1,6,1,2.0,8.032678
2024-01-15,FusionPhone Ultra,Smartphones,West India,1,1,15,0,1,3.0,9.918112
2024-04-26,FusionPhone Ultra,Smartphones,West India,2,4,26,4,2,2.0,9.7423115
2024-06-24,FusionPhone Ultra,Smartphones,West India,3,6,24,0,2,2.0,12.851566
2022-03-22,FusionPhone X,Smartphones,Central India,1,3,22,1,1,2.0,7.755233
2023-11-01,FusionPhone X,Smartphones,Central India,1,11,1,2,4,1.0,9.725007
2024-10-31,FusionPhone X,Smartphones,Central India,4,10,31,3,4,2.0,14.534836
2021-12-08,FusionPhone X,Smartphones,North India,2,12,8,2,4,3.0,9.440161
2022-02-01,FusionPhone X,Smartphones,North India,21,2,1,1,1,1.0,13.148597
2022-04-23,FusionPhone X,Smartphones,North India,30,4,23,5,2,2.0,7.6535583
2022-11-17,FusionPhone X,Smartphones,North India,3,11,17,3,4,1.0,8.798599
2023-07-28,FusionPhone X,Smartphones,North India,1,7,28,4,3,1.0,8.081962
2023-09-15,FusionPhone X,Smartphones,North India,1,9,15,4,3,2.0,12.987106
2024-06-17,FusionPhone X,Smartphones,North India,2,6,17,0,2,2.0,11.814649
2021-11-04,FusionPhone X,Smartphones,South India,7,11,4,3,4,12.0,10.195942
2021-12-17,FusionPhone X,Smartphones,South India,4,12,17,4,4,2.0,8.236964
2023-09-27,FusionPhone X,Smartphones,South India,70,9,27,2,3,1.0,14.202089
2024-01-29,FusionPhone X,Smartphones,South India,2,1,29,0,1,113.0,6.616056
2022-01-24,FusionPhone X,Smartphones,West India,1,1,24,0,1,5.0,6.8750386
2023-06-17,FusionTab Mini,Tablets,East India,1,6,17,5,2,80.0,9.478067
2023-02-25,FusionTab Mini,Tablets,North India,95,2,25,5,1,29.0,4.92985
2024-01-26,FusionTab Mini,Tablets,North India,75,1,26,4,1,1.0,6.865542
2021-05-18,FusionTab Mini,Tablets,South India,50,5,18,1,2,151.0,5.913672
2021-07-13,FusionTab Mini,Tablets,South India,1,7,13,1,3,65.0,8.218692
2021-09-17,FusionTab Mini,Tablets,South India,1,9,17,4,3,1.0,8.398878
2022-08-30,FusionTab Mini,Tablets,South India,1,8,30,1,3,1.0,8.877926
2024-02-07,FusionTab Mini,Tablets,South India,75,2,7,2,1,93.0,5.327658
2024-08-10,FusionTab Mini,Tablets,South India,96,8,10,5,3,78.0,10.267702
2021-11-12,FusionTab Mini,Tablets,West India,30,11,12,4,4,1.0,10.433584
2023-01-24,FusionTab Mini,Tablets,West India,1,1,24,1,1,1.0,7.8757787
2023-11-22,FusionTab Mini,Tablets,West India,1,11,22,2,4,1.0,5.939009
2022-02-26,FusionTab Pro,Tablets,East India,195,2,26,5,1,1.0,8.218296
2023-01-21,FusionTab Pro,Tablets,East India,1,1,21,5,1,1.0,5.1540093
2022-07-20,FusionTab Pro,Tablets,North India,50,7,20,2,3,1.0,1.1518419
2024-03-08,FusionTab Pro,Tablets,North India,29,3,8,4,1,1.0,9.892546
2022-06-23,FusionTab Pro,Tablets,South India,201,6,23,3,2,3.0,9.651615
2023-03-29,FusionTab Pro,Tablets,South India,26,3,29,2,1,1.0,14.318455
2024-07-25,FusionTab Pro,Tablets,South India,13,7,25,3,3,10.0,8.333198
2024-10-24,FusionTab Pro,Tablets,South India,1,10,24,3,4,3.0,14.552913
2022-03-30,FusionTab Pro,Tablets,West India,13,3,30,2,1,1.0,15.049747
2022-12-13,FusionTab Pro,Tablets,West India,1,12,13,1,4,2.0,12.646338
2023-04-27,FusionTab Pro,Tablets,West India,45,4,27,3,2,1.0,9.310869
2024-05-24,FusionTab Pro,Tablets,West India,1,5,24,4,2,1.0,18.684038
2021-07-07,FusionView 24,Monitors,East India,1,7,7,2,3,0.0,20.218412
2021-08-11,FusionView 24,Monitors,North India,7,8,11,2,3,1.0,18.843485
2022-10-29,FusionView 24,Monitors,North India,82,10,29,5,4,9.0,20.58641
2024-08-31,FusionView 24,Monitors,North India,1,8,31,5,3,34.0,11.897002
2023-03-01,FusionView 24,Monitors,South India,171,3,1,2,1,1.0,22.563368
2024-01-17,FusionView 24,Monitors,South India,1,1,17,2,1,1.0,27.45572
2021-11-19,FusionView 27,Monitors,North India,36,11,19,4,4,1.0,20.405718
2022-09-03,FusionView 27,Monitors,South India,1,9,3,5,3,12.0,8.92873
2023-01-22,FusionView 27,Monitors,South India,17,1,22,6,1,1.0,10.072073
2021-11-12,FusionView 27,Monitors,West India,15,11,12,4,4,1.0,7.5969844
2022-07-15,FusionView 27,Monitors,West India,8,7,15,4,3,1.0,17.404922
2023-08-09,FusionView 27,Monitors,West India,30,8,9,2,3,1.0,6.4800644
2022-11-05,FusionView 32,Monitors,North India,84,11,5,5,4,17.0,9.141567
2024-05-28,FusionView 32,Monitors,North India,11,5,28,1,2,1.0,10.837254
2024-10-19,FusionView 32,Monitors,North India,51,10,19,5,4,18.0,9.376314
2022-07-01,FusionView 32,Monitors,South India,1,7,1,4,3,117.0,7.199542
2024-08-07,FusionView 32,Monitors,West India,29,8,7,2,3,32.0,6.144102
2021-06-17,Fusion Charger,Accessories,Central India,1,6,17,3,2,1.0,5.1151924
2023-01-12,Fusion Charger,Accessories,Central India,1,1,12,3,1,1.0,6.4800735
2021-08-07,Fusion Charger,Accessories,East India,1,8,7,5,3,1.0,7.926857
2021-10-04,Fusion Charger,Accessories,East India,3,10,4,0,4,4.0,8.05557
2021-11-17,Fusion Charger,Accessories,East India,30,11,17,2,4,3.0,7.4863734
2023-02-14,Fusion Charger,Accessories,East India,48,2,14,1,1,1.0,4.5005484
2023-09-12,Fusion Charger,Accessories,East India,2,9,12,1,3,1.0,7.626959
2023-12-30,Fusion Charger,Accessories,East India,1,12,30,5,4,1.0,7.7479463
2024-04-11,Fusion Charger,Accessories,East India,1,4,11,3,2,1.0,8.665922
2024-10-07,Fusion Charger,Accessories,East India,2,10,7,0,4,1.0,8.5935335
2024-12-14,Fusion Charger,Accessories,East India,1,12,14,5,4,3.0,10.377929
2022-02-23,Fusion Charger,Accessories,North India,1,2,23,2,1,56.0,8.100886
2022-04-27,Fusion Charger,Accessories,North India,1,4,27,2,2,1.0,6.553078
2022-06-10,Fusion Charger,Accessories,North India,3,6,10,4,2,115.0,7.7300453
2022-10-11,Fusion Charger,Accessories,North India,1,10,11,1,4,4.0,7.8380136
2023-05-15,Fusion Charger,Accessories,North India,2,5,15,0,2,18.0,10.520643
2023-08-19,Fusion Charger,Accessories,North India,11,8,19,5,3,5.0,7.744355
2023-11-02,Fusion Charger,Accessories,North India,66,11,2,3,4,1.0,6.421504
2024-06-20,Fusion Charger,Accessories,North India,2,6,20,3,2,1.0,9.078008
2021-01-12,Fusion Charger,Accessories,South India,100,1,12,1,1,41.0,8.912698
2021-08-04,Fusion Charger,Accessories,South India,3,8,4,2,3,3.0,9.087552
2021-11-27,Fusion Charger,Accessories,South India,1,11,27,5,4,1.0,8.882251
2022-02-10,Fusion Charger,Accessories,South India,2,2,10,3,1,4.0,9.69172
2022-03-20,Fusion Charger,Accessories,South India,3,3,20,6,1,1.0,8.382127
2022-06-15,Fusion Charger,Accessories,South India,2,6,15,2,2,2.0,20.197754
2022-11-10,Fusion Charger,Accessories,South India,6,11,10,3,4,2.0,12.234555
2022-12-19,Fusion Charger,Accessories,South India,1,12,19,0,4,4.0,9.229037
2023-05-09,Fusion Charger,Accessories,South India,3,5,9,1,2,1.0,11.194028
2023-07-08,Fusion Charger,Accessories,South India,4,7,8,5,3,2.0,21.446125
2023-12-02,Fusion Charger,Accessories,South India,19,12,2,5,4,3.0,13.223472
2024-02-26,Fusion Charger,Accessories,South India,3,2,26,0,1,44.0,21.612743
2024-05-06,Fusion Charger,Accessories,South India,5,5,6,0,2,64.0,17.629366
2024-11-08,Fusion Charger,Accessories,South India,3,11,8,4,4,1.0,13.201355
2021-01-01,Fusion Charger,Accessories,West India,105,1,1,4,1,0.0,22.674252
2021-02-10,Fusion Charger,Accessories,West India,22,2,10,2,1,3.0,12.325437
2021-07-13,Fusion Charger,Accessories,West India,1,7,13,1,3,5.0,23.883877
2021-09-30,Fusion Charger,Accessories,West India,1,9,30,3,3,1.0,46.7789
2021-11-29,Fusion Charger,Accessories,West India,1,11,29,0,4,1.0,24.144024
2022-02-12,Fusion Charger,Accessories,West India,2,2,12,5,1,4.0,25.61189
2022-04-30,Fusion Charger,Accessories,West India,1,4,30,5,2,2.0,22.19535
2022-07-11,Fusion Charger,Accessories,West India,1,7,11,0,3,2.0,31.494804
2022-10-03,Fusion Charger,Accessories,West India,2,10,3,0,4,4.0,86.728035
2022-11-28,Fusion Charger,Accessories,West India,1,11,28,0,4,1.0,30.378704
2023-05-06,Fusion Charger,Accessories,West India,1,5,6,5,2,4.0,17.23327
2023-08-01,Fusion Charger,Accessories,West India,152,8,1,1,3,1.0,14.830995
2023-10-12,Fusion Charger,Accessories,West India,2,10,12,3,4,2.0,10.4296055
2024-01-26,Fusion Charger,Accessories,West India,2,1,26,4,1,4.0,12.053929
2024-07-03,Fusion Charger,Accessories,West India,82,7,3,2,3,26.0,16.949833
2021-08-09,Fusion Earbuds,Accessories,Central India,1,8,9,0,3,1.0,8.390492
2022-08-26,Fusion Earbuds,Accessories,Central India,1,8,26,4,3,4.0,7.392909
2023-02-25,Fusion Earbuds,Accessories,Central India,6,2,25,5,1,1.0,15.726591
2024-04-24,Fusion Earbuds,Accessories,Central India,1,4,24,2,2,3.0,14.319565
2024-10-22,Fusion Earbuds,Accessories,Central India,2,10,22,1,4,43.0,9.518825
2023-06-24,Fusion Earbuds,Accessories,East India,3,6,24,5,2,1.0,14.924754
2023-09-26,Fusion Earbuds,Accessories,East India,1,9,26,1,3,3.0,8.918616
2023-12-07,Fusion Earbuds,Accessories,East India,1,12,7,3,4,1.0,12.93555
2024-10-28,Fusion Earbuds,Accessories,East India,5,10,28,0,4,2.0,10.662587
2024-12-31,Fusion Earbuds,Accessories,East India,4,12,31,1,4,2.0,8.028624
2021-08-17,Fusion Earbuds,Accessories,North India,1,8,17,1,3,1.0,7.2430134
2021-12-17,Fusion Earbuds,Accessories,North India,1,12,17,4,4,3.0,4.2470484
2022-06-30,Fusion Earbuds,Accessories,North India,1,6,30,3,2,1.0,5.259297
2022-10-07,Fusion Earbuds,Accessories,North India,1,10,7,4,4,22.0,6.2843924
2024-08-05,Fusion Earbuds,Accessories,North India,1,8,5,0,3,1.0,21.168982
2024-11-25,Fusion Earbuds,Accessories,North India,28,11,25,0,4,4.0,8.300488
2021-01-09,Fusion Earbuds,Accessories,South India,157,1,9,5,1,80.0,31.663492
2021-07-04,Fusion Earbuds,Accessories,South India,2,7,4,6,3,2.0,6.0895104
2021-08-10,Fusion Earbuds,Accessories,South India,2,8,10,1,3,4.0,5.233015
2021-09-28,Fusion Earbuds,Accessories,South India,1,9,28,1,3,37.0,7.3009133
2022-03-07,Fusion Earbuds,Accessories,South India,4,3,7,0,1,5.0,17.152588
2022-04-17,Fusion Earbuds,Accessories,South India,1,4,17,6,2,1.0,6.5112386
2022-07-22,Fusion Earbuds,Accessories,South India,4,7,22,4,3,1.0,7.0848517
2022-09-21,Fusion Earbuds,Accessories,South India,3,9,21,2,3,1.0,10.712503
2022-10-25,Fusion Earbuds,Accessories,South India,10,10,25,1,4,3.0,7.10134
2023-05-02,Fusion Earbuds,Accessories,South India,7,5,2,1,2,1.0,8.476421
2023-12-27,Fusion Earbuds,Accessories,South India,1,12,27,2,4,2.0,11.856214
2024-03-17,Fusion Earbuds,Accessories,South India,2,3,17,6,1,7.0,8.807775
2024-06-10,Fusion Earbuds,Accessories,South India,35,6,10,0,2,3.0,12.9481535
2024-12-24,Fusion Earbuds,Accessories,South India,6,12,24,1,4,2.0,14.1538925
2021-01-27,Fusion Earbuds,Accessories,West India,57,1,27,2,1,46.0,9.087484
2021-05-15,Fusion Earbuds,Accessories,West India,1,5,15,5,2,1.0,9.976818
2021-08-10,Fusion Earbuds,Accessories,West India,3,8,10,1,3,2.0,8.87848
2021-10-23,Fusion Earbuds,Accessories,West India,4,10,23,5,4,2.0,11.01527
2022-03-03,Fusion Earbuds,Accessories,West India,2,3,3,3,1,4.0,10.272142
2022-09-18,Fusion Earbuds,Accessories,West India,1,9,18,6,3,1.0,6.674334
2023-04-20,Fusion Earbuds,Accessories,West India,5,4,20,3,2,2.0,9.932547
2024-03-16,Fusion Earbuds,Accessories,West India,1,3,16,5,1,1.0,11.52705
2024-10-31,Fusion Earbuds,Accessories,West India,26,10,31,3,4,6.0,11.961143
2021-04-22,Fusion Keyboard,Accessories,Central India,1,4,22,3,2,1.0,14.098748
2022-05-22,Fusion Keyboard,Accessories,Central India,1,5,22,6,2,2.0,10.615222
2022-10-20,Fusion Keyboard,Accessories,Central India,2,10,20,3,4,28.0,10.399704
2022-02-28,Fusion Keyboard,Accessories,East India,1,2,28,0,1,1.0,17.175322
2022-09-14,Fusion Keyboard,Accessories,East India,1,9,14,2,3,1.0,8.34128
2024-04-18,Fusion Keyboard,Accessories,East India,1,4,18,3,2,1.0,10.534153
2021-06-24,Fusion Keyboard,Accessories,North India,1,6,24,3,2,31.0,8.32408
2021-10-21,Fusion Keyboard,Accessories,North India,21,10,21,3,4,1.0,7.4618435
2022-09-23,Fusion Keyboard,Accessories,North India,1,9,23,4,3,1.0,2.7926285
2023-07-04,Fusion Keyboard,Accessories,North India,2,7,4,1,3,1.0,12.176921
2023-09-02,Fusion Keyboard,Accessories,North India,2,9,2,5,3,2.0,11.055869
2023-10-18,Fusion Keyboard,Accessories,North India,40,10,18,2,4,2.0,15.522228
2023-12-10,Fusion Keyboard,Accessories,North India,3,12,10,6,4,2.0,11.6917095
2024-04-02,Fusion Keyboard,Accessories,North India,3,4,2,1,2,2.0,5.809057
2024-11-21,Fusion Keyboard,Accessories,North India,1,11,21,3,4,3.0,11.441061
2021-10-04,Fusion Keyboard,Accessories,South India,2,10,4,0,4,3.0,15.35366
2021-12-01,Fusion Keyboard,Accessories,South India,4,12,1,2,4,63.0,13.376473
2022-05-09,Fusion Keyboard,Accessories,South India,6,5,9,0,2,7.0,9.340285
2023-10-07,Fusion Keyboard,Accessories,South India,1,10,7,5,4,2.0,10.315279
2023-12-18,Fusion Keyboard,Accessories,South India,1,12,18,0,4,5.0,7.7953315
2024-05-13,Fusion Keyboard,Accessories,South India,38,5,13,0,2,2.0,12.943882
2024-08-26,Fusion Keyboard,Accessories,South India,1,8,26,0,3,31.0,8.451286
2022-01-05,Fusion Keyboard,Accessories,West India,2,1,5,2,1,2.0,8.932136
2022-02-19,Fusion Keyboard,Accessories,West India,2,2,19,5,1,2.0,5.406109
2022-07-07,Fusion Keyboard,Accessories,West India,3,7,7,3,3,1.0,11.164863
2022-11-12,Fusion Keyboard,Accessories,West India,3,11,12,5,4,3.0,7.154727
2023-03-31,Fusion Keyboard,Accessories,West India,2,3,31,4,1,1.0,6.3029613
2023-10-28,Fusion Keyboard,Accessories,West India,1,10,28,5,4,5.0,10.145695
2024-01-19,Fusion Keyboard,Accessories,West India,1,1,19,4,1,1.0,13.003937
2024-06-29,Fusion Keyboard,Accessories,West India,1,6,29,5,2,3.0,9.29898
2022-01-26,Fusion Mouse,Accessories,Central India,3,1,26,2,1,3.0,6.8142457
2023-01-01,Fusion Mouse,Accessories,Central India,1,1,1,6,1,1.0,6.05243
2023-10-15,Fusion Mouse,Accessories,Central India,1,10,15,6,4,1.0,8.841836
2021-05-15,Fusion Mouse,Accessories,East India,120,5,15,5,2,21.0,10.245336
2023-10-07,Fusion Mouse,Accessories,East India,1,10,7,5,4,2.0,5.7696075
2021-05-02,Fusion Mouse,Accessories,North India,1,5,2,6,2,13.0,7.479013
2022-12-09,Fusion Mouse,Accessories,North India,2,12,9,4,4,94.0,7.626959
2023-01-15,Fusion Mouse,Accessories,North India,1,1,15,6,1,5.0,6.7675915
2023-09-06,Fusion Mouse,Accessories,North India,4,9,6,2,3,1.0,11.208841
2023-10-27,Fusion Mouse,Accessories,North India,2,10,27,4,4,72.0,9.211389
2024-05-25,Fusion Mouse,Accessories,North India,2,5,25,5,2,3.0,5.264246
2021-06-16,Fusion Mouse,Accessories,South India,1,6,16,2,2,2.0,6.4860744
2021-08-30,Fusion Mouse,Accessories,South India,2,8,30,0,3,3.0,6.9718375
2021-12-14,Fusion Mouse,Accessories,South India,1,12,14,1,4,3.0,3.7713854
2022-08-10,Fusion Mouse,Accessories,South India,1,8,10,2,3,50.0,10.720039
2024-03-29,Fusion Mouse,Accessories,South India,1,3,29,4,1,99.0,6.9078336
2024-12-02,Fusion Mouse,Accessories,South India,1,12,2,0,4,2.0,9.267739
2021-10-29,Fusion Mouse,Accessories,West India,32,10,29,4,4,11.0,8.979665
2022-01-26,Fusion Mouse,Accessories,West India,5,1,26,2,1,1.0,9.417773
2022-04-08,Fusion Mouse,Accessories,West India,1,4,8,4,2,1.0,19.0484
2022-08-28,Fusion Mouse,Accessories,West India,3,8,28,6,3,38.0,10.498437
2023-02-14,Fusion Mouse,Accessories,West India,3,2,14,1,1,1.0,9.828925
2023-04-24,Fusion Mouse,Accessories,West India,2,4,24,0,2,25.0,9.5714445
2023-07-17,Fusion Mouse,Accessories,West India,1,7,17,0,3,1.0,15.332873
2024-01-17,Fusion Mouse,Accessories,West India,1,1,17,2,1,1.0,15.939319
2024-11-06,Fusion Mouse,Accessories,West India,57,11,6,2,4,4.0,13.172543
2022-11-27,Fusion Watch Lite,Wearables,Central India,2,11,27,6,4,1.0,18.87443
2022-04-30,Fusion Watch Lite,Wearables,East India,2,4,30,5,2,1.0,17.985952
2023-11-06,Fusion Watch Lite,Wearables,East India,1,11,6,0,4,1.0,19.275106
2022-01-06,Fusion Watch Lite,Wearables,North India,50,1,6,3,1,1.0,16.482035
2023-08-11,Fusion Watch Lite,Wearables,North India,27,8,11,4,3,1.0,21.117168
2024-07-07,Fusion Watch Lite,Wearables,North India,1,7,7,6,3,1.0,24.293415
2022-06-09,Fusion Watch Lite,Wearables,South India,2,6,9,3,2,1.0,26.773495
2023-01-21,Fusion Watch Lite,Wearables,South India,1,1,21,5,1,1.0,23.74419
2023-09-16,Fusion Watch Lite,Wearables,South India,1,9,16,5,3,1.0,23.479343
2023-01-29,Fusion Watch Lite,Wearables,West India,1,1,29,6,1,1.0,22.951363
2022-12-06,Fusion Watch Pro,Wearables,Central India,1,12,6,1,4,18.0,12.203805
2022-05-19,Fusion Watch Pro,Wearables,East India,1,5,19,3,2,1.0,12.010839
2023-11-02,Fusion Watch Pro,Wearables,East India,25,11,2,3,4,1.0,16.904285
2022-03-20,Fusion Watch Pro,Wearables,North India,1,3,20,6,1,1.0,16.764599
2023-06-10,Fusion Watch Pro,Wearables,North India,1,6,10,5,2,1.0,14.258803
2024-06-19,Fusion Watch Pro,Wearables,North India,1,6,19,2,2,1.0,12.062938
2022-06-24,Fusion Watch Pro,Wearables,South India,1,6,24,4,2,2.0,17.752666
2024-04-13,Fusion Watch Pro,Wearables,South India,31,4,13,5,2,1.0,17.323996
2024-08-13,Fusion Watch Pro,Wearables,South India,1,8,13,1,3,1.0,5.8539724
2024-12-12,Fusion Watch Pro,Wearables,South India,1,12,12,3,4,1.0,15.760242
2022-05-28,Fusion Watch Pro,Wearables,West India,1,5,28,5,2,1.0,10.885312
2022-11-28,Fusion Watch Pro,Wearables,West India,42,11,28,0,4,1.0,8.588244
2023-12-15,Fusion Watch Pro,Wearables,West India,1,12,15,4,4,1.0,11.591571
2024-09-17,Fusion Watch Pro,Wearables,West India,2,9,17,1,3,45.0,10.773376
2021-02-12,FusionBook Air,Laptops,Central India,38,2,12,4,1,114.0,10.794591
2021-05-07,FusionBook Air,Laptops,Central India,13,5,7,4,2,54.0,9.217714
2024-02-16,FusionBook Air,Laptops,Central India,1,2,16,4,1,26.0,10.048351
2021-02-25,FusionBook Air,Laptops,East India,174,2,25,3,1,125.0,8.028624
2021-06-13,FusionBook Air,Laptops,East India,31,6,13,6,2,94.0,8.313048
2021-07-27,FusionBook Air,Laptops,East India,1,7,27,1,3,1.0,9.870144
2021-10-03,FusionBook Air,Laptops,East India,144,10,3,6,4,86.0,11.473764
2022-01-29,FusionBook Air,Laptops,East India,1,1,29,5,1,48.0,7.514911
2022-08-23,FusionBook Air,Laptops,East India,1,8,23,1,3,1.0,10.467411
2023-10-08,FusionBook Air,Laptops,East India,1,10,8,6,4,1.0,-5.241106
2024-06-29,FusionBook Air,Laptops,East India,23,6,29,5,2,1.0,8.700802
2021-12-19,FusionBook Air,Laptops,North India,11,12,19,6,4,24.0,20.42558
2022-03-01,FusionBook Air,Laptops,North India,132,3,1,1,1,49.0,8.664182
2022-07-03,FusionBook Air,Laptops,North India,17,7,3,6,3,1.0,10.988977
2022-12-23,FusionBook Air,Laptops,North India,157,12,23,4,4,48.0,23.290148
2024-02-13,FusionBook Air,Laptops,North India,1,2,13,1,1,1.0,18.979477
2021-04-07,FusionBook Air,Laptops,South India,10,4,7,2,2,139.0,10.746754
2021-05-29,FusionBook Air,Laptops,South India,165,5,29,5,2,101.0,8.9173155
2021-09-23,FusionBook Air,Laptops,South India,2,9,23,3,3,58.0,10.378641
2022-03-08,FusionBook Air,Laptops,South India,135,3,8,1,1,1.0,10.455928
2022-04-22,FusionBook Air,Laptops,South India,31,4,22,4,2,60.0,8.6208725
2023-01-15,FusionBook Air,Laptops,South India,85,1,15,6,1,116.0,10.060305
2023-03-05,FusionBook Air,Laptops,South India,143,3,5,6,1,1.0,10.405895
2023-07-24,FusionBook Air,Laptops,South India,1,7,24,0,3,5.0,7.8610344
2023-12-02,FusionBook Air,Laptops,South India,286,12,2,5,4,33.0,14.100875
2021-06-03,FusionBook Air,Laptops,West India,95,6,3,3,2,2.0,7.7170954
2021-07-11,FusionBook Air,Laptops,West India,103,7,11,6,3,25.0,9.522533
2021-10-26,FusionBook Air,Laptops,West India,173,10,26,1,4,349.0,10.272142
2022-01-30,FusionBook Air,Laptops,West India,166,1,30,6,1,7.0,8.848863
2022-04-30,FusionBook Air,Laptops,West India,4,4,30,5,2,1.0,10.244596
2022-08-08,FusionBook Air,Laptops,West India,1,8,8,0,3,9.0,10.207466
2022-10-05,FusionBook Air,Laptops,West India,15,10,5,2,4,1.0,10.553057
2022-11-08,FusionBook Air,Laptops,West India,90,11,8,1,4,26.0,7.9139843
2023-10-01,FusionBook Air,Laptops,West India,2,10,1,6,4,26.0,11.052574
2021-10-29,FusionBook Pro,Laptops,Central India,2,10,29,4,4,146.0,10.319898
2022-02-20,FusionBook Pro,Laptops,Central India,148,2,20,6,1,2.0,9.0385895
2023-09-06,FusionBook Pro,Laptops,Central India,1,9,6,2,3,1.0,9.870284
2024-09-25,FusionBook Pro,Laptops,Central India,1,9,25,2,3,1.0,9.121495
2021-12-07,FusionBook Pro,Laptops,East India,1,12,7,1,4,64.0,17.175322
2023-08-14,FusionBook Pro,Laptops,East India,44,8,14,0,3,80.0,8.322247
2024-03-10,FusionBook Pro,Laptops,East India,1,3,10,6,1,12.0,12.865785
2024-06-28,FusionBook Pro,Laptops,East India,43,6,28,4,2,23.0,12.505098
2021-06-13,FusionBook Pro,Laptops,North India,1,6,13,6,2,93.0,12.893997
2021-11-24,FusionBook Pro,Laptops,North India,2,11,24,2,4,17.0,7.184754
2022-02-20,FusionBook Pro,Laptops,North India,48,2,20,6,1,4.0,12.420517
2022-08-19,FusionBook Pro,Laptops,North India,108,8,19,4,3,1.0,8.587788
2023-03-09,FusionBook Pro,Laptops,North India,1,3,9,3,1,83.0,12.061535
2023-11-07,FusionBook Pro,Laptops,North India,19,11,7,1,4,264.0,10.348107
2024-06-07,FusionBook Pro,Laptops,North India,2,6,7,4,2,47.0,13.443785
2024-10-30,FusionBook Pro,Laptops,North India,2,10,30,2,4,36.0,12.274446
2022-10-02,FusionBook Pro,Laptops,South India,244,10,2,6,4,2.0,15.041412
2022-12-13,FusionBook Pro,Laptops,South India,1,12,13,1,4,16.0,7.91192
2023-01-10,FusionBook Pro,Laptops,South India,2,1,10,1,1,45.0,10.951846
2023-02-23,FusionBook Pro,Laptops,South India,58,2,23,3,1,35.0,11.36952
2023-07-10,FusionBook Pro,Laptops,South India,65,7,10,0,3,225.0,11.942337
2023-08-11,FusionBook Pro,Laptops,South India,177,8,11,4,3,1.0,8.300238
2022-02-21,FusionBook Pro,Laptops,West India,170,2,21,0,1,23.0,9.153762
2022-10-23,FusionBook Pro,Laptops,West India,64,10,23,6,4,130.0,6.190261
2023-01-26,FusionBook Pro,Laptops,West India,46,1,26,3,1,35.0,6.3029613
2023-03-18,FusionBook Pro,Laptops,West India,26,3,18,5,1,39.0,8.772141
2024-02-26,FusionBook Pro,Laptops,West India,1,2,26,0,1,1.0,7.3402452
2024-05-08,FusionBook Pro,Laptops,West India,1,5,8,2,2,1.0,10.516455
2024-07-15,FusionBook Pro,Laptops,West India,3,7,15,0,3,53.0,10.468553
2024-11-20,FusionBook Pro,Laptops,West India,31,11,20,2,4,52.0,8.371457
2022-08-17,FusionBook Ultra,Laptops,East India,1,8,17,2,3,1.0,7.1015005
2024-03-17,FusionBook Ultra,Laptops,East India,19,3,17,6,1,37.0,8.6601925
2024-11-21,FusionBook Ultra,Laptops,East India,1,11,21,3,4,1.0,5.4925175
2022-06-18,FusionBook Ultra,Laptops,North India,32,6,18,5,2,1.0,5.4029655
2022-09-27,FusionBook Ultra,Laptops,North India,1,9,27,1,3,1.0,7.9026976
2024-03-20,FusionBook Ultra,Laptops,North India,1,3,20,2,1,49.0,6.45541
2022-04-19,FusionBook Ultra,Laptops,South India,46,4,19,1,2,15.0,7.9858437
2022-07-18,FusionBook Ultra,Laptops,South India,1,7,18,0,3,1.0,7.913205
2022-09-16,FusionBook Ultra,Laptops,South India,3,9,16,4,3,2.0,10.025385
2023-06-22,FusionBook Ultra,Laptops,South India,1,6,22,3,2,1.0,5.3637047
2023-11-07,FusionBook Ultra,Laptops,South India,30,11,7,1,4,45.0,8.266945
2024-06-11,FusionBook Ultra,Laptops,South India,140,6,11,1,2,38.0,6.553078
2024-11-24,FusionBook Ultra,Laptops,South India,44,11,24,6,4,28.0,6.386143
2022-03-21,FusionBook Ultra,Laptops,West India,1,3,21,0,1,1.0,7.952467
2023-03-22,FusionBook Ultra,Laptops,West India,1,3,22,2,1,21.0,7.8301826
2023-07-05,FusionBook Ultra,Laptops,West India,1,7,5,2,3,36.0,6.349115
2024-02-18,FusionBook Ultra,Laptops,West India,38,2,18,6,1,1.0,8.302696
2024-04-07,FusionBook Ultra,Laptops,West India,48,4,7,6,2,47.0,7.4671507
2024-09-14,FusionBook Ultra,Laptops,West India,67,9,14,5,3,9.0,6.9078336
2024-11-04,FusionBook Ultra,Laptops,West India,1,11,4,0,4,14.0,7.887929
2024-10-11,FusionPhone Lite,Smartphones,Central India,1,10,11,4,4,23.0,-6.117312
2021-03-04,FusionPhone Lite,Smartphones,East India,38,3,4,3,1,1.0,19.23313
2021-07-25,FusionPhone Lite,Smartphones,East India,1,7,25,6,3,1.0,18.48936
2022-01-20,FusionPhone Lite,Smartphones,East India,1,1,20,3,1,22.0,14.503284
2022-11-13,FusionPhone Lite,Smartphones,East India,1,11,13,6,4,1.0,18.522808
2023-01-27,FusionPhone Lite,Smartphones,East India,1,1,27,4,1,2.0,11.360441
2023-05-22,FusionPhone Lite,Smartphones,East India,1,5,22,0,2,1.0,13.506996
2024-07-01,FusionPhone Lite,Smartphones,East India,1,7,1,0,3,3.0,11.173704
2024-10-22,FusionPhone Lite,Smartphones,East India,1,10,22,1,4,2.0,22.692516
2021-08-17,FusionPhone Lite,Smartphones,North India,2,8,17,1,3,2.0,22.575731
2021-12-14,FusionPhone Lite,Smartphones,North India,1,12,14,1,4,1.0,24.70492
2022-02-02,FusionPhone Lite,Smartphones,North India,3,2,2,2,1,2.0,25.66057
2022-12-26,FusionPhone Lite,Smartphones,North India,4,12,26,0,4,1.0,23.149403
2023-04-28,FusionPhone Lite,Smartphones,North India,1,4,28,4,2,3.0,16.831753
2023-12-09,FusionPhone Lite,Smartphones,North India,3,12,9,5,4,1.0,18.165014
2024-03-13,FusionPhone Lite,Smartphones,North India,2,3,13,2,1,2.0,12.333943
2024-06-04,FusionPhone Lite,Smartphones,North India,1,6,4,1,2,1.0,10.817068
2024-11-26,FusionPhone Lite,Smartphones,North India,1,11,26,1,4,21.0,16.987492
2021-05-24,FusionPhone Lite,Smartphones,South India,4,5,24,0,2,4.0,16.880539
2021-08-04,FusionPhone Lite,Smartphones,South India,3,8,4,2,3,40.0,17.394861
2021-10-20,FusionPhone Lite,Smartphones,South India,4,10,20,2,4,101.0,93.7962
2021-12-27,FusionPhone Lite,Smartphones,South India,22,12,27,0,4,1.0,23.68977
2022-03-05,FusionPhone Lite,Smartphones,South India,78,3,5,5,1,1.0,20.99964
2022-09-29,FusionPhone Lite,Smartphones,South India,2,9,29,3,3,5.0,8.951611
2022-11-30,FusionPhone Lite,Smartphones,South India,1,11,30,2,4,1.0,9.322444
2023-03-15,FusionPhone Lite,Smartphones,South India,3,3,15,2,1,3.0,8.419881
2023-05-13,FusionPhone Lite,Smartphones,South India,3,5,13,5,2,1.0,9.046048
2023-11-12,FusionPhone Lite,Smartphones,South India,24,11,12,6,4,60.0,10.422527
2024-10-20,FusionPhone Lite,Smartphones,South India,204,10,20,6,4,9.0,11.476684
2021-11-12,FusionPhone Lite,Smartphones,West India,2,11,12,4,4,2.0,7.8233533
2022-09-16,FusionPhone Lite,Smartphones,West India,1,9,16,4,3,8.0,5.9004197
2023-05-14,FusionPhone Lite,Smartphones,West India,1,5,14,6,2,3.0,6.3357916
2023-08-24,FusionPhone Lite,Smartphones,West India,1,8,24,3,3,6.0,6.5969615
2024-07-04,FusionPhone Lite,Smartphones,West India,2,7,4,3,3,2.0,22.223953
2024-08-11,FusionPhone Lite,Smartphones,West India,3,8,11,6,3,1.0,26.809113
2024-09-11,FusionPhone Lite,Smartphones,West India,1,9,11,2,3,2.0,11.640486
2022-11-20,FusionPhone Ultra,Smartphones,Central India,1,11,20,6,4,1.0,57.726692
2023-11-26,FusionPhone Ultra,Smartphones,Central India,2,11,26,6,4,1.0,8.230275
2024-09-29,FusionPhone Ultra,Smartphones,Central India,1,9,29,6,3,1.0,19.254204
2022-10-13,FusionPhone Ultra,Smartphones,East India,1,10,13,3,4,2.0,8.300488
2023-09-23,FusionPhone Ultra,Smartphones,East India,2,9,23,5,3,1.0,5.7789288
2024-05-12,FusionPhone Ultra,Smartphones,East India,1,5,12,6,2,1.0,5.0771327
2023-01-13,FusionPhone Ultra,Smartphones,North India,1,1,13,4,1,1.0,10.371896
2024-05-26,FusionPhone Ultra,Smartphones,North India,3,5,26,6,2,1.0,14.194678
2024-08-30,FusionPhone Ultra,Smartphones,North India,2,8,30,4,3,13.0,10.23931
2022-10-15,FusionPhone Ultra,Smartphones,South India,14,10,15,5,4,5.0,7.2306376
2023-02-04,FusionPhone Ultra,Smartphones,South India,1,2,4,5,1,1.0,10.123316
2023-03-23,FusionPhone Ultra,Smartphones,South India,3,3,23,3,1,34.0,14.783985
2023-12-19,FusionPhone Ultra,Smartphones,South India,4,12,19,1,4,2.0,6.3139486
2024-01-30,FusionPhone Ultra,Smartphones,South India,2,1,30,1,1,3.0,8.085526
2024-04-25,FusionPhone Ultra,Smartphones,South India,1,4,25,3,2,1.0,10.091084
2024-11-19,FusionPhone Ultra,Smartphones,South India,1,11,19,1,4,2.0,10.06096
2022-11-15,FusionPhone Ultra,Smartphones,West India,3,11,15,1,4,3.0,9.706497
2023-05-11,FusionPhone Ultra,Smartphones,West India,2,5,11,3,2,2.0,9.742018
2023-07-11,FusionPhone Ultra,Smartphones,West India,2,7,11,1,3,2.0,12.331846
2023-08-25,FusionPhone Ultra,Smartphones,West India,1,8,25,4,3,1.0,10.65606
2023-10-16,FusionPhone Ultra,Smartphones,West India,41,10,16,0,4,3.0,10.500451
2024-03-10,FusionPhone Ultra,Smartphones,West India,2,3,10,6,1,4.0,11.360346
2024-12-02,FusionPhone Ultra,Smartphones,West India,2,12,2,0,4,5.0,8.796076
2022-11-06,FusionPhone X,Smartphones,Central India,4,11,6,6,4,152.0,7.1212816
2023-02-12,FusionPhone X,Smartphones,Central India,1,2,12,6,1,1.0,9.175621
2023-11-04,FusionPhone X,Smartphones,Central India,1,11,4,5,4,1.0,7.568934
2024-07-22,FusionPhone X,Smartphones,Central India,2,7,22,0,3,1.0,9.90902
2024-11-01,FusionPhone X,Smartphones,Central India,1,11,1,4,4,4.0,13.676243
2022-05-06,FusionPhone X,Smartphones,East India,2,5,6,4,2,1.0,9.964934
2023-10-06,FusionPhone X,Smartphones,East India,2,10,6,4,4,1.0,7.8944855
2021-12-09,FusionPhone X,Smartphones,North India,48,12,9,3,4,2.0,9.917617
2022-04-24,FusionPhone X,Smartphones,North India,1,4,24,6,2,30.0,7.4191065
2022-08-21,FusionPhone X,Smartphones,North India,1,8,21,6,3,3.0,8.148653
2024-10-01,FusionPhone X,Smartphones,North India,1,10,1,1,4,4.0,10.433478
2024-11-17,FusionPhone X,Smartphones,North India,4,11,17,6,4,1.0,11.407665
2022-01-30,FusionPhone X,Smartphones,South India,4,1,30,6,1,37.0,15.134074
2022-03-13,FusionPhone X,Smartphones,South India,34,3,13,6,1,5.0,10.187205
2022-10-04,FusionPhone X,Smartphones,South India,3,10,4,1,4,176.0,13.217451
2022-11-17,FusionPhone X,Smartphones,South India,5,11,17,3,4,2.0,12.873855
2023-06-20,FusionPhone X,Smartphones,South India,36,6,20,1,2,2.0,10.506612
2023-08-06,FusionPhone X,Smartphones,South India,2,8,6,6,3,1.0,8.1783085
2024-10-05,FusionPhone X,Smartphones,South India,4,10,5,5,4,3.0,11.998656
2024-11-04,FusionPhone X,Smartphones,South India,1,11,4,0,4,4.0,7.893182
2021-09-03,FusionPhone X,Smartphones,West India,2,9,3,4,3,5.0,6.164641
2021-10-11,FusionPhone X,Smartphones,West India,3,10,11,0,4,2.0,6.7554364
2022-01-25,FusionPhone X,Smartphones,West India,3,1,25,1,1,1.0,12.428583
2022-04-19,FusionPhone X,Smartphones,West India,17,4,19,1,2,1.0,8.025539
2022-07-20,FusionPhone X,Smartphones,West India,36,7,20,2,3,34.0,11.504248
2023-08-18,FusionPhone X,Smartphones,West India,1,8,18,4,3,88.0,8.473686
2023-12-05,FusionPhone X,Smartphones,West India,3,12,5,1,4,3.0,7.9004207
2024-08-03,FusionPhone X,Smartphones,West India,3,8,3,5,3,1.0,6.737678
2024-09-28,FusionPhone X,Smartphones,West India,1,9,28,5,3,3.0,7.1054306
2021-07-03,FusionTab Mini,Tablets,Central India,1,7,3,5,3,1.0,11.793334
2022-07-04,FusionTab Mini,Tablets,Central India,1,7,4,0,3,1.0,1.8697132
2021-07-28,FusionTab Mini,Tablets,East India,1,7,28,2,3,1.0,11.577858
2022-01-20,FusionTab Mini,Tablets,North India,1,1,20,3,1,2.0,9.437182
2022-08-08,FusionTab Mini,Tablets,North India,1,8,8,0,3,1.0,9.360072
2024-01-28,FusionTab Mini,Tablets,North India,6,1,28,6,1,75.0,11.555964
2021-07-14,FusionTab Mini,Tablets,South India,99,7,14,2,3,1.0,8.256367
2023-04-15,FusionTab Mini,Tablets,South India,20,4,15,5,2,39.0,13.848123
2023-06-23,FusionTab Mini,Tablets,South India,1,6,23,4,2,26.0,9.254403
2021-09-17,FusionTab Mini,Tablets,West India,2,9,17,4,3,2.0,7.170614
2023-02-10,FusionTab Pro,Tablets,Central India,89,2,10,4,1,72.0,10.4313135
2023-08-24,FusionTab Pro,Tablets,East India,33,8,24,3,3,1.0,11.657534
2022-10-13,FusionTab Pro,Tablets,North India,160,10,13,3,4,1.0,11.490008
2023-01-14,FusionTab Pro,Tablets,North India,2,1,14,5,1,8.0,10.854202
2023-06-28,FusionTab Pro,Tablets,North India,69,6,28,2,2,2.0,6.252915
2024-08-04,FusionTab Pro,Tablets,North India,1,8,4,6,3,1.0,12.646601
2021-12-04,FusionTab Pro,Tablets,South India,1,12,4,5,4,22.0,8.562376
2022-06-24,FusionTab Pro,Tablets,South India,10,6,24,4,2,201.0,7.579061
2022-08-22,FusionTab Pro,Tablets,South India,100,8,22,0,3,2.0,11.997238
2023-07-01,FusionTab Pro,Tablets,South India,3,7,1,5,3,4.0,11.135753
2023-09-02,FusionTab Pro,Tablets,South India,11,9,2,5,3,41.0,15.109399
2024-02-04,FusionTab Pro,Tablets,South India,1,2,4,6,1,1.0,18.034033
2021-11-29,FusionTab Pro,Tablets,West India,1,11,29,0,4,29.0,12.705905
2023-04-30,FusionTab Pro,Tablets,West India,2,4,30,6,2,45.0,15.394054
2023-07-05,FusionTab Pro,Tablets,West India,73,7,5,2,3,30.0,23.746696
2024-02-05,FusionTab Pro,Tablets,West India,13,2,5,0,1,48.0,18.670713
2021-08-25,FusionView 24,Monitors,Central India,1,8,25,2,3,1.0,25.235416
2021-07-17,FusionView 24,Monitors,East India,159,7,17,5,3,1.0,21.004978
2023-01-24,FusionView 24,Monitors,East India,181,1,24,1,1,160.0,22.269762
2021-08-14,FusionView 24,Monitors,North India,17,8,14,5,3,7.0,25.79806
2022-02-26,FusionView 24,Monitors,North India,1,2,26,5,1,46.0,13.68484
2022-11-09,FusionView 24,Monitors,North India,1,11,9,2,4,82.0,13.885964
2023-10-21,FusionView 24,Monitors,North India,39,10,21,5,4,8.0,24.99885
2024-09-01,FusionView 24,Monitors,North India,18,9,1,6,3,1.0,60.568108
2021-11-15,FusionView 24,Monitors,South India,130,11,15,0,4,45.0,27.16358
2022-08-09,FusionView 24,Monitors,South India,1,8,9,1,3,23.0,14.120052
2023-03-11,FusionView 24,Monitors,South India,1,3,11,5,1,171.0,25.040546
2024-01-20,FusionView 24,Monitors,South India,45,1,20,5,1,1.0,21.86686
2021-12-04,FusionView 24,Monitors,West India,1,12,4,5,4,50.0,22.750208
2023-11-08,FusionView 24,Monitors,West India,5,11,8,2,4,70.0,10.587536
2023-03-24,FusionView 27,Monitors,Central India,1,3,24,4,1,39.0,16.780478
2021-09-16,FusionView 27,Monitors,East India,188,9,16,3,3,187.0,12.018411
2023-11-19,FusionView 27,Monitors,North India,8,11,19,6,4,7.0,16.063707
2024-10-05,FusionView 27,Monitors,South India,89,10,5,5,4,49.0,9.190643
2023-01-11,FusionView 27,Monitors,West India,9,1,11,2,1,165.0,10.689899
2023-10-01,FusionView 32,Monitors,Central India,38,10,1,6,4,49.0,9.234445
2022-08-12,FusionView 32,Monitors,East India,10,8,12,4,3,1.0,14.25384
2022-11-09,FusionView 32,Monitors,North India,61,11,9,2,4,84.0,15.146456
2024-05-31,FusionView 32,Monitors,North India,38,5,31,4,2,11.0,10.367705
2023-01-29,FusionView 32,Monitors,South India,29,1,29,6,1,37.0,5.0173144
2023-07-09,FusionView 32,Monitors,South India,15,7,9,6,3,1.0,5.362096
2023-11-07,FusionView 32,Monitors,South India,106,11,7,1,4,48.0,10.060564
2024-11-01,FusionView 32,Monitors,South India,39,11,1,4,4,111.0,0.48817545
2024-12-18,FusionView 32,Monitors,West India,1,12,18,2,4,14.0,13.064674
2023-12-08,Fusion Case,Accessories,West India,2,12,8,4,4,1.0,5.027401
2024-02-06,Fusion Case,Accessories,West India,1,2,6,1,1,5.0,7.870102
2024-03-28,Fusion Case,Accessories,West India,2,3,28,3,1,24.0,9.907571
2024-05-19,Fusion Case,Accessories,West India,1,5,19,6,2,3.0,5.3983154
2024-07-02,Fusion Case,Accessories,West India,2,7,2,1,3,2.0,6.638875
2024-08-16,Fusion Case,Accessories,West India,1,8,16,4,3,1.0,7.408297
2024-09-30,Fusion Case,Accessories,West India,1,9,30,0,3,1.0,5.6030774
2024-11-03,Fusion Case,Accessories,West India,5,11,3,6,4,10.0,6.742263
2024-12-18,Fusion Case,Accessories,West India,1,12,18,2,4,2.0,9.8204
2021-02-08,Fusion Charger,Accessories,Central India,2,2,8,0,1,1.0,6.602331
2022-03-25,Fusion Charger,Accessories,Central India,1,3,25,4,1,3.0,4.903342
2023-11-10,Fusion Charger,Accessories,Central India,1,11,10,4,4,1.0,6.6103787
2024-06-21,Fusion Charger,Accessories,Central India,1,6,21,4,2,1.0,6.966126
2021-01-12,Fusion Charger,Accessories,East India,35,1,12,1,1,18.0,9.47629
2021-05-30,Fusion Charger,Accessories,East India,1,5,30,6,2,1.0,7.803516
2021-10-07,Fusion Charger,Accessories,East India,49,10,7,3,4,3.0,5.7680798
2022-10-20,Fusion Charger,Accessories,East India,3,10,20,3,4,1.0,6.7136507
2023-10-31,Fusion Charger,Accessories,East India,2,10,31,1,4,1.0,5.8180704
2021-04-07,Fusion Charger,Accessories,North India,4,4,7,2,2,6.0,5.572702
2021-11-02,Fusion Charger,Accessories,North India,4,11,2,1,4,1.0,6.664412
2022-02-25,Fusion Charger,Accessories,North India,1,2,25,4,1,1.0,7.7276917
2022-04-29,Fusion Charger,Accessories,North India,2,4,29,4,2,1.0,6.0681105
2021-05-20,Fusion Charger,Accessories,South India,3,5,20,3,2,4.0,6.6684074
2021-10-27,Fusion Charger,Accessories,South India,11,10,27,2,4,31.0,7.4711065
2021-11-28,Fusion Charger,Accessories,South India,5,11,28,6,4,1.0,8.224096
2022-05-01,Fusion Charger,Accessories,South India,18,5,1,6,2,1.0,8.160083
2022-06-16,Fusion Charger,Accessories,South India,32,6,16,3,2,2.0,17.182447
2022-08-12,Fusion Charger,Accessories,South India,2,8,12,4,3,3.0,8.7320175
2022-11-11,Fusion Charger,Accessories,South India,1,11,11,4,4,6.0,8.233145
2023-02-01,Fusion Charger,Accessories,South India,4,2,1,2,1,3.0,14.157619
2023-05-10,Fusion Charger,Accessories,South India,4,5,10,2,2,3.0,15.691469
2023-10-22,Fusion Charger,Accessories,South India,3,10,22,6,4,1.0,13.839486
2024-01-20,Fusion Charger,Accessories,South India,8,1,20,5,1,6.0,13.557883
2024-08-16,Fusion Charger,Accessories,South India,2,8,16,4,3,2.0,9.373597
2021-01-02,Fusion Charger,Accessories,West India,101,1,2,5,1,105.0,21.845852
2021-02-11,Fusion Charger,Accessories,West India,2,2,11,3,1,22.0,19.92395
2021-05-12,Fusion Charger,Accessories,West India,2,5,12,2,2,47.0,18.586002
2021-07-15,Fusion Charger,Accessories,West India,1,7,15,3,3,1.0,10.246432
2021-11-30,Fusion Charger,Accessories,West India,3,11,30,1,4,1.0,19.675646
2022-02-13,Fusion Charger,Accessories,West India,2,2,13,6,1,2.0,20.014242
2022-05-01,Fusion Charger,Accessories,West India,1,5,1,6,2,1.0,9.599698
2022-10-04,Fusion Charger,Accessories,West India,3,10,4,1,4,2.0,38.56795
2022-11-29,Fusion Charger,Accessories,West India,3,11,29,1,4,1.0,17.558882
2023-02-12,Fusion Charger,Accessories,West India,165,2,12,6,1,2.0,15.91571
2023-08-02,Fusion Charger,Accessories,West India,1,8,2,2,3,152.0,13.036954
2023-10-13,Fusion Charger,Accessories,West India,2,10,13,4,4,2.0,19.313868
2024-10-16,Fusion Charger,Accessories,West India,1,10,16,2,4,2.0,9.441967
2021-02-04,Fusion Earbuds,Accessories,Central India,1,2,4,3,1,2.0,17.995256
2022-02-21,Fusion Earbuds,Accessories,Central India,1,2,21,0,1,1.0,6.4072223
2022-08-28,Fusion Earbuds,Accessories,Central India,9,8,28,6,3,1.0,10.498857
2021-03-30,Fusion Earbuds,Accessories,East India,97,3,30,1,1,171.0,8.77808
2022-01-20,Fusion Earbuds,Accessories,East India,2,1,20,3,1,3.0,6.411769
2023-06-27,Fusion Earbuds,Accessories,East India,3,6,27,1,2,3.0,6.5175586
2021-04-13,Fusion Earbuds,Accessories,North India,1,4,13,1,2,21.0,7.7982135
2021-09-25,Fusion Earbuds,Accessories,North India,2,9,25,5,3,3.0,8.2952175
2021-12-18,Fusion Earbuds,Accessories,North India,3,12,18,5,4,1.0,8.403252
2022-01-22,Fusion Earbuds,Accessories,North India,1,1,22,5,1,3.0,6.303517
2022-11-09,Fusion Earbuds,Accessories,North India,1,11,9,2,4,5.0,7.7988853
2023-01-29,Fusion Earbuds,Accessories,North India,4,1,29,6,1,2.0,3.9686894
2021-02-07,Fusion Earbuds,Accessories,South India,92,2,7,6,1,33.0,47.45657
2021-08-11,Fusion Earbuds,Accessories,South India,3,8,11,2,3,2.0,6.6207027
2021-11-16,Fusion Earbuds,Accessories,South India,2,11,16,1,4,3.0,7.648198
2022-01-08,Fusion Earbuds,Accessories,South India,2,1,8,5,1,4.0,16.96534
2022-07-23,Fusion Earbuds,Accessories,South India,1,7,23,5,3,4.0,7.4867516
2022-10-26,Fusion Earbuds,Accessories,South India,4,10,26,2,4,10.0,8.752326
2023-05-03,Fusion Earbuds,Accessories,South India,2,5,3,2,2,7.0,7.763312
2021-03-03,Fusion Earbuds,Accessories,West India,1,3,3,2,1,20.0,5.421716
2021-05-16,Fusion Earbuds,Accessories,West India,5,5,16,6,2,1.0,8.784815
2022-03-05,Fusion Earbuds,Accessories,West India,3,3,5,5,1,2.0,16.405767
2022-12-06,Fusion Earbuds,Accessories,West India,1,12,6,1,4,2.0,13.549354
2023-03-02,Fusion Earbuds,Accessories,West India,1,3,2,3,1,3.0,7.378475
2023-09-23,Fusion Earbuds,Accessories,West India,3,9,23,5,3,1.0,11.002416
2024-03-17,Fusion Earbuds,Accessories,West India,2,3,17,6,1,1.0,8.345518
2024-07-09,Fusion Earbuds,Accessories,West India,2,7,9,1,3,2.0,6.143297
2024-11-01,Fusion Earbuds,Accessories,West India,7,11,1,4,4,26.0,7.4026146
2022-01-10,Fusion Keyboard,Accessories,Central India,2,1,10,0,1,1.0,7.2772493
2022-05-28,Fusion Keyboard,Accessories,Central India,1,5,28,5,2,1.0,-4.137993
2022-10-22,Fusion Keyboard,Accessories,Central India,2,10,22,5,4,2.0,6.965896
2024-09-18,Fusion Keyboard,Accessories,Central India,1,9,18,2,3,2.0,6.0235934
2021-06-02,Fusion Keyboard,Accessories,East India,2,6,2,2,2,3.0,12.056399
2022-03-06,Fusion Keyboard,Accessories,East India,1,3,6,6,1,1.0,9.929792
2022-06-04,Fusion Keyboard,Accessories,East India,2,6,4,5,2,3.0,9.640246
2022-10-23,Fusion Keyboard,Accessories,East India,6,10,23,6,4,65.0,11.922461
2022-04-30,Fusion Keyboard,Accessories,North India,4,4,30,5,2,30.0,11.516498
2022-12-08,Fusion Keyboard,Accessories,North India,1,12,8,3,4,1.0,10.103778
2023-04-06,Fusion Keyboard,Accessories,North India,1,4,6,3,2,2.0,-22.284958
2023-07-06,Fusion Keyboard,Accessories,North India,4,7,6,3,3,2.0,8.923543
2023-10-19,Fusion Keyboard,Accessories,North India,2,10,19,3,4,40.0,9.413733
2021-10-05,Fusion Keyboard,Accessories,South India,4,10,5,1,4,2.0,25.194773
2022-08-14,Fusion Keyboard,Accessories,South India,36,8,14,6,3,2.0,8.238263
2023-06-24,Fusion Keyboard,Accessories,South India,4,6,24,5,2,1.0,10.885161
2024-05-14,Fusion Keyboard,Accessories,South India,2,5,14,1,2,38.0,9.441079
2024-08-29,Fusion Keyboard,Accessories,South India,2,8,29,3,3,1.0,5.4609666
2022-02-20,Fusion Keyboard,Accessories,West India,3,2,20,6,1,2.0,5.0879416
2022-07-08,Fusion Keyboard,Accessories,West India,2,7,8,4,3,3.0,10.349584
2023-04-04,Fusion Keyboard,Accessories,West India,3,4,4,1,2,2.0,8.557241
2023-06-16,Fusion Keyboard,Accessories,West India,3,6,16,4,2,3.0,6.1133165
2023-10-29,Fusion Keyboard,Accessories,West India,8,10,29,6,4,1.0,7.0906606
2023-01-02,Fusion Mouse,Accessories,Central India,1,1,2,0,1,1.0,8.241141
2021-05-16,Fusion Mouse,Accessories,East India,2,5,16,6,2,120.0,6.5143595
2022-09-25,Fusion Mouse,Accessories,East India,1,9,25,6,3,1.0,5.8945575
2021-08-28,Fusion Mouse,Accessories,North India,3,8,28,5,3,1.0,6.6914697
2022-01-13,Fusion Mouse,Accessories,North India,2,1,13,3,1,2.0,9.113781
2022-07-04,Fusion Mouse,Accessories,North India,4,7,4,0,3,101.0,5.042355
2023-01-17,Fusion Mouse,Accessories,North India,1,1,17,1,1,1.0,7.1895113
2021-12-15,Fusion Mouse,Accessories,South India,2,12,15,2,4,1.0,6.8515143
2022-01-24,Fusion Mouse,Accessories,South India,20,1,24,0,1,2.0,6.5140734
2022-06-22,Fusion Mouse,Accessories,South India,1,6,22,2,2,2.0,7.1148934
2022-08-13,Fusion Mouse,Accessories,South India,25,8,13,5,3,1.0,8.955507
2022-10-10,Fusion Mouse,Accessories,South India,3,10,10,0,4,10.0,7.84625
2023-01-12,Fusion Mouse,Accessories,South India,1,1,12,3,1,5.0,7.783346
2023-04-01,Fusion Mouse,Accessories,South India,2,4,1,5,2,1.0,8.048963
2023-09-06,Fusion Mouse,Accessories,South India,1,9,6,2,3,1.0,8.665367
2023-11-25,Fusion Mouse,Accessories,South India,2,11,25,5,4,3.0,6.1775036
2024-01-04,Fusion Mouse,Accessories,South India,3,1,4,3,1,1.0,8.423332
2024-03-30,Fusion Mouse,Accessories,South India,8,3,30,5,1,1.0,7.9297214
2024-08-20,Fusion Mouse,Accessories,South India,1,8,20,1,3,104.0,6.5660133
2024-09-18,Fusion Mouse,Accessories,South India,11,9,18,2,3,5.0,8.608247
2023-02-16,Fusion Mouse,Accessories,West India,2,2,16,3,1,3.0,13.49405
2024-03-22,Fusion Mouse,Accessories,West India,58,3,22,4,1,2.0,8.600363
2024-07-21,Fusion Mouse,Accessories,West India,2,7,21,6,3,4.0,8.528861
2023-01-01,Fusion Watch Lite,Wearables,Central India,1,1,1,6,1,2.0,16.241295
2022-05-01,Fusion Watch Lite,Wearables,East India,2,5,1,6,2,2.0,9.373597
2023-11-16,Fusion Watch Lite,Wearables,East India,1,11,16,3,4,1.0,18.41152
2023-08-15,Fusion Watch Lite,Wearables,North India,1,8,15,1,3,27.0,10.381809
2021-11-20,Fusion Watch Lite,Wearables,South India,2,11,20,5,4,1.0,18.586002
2022-06-12,Fusion Watch Lite,Wearables,South India,2,6,12,6,2,2.0,21.360514
2022-02-24,Fusion Watch Lite,Wearables,West India,1,2,24,3,1,1.0,22.430544
2022-08-30,Fusion Watch Lite,Wearables,West India,1,8,30,1,3,20.0,26.609545
2023-01-01,Fusion Watch Pro,Wearables,Central India,40,1,1,6,1,1.0,18.110666
2023-11-07,Fusion Watch Pro,Wearables,East India,1,11,7,1,4,25.0,16.67742
2021-02-13,FusionBook Air,Laptops,Central India,10,2,13,5,1,38.0,8.063916
2021-10-22,FusionBook Air,Laptops,Central India,42,10,22,4,4,164.0,8.287501
2021-07-28,FusionBook Air,Laptops,East India,11,7,28,2,3,1.0,8.186313
2022-05-20,FusionBook Air,Laptops,East India,1,5,20,4,2,39.0,6.3392487
2023-07-06,FusionBook Air,Laptops,East India,3,7,6,3,3,41.0,5.8134217
2023-12-29,FusionBook Air,Laptops,East India,35,12,29,4,4,56.0,4.7984395
2024-03-21,FusionBook Air,Laptops,East India,26,3,21,3,1,1.0,4.623402
2021-06-16,FusionBook Air,Laptops,North India,2,6,16,2,2,25.0,4.989372
2021-10-18,FusionBook Air,Laptops,North India,17,10,18,0,4,9.0,6.56308
2021-12-22,FusionBook Air,Laptops,North India,141,12,22,2,4,11.0,24.730404
2022-11-03,FusionBook Air,Laptops,North India,14,11,3,3,4,17.0,15.6630535
2023-03-05,FusionBook Air,Laptops,North India,58,3,5,6,1,24.0,22.510023
2023-07-25,FusionBook Air,Laptops,North India,2,7,25,1,3,23.0,42.91191
2023-12-12,FusionBook Air,Laptops,North India,16,12,12,1,4,1.0,23.86773
2024-02-14,FusionBook Air,Laptops,North India,50,2,14,2,1,1.0,17.22156
2021-02-11,FusionBook Air,Laptops,South India,120,2,11,3,1,178.0,15.231571
2021-05-30,FusionBook Air,Laptops,South India,294,5,30,6,2,165.0,9.846227
2021-09-24,FusionBook Air,Laptops,South India,37,9,24,4,3,2.0,16.860275
2021-11-14,FusionBook Air,Laptops,South India,262,11,14,6,4,35.0,10.583104
2023-05-01,FusionBook Air,Laptops,South India,1,5,1,0,2,45.0,9.416412
2024-01-21,FusionBook Air,Laptops,South India,101,1,21,6,1,162.0,9.858072
2021-03-08,FusionBook Air,Laptops,West India,86,3,8,0,1,147.0,7.390501
2021-07-12,FusionBook Air,Laptops,West India,38,7,12,0,3,103.0,9.806308
2023-02-08,FusionBook Air,Laptops,West India,211,2,8,2,1,39.0,11.085797
2024-02-19,FusionBook Air,Laptops,West India,17,2,19,0,1,17.0,13.0996275
2024-04-13,FusionBook Air,Laptops,West India,20,4,13,5,2,38.0,7.800502
2022-02-26,FusionBook Pro,Laptops,Central India,100,2,26,5,1,148.0,10.125421
2022-12-11,FusionBook Pro,Laptops,Central India,1,12,11,6,4,14.0,12.389243
2024-02-17,FusionBook Pro,Laptops,Central India,182,2,17,5,1,1.0,6.0235934
2023-01-16,FusionBook Pro,Laptops,East India,118,1,16,0,1,1.0,7.405841
2023-08-17,FusionBook Pro,Laptops,East India,1,8,17,3,3,44.0,12.494286
2023-11-09,FusionBook Pro,Laptops,East India,1,11,9,3,4,50.0,12.654589
2021-06-14,FusionBook Pro,Laptops,North India,1,6,14,0,2,1.0,8.848612
2021-08-05,FusionBook Pro,Laptops,South India,77,8,5,3,3,2.0,9.780576
2021-12-21,FusionBook Pro,Laptops,South India,10,12,21,1,4,1.0,9.769305
2022-08-09,FusionBook Pro,Laptops,South India,29,8,9,1,3,1.0,8.238263
2023-09-16,FusionBook Pro,Laptops,South India,23,9,16,5,3,1.0,11.9811945
2024-06-03,FusionBook Pro,Laptops,South India,228,6,3,0,2,31.0,10.390456
2021-10-24,FusionBook Pro,Laptops,West India,139,10,24,6,4,58.0,8.571727
2022-12-05,FusionBook Pro,Laptops,West India,1,12,5,0,4,2.0,7.913828
2022-10-22,FusionBook Ultra,Laptops,Central India,1,10,22,5,4,142.0,7.2974854
2022-05-27,FusionBook Ultra,Laptops,East India,2,5,27,4,2,1.0,9.450846
2023-01-15,FusionBook Ultra,Laptops,East India,163,1,15,6,1,1.0,5.964389
2023-11-13,FusionBook Ultra,Laptops,East India,340,11,13,0,4,2.0,2.5858493
2024-03-19,FusionBook Ultra,Laptops,East India,26,3,19,1,1,19.0,6.903457
2022-06-19,FusionBook Ultra,Laptops,North India,176,6,19,6,2,32.0,4.9083514
2023-03-12,FusionBook Ultra,Laptops,North India,141,3,12,6,1,48.0,7.6107583
2022-04-20,FusionBook Ultra,Laptops,South India,48,4,20,2,2,46.0,5.7434587
2022-06-06,FusionBook Ultra,Laptops,South India,1,6,6,0,2,24.0,8.228937
2022-07-19,FusionBook Ultra,Laptops,South India,42,7,19,1,3,1.0,9.027599
2023-03-07,FusionBook Ultra,Laptops,South India,59,3,7,1,1,160.0,5.9018717
2024-06-12,FusionBook Ultra,Laptops,South India,10,6,12,2,2,140.0,7.075039
2024-09-10,FusionBook Ultra,Laptops,South India,2,9,10,1,3,1.0,10.210407
2022-06-26,FusionBook Ultra,Laptops,West India,6,6,26,6,2,67.0,10.170246
2022-12-09,FusionBook Ultra,Laptops,West India,11,12,9,4,4,2.0,5.052281
2023-03-24,FusionBook Ultra,Laptops,West India,74,3,24,4,1,1.0,5.249267
2023-05-10,FusionBook Ultra,Laptops,West India,2,5,10,2,2,28.0,8.674177
2023-07-06,FusionBook Ultra,Laptops,West India,102,7,6,3,3,1.0,8.481968
2023-08-30,FusionBook Ultra,Laptops,West India,77,8,30,2,3,21.0,6.9381604
2024-04-08,FusionBook Ultra,Laptops,West India,6,4,8,0,2,48.0,6.1122155
2022-12-15,FusionPhone Lite,Smartphones,Central India,1,12,15,3,4,2.0,7.9547157
2023-04-26,FusionPhone Lite,Smartphones,Central India,1,4,26,2,2,2.0,7.271231
2021-03-06,FusionPhone Lite,Smartphones,East India,52,3,6,5,1,38.0,16.644707
2022-05-06,FusionPhone Lite,Smartphones,East India,3,5,6,4,2,2.0,13.780517
2023-01-28,FusionPhone Lite,Smartphones,East India,2,1,28,5,1,1.0,10.210134
2021-02-16,FusionPhone Lite,Smartphones,North India,2,2,16,1,1,47.0,15.682991
2021-03-26,FusionPhone Lite,Smartphones,North India,6,3,26,4,1,2.0,15.5433
2021-10-23,FusionPhone Lite,Smartphones,North India,1,10,23,5,4,2.0,10.232142
2021-12-15,FusionPhone Lite,Smartphones,North India,84,12,15,2,4,1.0,10.503445
2022-02-03,FusionPhone Lite,Smartphones,North India,1,2,3,3,1,3.0,19.199858
2023-06-19,FusionPhone Lite,Smartphones,North India,2,6,19,0,2,1.0,17.878984
2023-12-10,FusionPhone Lite,Smartphones,North India,2,12,10,6,4,3.0,9.768003
2024-03-14,FusionPhone Lite,Smartphones,North India,1,3,14,3,1,2.0,18.637632
2024-09-06,FusionPhone Lite,Smartphones,North India,1,9,6,4,3,2.0,16.015451
2024-11-27,FusionPhone Lite,Smartphones,North India,2,11,27,2,4,1.0,16.97365
2021-03-14,FusionPhone Lite,Smartphones,South India,16,3,14,6,1,6.0,6.8017898
2021-12-28,FusionPhone Lite,Smartphones,South India,2,12,28,1,4,22.0,13.348368
2022-10-01,FusionPhone Lite,Smartphones,South India,3,10,1,5,4,2.0,7.5853224
2023-01-23,FusionPhone Lite,Smartphones,South India,4,1,23,0,1,4.0,4.2301702
2024-04-16,FusionPhone Lite,Smartphones,South India,2,4,16,1,2,2.0,14.591008
2022-03-13,FusionPhone Lite,Smartphones,West India,4,3,13,6,1,2.0,4.866681
2023-01-23,FusionPhone Lite,Smartphones,West India,1,1,23,0,1,6.0,7.6642547
2023-03-12,FusionPhone Lite,Smartphones,West India,5,3,12,6,1,1.0,4.623402
2023-07-13,FusionPhone Lite,Smartphones,West India,1,7,13,3,3,3.0,3.008826
2024-09-13,FusionPhone Lite,Smartphones,West India,1,9,13,4,3,1.0,16.678034
2024-10-24,FusionPhone Lite,Smartphones,West India,5,10,24,3,4,4.0,13.742155
2024-11-27,FusionPhone Lite,Smartphones,West India,1,11,27,2,4,4.0,18.463034
2022-12-18,FusionPhone Ultra,Smartphones,East India,2,12,18,6,4,3.0,22.238276
2023-11-23,FusionPhone Ultra,Smartphones,East India,3,11,23,3,4,1.0,10.298178
2024-09-22,FusionPhone Ultra,Smartphones,East India,1,9,22,6,3,1.0,15.929183
2023-03-16,FusionPhone Ultra,Smartphones,North India,1,3,16,3,1,1.0,5.6937904
2022-11-21,FusionPhone Ultra,Smartphones,South India,1,11,21,0,4,2.0,7.8301454
2023-05-18,FusionPhone Ultra,Smartphones,South India,14,5,18,3,2,2.0,13.979733
2023-07-09,FusionPhone Ultra,Smartphones,South India,6,7,9,6,3,2.0,10.8465605
2024-04-28,FusionPhone Ultra,Smartphones,West India,2,4,28,6,2,2.0,10.666559
2024-12-04,FusionPhone Ultra,Smartphones,West India,2,12,4,2,4,2.0,10.947074
2021-09-26,FusionPhone X,Smartphones,Central India,1,9,26,6,3,1.0,9.043584
2024-01-25,FusionPhone X,Smartphones,Central India,1,1,25,3,1,2.0,7.3796434
2021-11-06,FusionPhone X,Smartphones,East India,2,11,6,5,4,2.0,8.794991
2022-08-15,FusionPhone X,Smartphones,East India,1,8,15,0,3,1.0,8.675713
2023-06-27,FusionPhone X,Smartphones,East India,1,6,27,1,2,1.0,7.574768
2023-10-07,FusionPhone X,Smartphones,East India,41,10,7,5,4,2.0,10.091467
2021-12-10,FusionPhone X,Smartphones,North India,1,12,10,4,4,48.0,8.916283
2022-02-02,FusionPhone X,Smartphones,North India,5,2,2,2,1,21.0,12.383297
2022-12-28,FusionPhone X,Smartphones,North India,2,12,28,2,4,3.0,9.854211
2024-08-04,FusionPhone X,Smartphones,North India,1,8,4,6,3,2.0,9.913318
2024-11-18,FusionPhone X,Smartphones,North India,2,11,18,0,4,4.0,10.536837
2022-08-25,FusionPhone X,Smartphones,South India,1,8,25,3,3,2.0,8.271266
2022-10-05,FusionPhone X,Smartphones,South India,1,10,5,2,4,3.0,8.061583
2023-03-21,FusionPhone X,Smartphones,South India,1,3,21,1,1,3.0,10.037956
2023-05-04,FusionPhone X,Smartphones,South India,3,5,4,3,2,2.0,7.583839
2024-03-01,FusionPhone X,Smartphones,South India,1,3,1,4,1,1.0,7.221854
2023-10-13,FusionPhone X,Smartphones,West India,2,10,13,4,4,3.0,6.525485
2023-12-06,FusionPhone X,Smartphones,West India,2,12,6,2,4,3.0,8.340047
2024-06-06,FusionPhone X,Smartphones,West India,2,6,6,3,2,2.0,7.7982492
2023-06-20,FusionTab Mini,Tablets,East India,1,6,20,1,2,1.0,6.8128037
2021-10-26,FusionTab Mini,Tablets,North India,47,10,26,1,4,1.0,8.285618
2022-11-09,FusionTab Mini,Tablets,North India,1,11,9,2,4,1.0,8.726243
2024-01-31,FusionTab Mini,Tablets,North India,24,1,31,2,1,6.0,9.582017
2023-08-13,FusionTab Mini,Tablets,South India,1,8,13,6,3,1.0,6.8377485
2023-10-25,FusionTab Mini,Tablets,South India,2,10,25,2,4,14.0,6.270081
2024-02-08,FusionTab Mini,Tablets,South India,96,2,8,3,1,75.0,5.470119
2021-06-23,FusionTab Mini,Tablets,West India,1,6,23,2,2,48.0,8.192488
2021-09-19,FusionTab Mini,Tablets,West India,17,9,19,6,3,2.0,2.914309
2022-05-26,FusionTab Mini,Tablets,West India,31,5,26,3,2,44.0,12.204067
2022-10-02,FusionTab Mini,Tablets,West India,2,10,2,6,4,1.0,5.8987117
2024-06-07,FusionTab Mini,Tablets,West India,1,6,7,4,2,1.0,6.4177217
2023-01-22,FusionTab Pro,Tablets,East India,1,1,22,6,1,1.0,7.270969
2023-08-25,FusionTab Pro,Tablets,East India,1,8,25,4,3,33.0,9.721345
2022-05-23,FusionTab Pro,Tablets,North India,16,5,23,0,2,1.0,3.3093085
2022-10-14,FusionTab Pro,Tablets,North India,26,10,14,4,4,160.0,9.66013
2023-06-30,FusionTab Pro,Tablets,North India,2,6,30,4,2,69.0,8.26507
2023-12-05,FusionTab Pro,Tablets,North India,1,12,5,1,4,1.0,5.285158
2022-11-14,FusionTab Pro,Tablets,South India,79,11,14,0,4,2.0,4.75163
2023-01-10,FusionTab Pro,Tablets,South India,30,1,10,1,1,90.0,7.3210626
2024-02-06,FusionTab Pro,Tablets,South India,39,2,6,1,1,1.0,8.709233
2024-07-26,FusionTab Pro,Tablets,South India,48,7,26,4,3,13.0,14.343884
2022-04-06,FusionTab Pro,Tablets,West India,1,4,6,2,2,13.0,13.187372
2024-02-08,FusionTab Pro,Tablets,West India,1,2,8,3,1,13.0,15.935746
2024-05-25,FusionTab Pro,Tablets,West India,34,5,25,5,2,1.0,16.443993
2021-09-03,FusionView 24,Monitors,Central India,40,9,3,4,3,1.0,21.273993
2022-03-01,FusionView 24,Monitors,North India,197,3,1,1,1,1.0,20.767303
2021-11-16,FusionView 24,Monitors,South India,143,11,16,1,4,130.0,9.054729
2022-08-12,FusionView 24,Monitors,South India,24,8,12,4,3,1.0,20.067282
2023-03-12,FusionView 24,Monitors,South India,44,3,12,6,1,1.0,22.682379
2024-01-21,FusionView 24,Monitors,South India,104,1,21,6,1,45.0,18.857374
2024-10-17,FusionView 24,Monitors,South India,26,10,17,3,4,48.0,20.607574
2022-08-02,FusionView 24,Monitors,West India,21,8,2,1,3,13.0,9.385639
2023-04-02,FusionView 24,Monitors,West India,26,4,2,6,2,64.0,12.774594
2024-06-27,FusionView 24,Monitors,West India,1,6,27,3,2,91.0,15.766862
2023-11-14,FusionView 27,Monitors,East India,50,11,14,1,4,40.0,17.682861
2023-07-16,FusionView 27,Monitors,South India,1,7,16,6,3,59.0,16.730629
2024-03-29,FusionView 27,Monitors,South India,1,3,29,4,1,35.0,4.291607
2024-10-09,FusionView 27,Monitors,South India,32,10,9,2,4,89.0,8.172999
2024-11-27,FusionView 27,Monitors,West India,1,11,27,2,4,1.0,6.6248913
2022-09-11,FusionView 32,Monitors,East India,1,9,11,6,3,10.0,7.3830037
2022-02-15,FusionView 32,Monitors,South India,97,2,15,1,1,61.0,7.8223195
2023-01-31,FusionView 32,Monitors,South India,46,1,31,1,1,29.0,5.0672264
2024-03-12,FusionView 32,Monitors,South India,1,3,12,1,1,69.0,5.1021733
2021-05-28,Fusion Earbuds,Accessories,South India,28,5,28,4,2,5.0,2.840538
2024-06-11,Fusion Earbuds,Accessories,South India,1,6,11,1,2,35.0,8.304874
2024-11-02,Fusion Earbuds,Accessories,West India,2,11,2,5,4,7.0,6.9759107
2022-06-07,Fusion Keyboard,Accessories,East India,1,6,7,1,2,2.0,5.1681194
2022-12-09,Fusion Keyboard,Accessories,North India,2,12,9,4,4,1.0,-0.6065746
2024-10-09,Fusion Keyboard,Accessories,South India,4,10,9,2,4,39.0,0.35503376
2021-08-30,Fusion Keyboard,Accessories,West India,1,8,30,0,3,2.0,3.2632604
2024-10-24,Fusion Keyboard,Accessories,West India,10,10,24,3,4,5.0,4.250406
2023-01-07,Fusion Mouse,Accessories,Central India,1,1,7,5,1,1.0,-4.52355
2024-12-07,Fusion Mouse,Accessories,East India,2,12,7,5,4,1.0,7.3431487
2022-05-14,Fusion Mouse,Accessories,South India,15,5,14,5,2,4.0,2.555273
2022-12-06,Fusion Mouse,Accessories,South India,1,12,6,1,4,2.0,1.7489414
2024-11-07,Fusion Mouse,Accessories,West India,2,11,7,3,4,57.0,8.165569
2021-11-26,Fusion Watch Lite,Wearables,South India,1,11,26,4,4,2.0,21.620375
2023-09-17,Fusion Watch Lite,Wearables,South India,2,9,17,6,3,1.0,6.7763095
2024-11-30,Fusion Watch Lite,Wearables,South India,1,11,30,5,4,1.0,6.966881
2022-08-05,Fusion Watch Pro,Wearables,North India,1,8,5,4,3,1.0,10.235691
2022-06-25,Fusion Watch Pro,Wearables,South India,1,6,25,5,2,1.0,4.0197706
2022-11-21,Fusion Watch Pro,Wearables,South India,1,11,21,0,4,1.0,-3.4266374
2023-09-19,Fusion Watch Pro,Wearables,South India,1,9,19,1,3,1.0,4.7024827
2023-06-03,Fusion Watch Pro,Wearables,West India,1,6,3,5,2,80.0,13.921074
2021-10-19,FusionBook Air,Laptops,North India,152,10,19,1,4,17.0,6.6884017
2021-07-29,FusionBook Air,Laptops,South India,50,7,29,3,3,2.0,2.3472807
2024-03-06,FusionBook Air,Laptops,South India,1,3,6,2,1,120.0,5.0098195
2021-10-27,FusionBook Air,Laptops,West India,71,10,27,2,4,173.0,10.191114
2022-10-06,FusionBook Air,Laptops,West India,1,10,6,3,4,15.0,4.722144
2023-05-30,FusionBook Pro,Laptops,North India,37,5,30,1,2,3.0,5.704914
2022-06-12,FusionBook Pro,Laptops,South India,166,6,12,6,2,79.0,3.8350675
2023-05-24,FusionBook Pro,Laptops,South India,181,5,24,2,2,32.0,0.4234165
2022-06-28,FusionBook Pro,Laptops,West India,1,6,28,1,2,11.0,7.2056484
2024-09-26,FusionBook Pro,Laptops,West India,191,9,26,3,3,54.0,2.4501522
2024-10-31,FusionBook Ultra,Laptops,North India,140,10,31,3,4,2.0,4.626342
2024-09-11,FusionBook Ultra,Laptops,South India,20,9,11,2,3,2.0,5.347775
2021-03-07,FusionPhone Lite,Smartphones,East India,4,3,7,6,1,52.0,6.9498672
2022-08-09,FusionPhone Lite,Smartphones,East India,1,8,9,1,3,1.0,8.339842
2024-09-07,FusionPhone Lite,Smartphones,North India,3,9,7,5,3,1.0,14.332021
2023-03-11,FusionPhone Ultra,Smartphones,East India,1,3,11,5,1,1.0,14.525137
2023-06-30,FusionPhone Ultra,Smartphones,East India,1,6,30,4,2,1.0,8.593218
2022-03-23,FusionPhone X,Smartphones,Central India,1,3,23,2,1,1.0,19.276665
2024-07-25,FusionPhone X,Smartphones,Central India,1,7,25,3,3,2.0,8.980227
2023-01-29,FusionPhone X,Smartphones,East India,29,1,29,6,1,3.0,5.03777
2022-08-22,FusionPhone X,Smartphones,North India,3,8,22,0,3,1.0,3.8350675
2022-12-29,FusionPhone X,Smartphones,North India,2,12,29,3,4,2.0,5.052955
2024-10-02,FusionPhone X,Smartphones,North India,1,10,2,2,4,1.0,5.719132
2022-04-20,FusionPhone X,Smartphones,West India,1,4,20,2,2,17.0,2.3278143
2022-09-01,FusionTab Mini,Tablets,South India,1,9,1,3,3,1.0,5.950668
2023-07-18,FusionTab Mini,Tablets,West India,1,7,18,1,3,40.0,9.305268
2022-07-21,FusionTab Pro,Tablets,North India,1,7,21,3,3,50.0,0.86634976
2023-10-01,FusionTab Pro,Tablets,North India,1,10,1,6,4,77.0,2.1638834
2024-07-27,FusionTab Pro,Tablets,South India,2,7,27,5,3,48.0,3.8346195
2022-04-07,FusionTab Pro,Tablets,West India,1,4,7,3,2,1.0,5.393668
2023-10-20,FusionTab Pro,Tablets,West India,34,10,20,4,4,25.0,13.116327
2024-09-06,FusionView 24,Monitors,North India,125,9,6,4,3,18.0,7.1385503
2022-11-14,FusionView 27,Monitors,East India,77,11,14,0,4,1.0,7.153777
2024-12-04,FusionView 27,Monitors,East India,24,12,4,2,4,46.0,5.8486457
2021-11-14,FusionView 27,Monitors,West India,1,11,14,6,4,15.0,5.3613005
2021-03-22,Fusion Earbuds,Accessories,South India,13,3,22,0,1,84.0,10.138912
2024-06-12,Fusion Earbuds,Accessories,South India,3,6,12,2,2,1.0,11.284928
2024-09-21,Fusion Earbuds,Accessories,South India,7,9,21,5,3,1.0,13.936466
2021-04-07,Fusion Earbuds,Accessories,West India,7,4,7,2,2,1.0,10.838016
2022-05-05,Fusion Earbuds,Accessories,West India,1,5,5,3,2,2.0,7.385803
2023-12-23,Fusion Earbuds,Accessories,West India,2,12,23,5,4,2.0,11.812859
2021-11-20,Fusion Keyboard,Accessories,East India,1,11,20,5,4,1.0,12.410064
2023-12-26,Fusion Keyboard,Accessories,East India,2,12,26,1,4,107.0,12.698632
2021-08-08,Fusion Keyboard,Accessories,North India,1,8,8,6,3,7.0,7.3888826
2022-08-06,Fusion Keyboard,Accessories,North India,3,8,6,5,3,2.0,17.425741
2021-10-06,Fusion Keyboard,Accessories,South India,3,10,6,2,4,4.0,11.091462
2021-05-16,Fusion Keyboard,Accessories,West India,6,5,16,6,2,25.0,7.1042976
2022-02-23,Fusion Keyboard,Accessories,West India,1,2,23,2,1,3.0,4.654026
2022-07-09,Fusion Keyboard,Accessories,West India,2,7,9,5,3,2.0,5.7689633
2023-04-07,Fusion Keyboard,Accessories,West India,2,4,7,4,2,3.0,8.687694
2024-01-20,Fusion Keyboard,Accessories,West India,8,1,20,5,1,1.0,6.92331
2021-07-17,Fusion Mouse,Accessories,North India,2,7,17,5,3,1.0,6.1311903
2023-03-06,Fusion Mouse,Accessories,North India,1,3,6,0,1,80.0,5.4260206
2023-07-12,Fusion Mouse,Accessories,North India,1,7,12,2,3,1.0,5.192992
2023-07-16,Fusion Mouse,Accessories,South India,2,7,16,6,3,1.0,8.179613
2023-10-16,Fusion Mouse,Accessories,South India,1,10,16,0,4,78.0,6.3715596
2022-05-04,Fusion Watch Lite,Wearables,East India,1,5,4,2,2,2.0,7.627326
2022-09-21,Fusion Watch Lite,Wearables,North India,1,9,21,2,3,1.0,7.850804
2023-01-22,Fusion Watch Lite,Wearables,South India,2,1,22,6,1,1.0,14.838205
2022-02-27,Fusion Watch Lite,Wearables,West India,1,2,27,6,1,1.0,5.921659
2023-06-05,Fusion Watch Pro,Wearables,West India,1,6,5,0,2,1.0,10.627742
2024-12-13,FusionBook Air,Laptops,Central India,21,12,13,4,4,1.0,-13.199728
2022-07-04,FusionBook Air,Laptops,North India,1,7,4,0,3,17.0,7.2496657
2022-12-25,FusionBook Air,Laptops,North India,64,12,25,6,4,157.0,10.27371
2023-09-16,FusionBook Air,Laptops,North India,44,9,16,5,3,1.0,8.403639
2024-07-24,FusionBook Air,Laptops,North India,139,7,24,2,3,1.0,4.9819922
2021-02-12,FusionBook Air,Laptops,South India,94,2,12,4,1,120.0,10.437283
2021-04-08,FusionBook Air,Laptops,South India,98,4,8,3,2,10.0,16.371174
2021-11-15,FusionBook Air,Laptops,South India,134,11,15,0,4,262.0,6.2621064
2023-07-25,FusionBook Air,Laptops,South India,1,7,25,1,3,1.0,10.960885
2023-10-24,FusionBook Air,Laptops,South India,68,10,24,1,4,192.0,10.20769
2021-06-04,FusionBook Air,Laptops,West India,55,6,4,4,2,95.0,7.2281795
2024-08-10,FusionBook Air,Laptops,West India,13,8,10,5,3,38.0,11.278415
2024-12-06,FusionBook Air,Laptops,West India,94,12,6,4,4,76.0,8.879943
2021-07-03,FusionBook Pro,Laptops,East India,44,7,3,5,3,87.0,8.236945
2024-01-25,FusionBook Pro,Laptops,North India,33,1,25,3,1,116.0,6.7348175
2021-06-28,FusionBook Pro,Laptops,South India,188,6,28,0,2,23.0,11.171725
2021-12-23,FusionBook Pro,Laptops,South India,2,12,23,3,4,10.0,7.342116
2022-05-06,FusionBook Pro,Laptops,South India,2,5,6,4,2,52.0,10.316562
2024-04-09,FusionBook Pro,Laptops,South India,45,4,9,1,2,9.0,6.470278
2024-06-06,FusionBook Pro,Laptops,South India,1,6,6,3,2,228.0,9.130894
2024-10-01,FusionBook Pro,Laptops,South India,21,10,1,1,4,181.0,5.3787684
2023-11-28,FusionBook Pro,Laptops,West India,1,11,28,1,4,44.0,6.339131
2022-10-23,FusionBook Ultra,Laptops,Central India,49,10,23,6,4,1.0,5.775474
2022-08-20,FusionBook Ultra,Laptops,East India,29,8,20,5,3,1.0,5.0923853
2024-05-28,FusionBook Ultra,Laptops,North India,1,5,28,1,2,23.0,5.045136
2024-07-15,FusionBook Ultra,Laptops,North India,4,7,15,0,3,39.0,6.7522283
2024-09-14,FusionBook Ultra,Laptops,North India,43,9,14,5,3,76.0,9.008808
2022-12-18,FusionBook Ultra,Laptops,South India,41,12,18,6,4,20.0,8.749743
2023-03-08,FusionBook Ultra,Laptops,South India,113,3,8,2,1,59.0,5.684937
2024-03-20,FusionBook Ultra,Laptops,South India,22,3,20,2,1,7.0,5.2031255
2022-01-21,FusionPhone Lite,Smartphones,East India,24,1,21,4,1,1.0,5.896367
2024-02-26,FusionPhone Lite,Smartphones,East India,1,2,26,0,1,1.0,4.902529
2022-02-04,FusionPhone Lite,Smartphones,North India,1,2,4,4,1,1.0,14.77677
2024-03-15,FusionPhone Lite,Smartphones,North India,17,3,15,4,1,1.0,7.1932263
2024-06-07,FusionPhone Lite,Smartphones,North India,1,6,7,4,2,1.0,8.140548
2024-11-28,FusionPhone Lite,Smartphones,North India,45,11,28,3,4,2.0,13.538449
2021-12-30,FusionPhone Lite,Smartphones,West India,2,12,30,3,4,3.0,7.2590837
2023-05-15,FusionPhone Lite,Smartphones,West India,1,5,15,0,2,1.0,5.3062887
2024-09-14,FusionPhone Lite,Smartphones,West India,1,9,14,5,3,1.0,13.882654
2023-11-25,FusionPhone Ultra,Smartphones,East India,1,11,25,5,4,3.0,6.1541624
2023-03-24,FusionPhone Ultra,Smartphones,South India,2,3,24,4,1,3.0,10.205536
2024-03-11,FusionPhone Ultra,Smartphones,West India,9,3,11,0,1,2.0,5.564121
2024-02-01,FusionPhone X,Smartphones,Central India,49,2,1,3,1,1.0,6.788927
2022-08-17,FusionPhone X,Smartphones,East India,48,8,17,2,3,1.0,9.454742
2023-07-02,FusionPhone X,Smartphones,East India,1,7,2,6,3,1.0,7.089602
2023-11-01,FusionPhone X,Smartphones,North India,80,11,1,2,4,1.0,7.3432364
2021-08-26,FusionPhone X,Smartphones,South India,1,8,26,3,3,2.0,7.0169597
2023-06-21,FusionPhone X,Smartphones,South India,2,6,21,2,2,36.0,6.993122
2023-09-28,FusionPhone X,Smartphones,South India,1,9,28,3,3,70.0,11.244413
2023-11-14,FusionPhone X,Smartphones,South India,5,11,14,1,4,8.0,11.998039
2021-10-12,FusionPhone X,Smartphones,West India,3,10,12,1,4,3.0,10.651247
2023-01-01,FusionPhone X,Smartphones,West India,7,1,1,6,1,2.0,5.3897214
2023-06-18,FusionPhone X,Smartphones,West India,3,6,18,6,2,3.0,8.911616
2023-10-14,FusionPhone X,Smartphones,West India,2,10,14,5,4,2.0,9.418415
2023-12-08,FusionPhone X,Smartphones,West India,2,12,8,4,4,2.0,10.115214
2022-02-16,FusionTab Mini,Tablets,East India,38,2,16,2,1,22.0,4.8744774
2024-10-28,FusionTab Mini,Tablets,South India,25,10,28,0,4,1.0,6.0114074
2022-10-05,FusionTab Mini,Tablets,West India,1,10,5,2,4,2.0,2.2717412
2023-04-25,FusionTab Mini,Tablets,West India,89,4,25,1,2,1.0,5.4088717
2023-11-24,FusionTab Mini,Tablets,West India,20,11,24,4,4,1.0,5.971633
2023-08-27,FusionTab Pro,Tablets,East India,1,8,27,6,3,1.0,6.244603
2024-06-02,FusionTab Pro,Tablets,North India,1,6,2,6,2,41.0,7.610492
2024-10-25,FusionTab Pro,Tablets,South India,90,10,25,4,4,1.0,4.4369593
2021-07-18,FusionView 24,Monitors,East India,1,7,18,6,3,159.0,13.144034
2024-09-12,FusionView 24,Monitors,North India,19,9,12,3,3,125.0,15.223562
2021-11-17,FusionView 24,Monitors,South India,1,11,17,2,4,143.0,15.877935
2023-03-16,FusionView 24,Monitors,South India,1,3,16,3,1,44.0,8.871809
2024-01-24,FusionView 24,Monitors,South India,17,1,24,2,1,104.0,12.81019
2023-06-10,FusionView 27,Monitors,Central India,1,6,10,5,2,1.0,13.079141
2021-10-30,FusionView 27,Monitors,South India,212,10,30,5,4,16.0,1.1355166
2022-07-28,FusionView 27,Monitors,West India,1,7,28,3,3,8.0,16.975813
2021-04-26,Fusion Earbuds,Accessories,South India,55,4,26,0,2,6.0,11.740138
2021-07-06,Fusion Earbuds,Accessories,South India,2,7,6,1,3,2.0,4.913276
2021-08-12,Fusion Earbuds,Accessories,South India,4,8,12,3,3,3.0,5.673812
2022-01-09,Fusion Earbuds,Accessories,South India,100,1,9,6,1,2.0,30.40319
2022-06-04,Fusion Earbuds,Accessories,South India,49,6,4,5,2,1.0,7.81578
2022-07-26,Fusion Earbuds,Accessories,South India,1,7,26,1,3,1.0,4.3471437
2022-09-23,Fusion Earbuds,Accessories,South India,2,9,23,4,3,3.0,11.293403
2022-10-27,Fusion Earbuds,Accessories,South India,1,10,27,3,4,4.0,11.827611
2023-03-12,Fusion Earbuds,Accessories,South India,38,3,12,6,1,1.0,9.982777
2023-12-29,Fusion Earbuds,Accessories,South India,4,12,29,4,4,1.0,9.430711
2024-02-09,Fusion Earbuds,Accessories,South India,21,2,9,4,1,1.0,13.075947
2024-07-24,Fusion Earbuds,Accessories,South India,1,7,24,2,3,2.0,10.537073
2024-10-19,Fusion Earbuds,Accessories,South India,3,10,19,5,4,8.0,8.581819
2022-09-19,Fusion Earbuds,Accessories,West India,1,9,19,0,3,1.0,9.537384
2023-06-22,Fusion Earbuds,Accessories,West India,2,6,22,3,2,1.0,13.059535
2023-09-24,Fusion Earbuds,Accessories,West India,5,9,24,6,3,3.0,10.7626505
2024-07-10,Fusion Earbuds,Accessories,West India,1,7,10,2,3,2.0,9.494575
2022-01-20,Fusion Keyboard,Accessories,Central India,1,1,20,3,1,2.0,9.179605
2024-12-04,Fusion Keyboard,Accessories,Central India,64,12,4,2,4,1.0,7.3035316
2023-06-19,Fusion Keyboard,Accessories,East India,2,6,19,0,2,1.0,-1.0231678
2021-10-22,Fusion Keyboard,Accessories,North India,5,10,22,4,4,21.0,7.8248177
2022-06-23,Fusion Keyboard,Accessories,North India,1,6,23,3,2,15.0,7.0378428
2022-11-04,Fusion Keyboard,Accessories,North India,3,11,4,4,4,4.0,11.397442
2023-04-08,Fusion Keyboard,Accessories,North India,32,4,8,5,2,1.0,14.493293
2023-09-03,Fusion Keyboard,Accessories,North India,2,9,3,6,3,2.0,11.312708
2023-12-11,Fusion Keyboard,Accessories,North India,1,12,11,0,4,3.0,9.606509
2021-04-14,Fusion Keyboard,Accessories,South India,1,4,14,2,2,6.0,11.817017
2021-08-03,Fusion Keyboard,Accessories,South India,4,8,3,1,3,4.0,11.891073
2022-06-30,Fusion Keyboard,Accessories,South India,3,6,30,3,2,3.0,9.984802
2023-10-08,Fusion Keyboard,Accessories,South India,3,10,8,6,4,1.0,12.442726
2024-10-11,Fusion Keyboard,Accessories,South India,2,10,11,4,4,4.0,9.59234
2021-08-31,Fusion Keyboard,Accessories,West India,2,8,31,1,3,1.0,10.220111
2023-10-30,Fusion Keyboard,Accessories,West India,13,10,30,0,4,8.0,11.397308
2024-01-21,Fusion Keyboard,Accessories,West India,1,1,21,6,1,8.0,10.690193
2024-12-31,Fusion Keyboard,Accessories,West India,6,12,31,1,4,1.0,7.7513003
2022-01-30,Fusion Mouse,Accessories,Central India,1,1,30,6,1,3.0,7.7268476
2021-08-18,Fusion Mouse,Accessories,East India,1,8,18,2,3,2.0,10.834842
2021-10-29,Fusion Mouse,Accessories,East India,1,10,29,4,4,1.0,2.5516915
2022-01-24,Fusion Mouse,Accessories,East India,1,1,24,0,1,2.0,9.015093
2022-05-11,Fusion Mouse,Accessories,East India,1,5,11,2,2,1.0,8.619525
2022-10-01,Fusion Mouse,Accessories,East India,2,10,1,5,4,1.0,9.601525
2024-12-09,Fusion Mouse,Accessories,East India,1,12,9,0,4,2.0,7.0790696
2021-07-18,Fusion Mouse,Accessories,North India,1,7,18,6,3,2.0,6.155627
2022-04-16,Fusion Mouse,Accessories,North India,30,4,16,5,2,1.0,5.0608106
2022-05-28,Fusion Mouse,Accessories,North India,2,5,28,5,2,1.0,7.804404
2022-12-10,Fusion Mouse,Accessories,North India,1,12,10,5,4,2.0,10.113396
2023-04-14,Fusion Mouse,Accessories,North India,1,4,14,4,2,1.0,8.723935
2023-07-13,Fusion Mouse,Accessories,North India,2,7,13,3,3,1.0,6.319268
2024-02-10,Fusion Mouse,Accessories,North India,23,2,10,5,1,2.0,3.6496186
2022-01-25,Fusion Mouse,Accessories,South India,3,1,25,1,1,20.0,5.6997643
2022-10-11,Fusion Mouse,Accessories,South India,1,10,11,1,4,3.0,6.090138
2022-12-07,Fusion Mouse,Accessories,South India,39,12,7,2,4,1.0,5.1103563
2023-02-20,Fusion Mouse,Accessories,South India,2,2,20,0,1,3.0,5.6006875
2023-07-17,Fusion Mouse,Accessories,South India,1,7,17,0,3,2.0,8.611176
2023-10-17,Fusion Mouse,Accessories,South India,3,10,17,1,4,1.0,7.1932526
2024-07-12,Fusion Mouse,Accessories,South India,1,7,12,4,3,1.0,6.020369
2024-09-19,Fusion Mouse,Accessories,South India,1,9,19,3,3,11.0,9.1024275
2021-05-01,Fusion Mouse,Accessories,West India,1,5,1,5,2,2.0,7.996893
2022-01-27,Fusion Mouse,Accessories,West India,1,1,27,3,1,5.0,9.220637
2022-10-25,Fusion Mouse,Accessories,West India,118,10,25,1,4,5.0,11.745381
2024-11-08,Fusion Mouse,Accessories,West India,1,11,8,4,4,2.0,11.597119
2023-01-19,Fusion Watch Lite,Wearables,Central India,1,1,19,3,1,1.0,9.354628
2022-09-22,Fusion Watch Lite,Wearables,North India,1,9,22,3,3,1.0,13.113036
2024-07-09,Fusion Watch Lite,Wearables,North India,1,7,9,1,3,1.0,19.63033
2021-11-30,Fusion Watch Lite,Wearables,South India,70,11,30,1,4,1.0,21.513409
2023-01-23,Fusion Watch Lite,Wearables,South India,2,1,23,0,1,2.0,10.195364
2024-12-03,Fusion Watch Lite,Wearables,South India,1,12,3,1,4,1.0,21.92135
2023-01-21,Fusion Watch Pro,Wearables,Central India,1,1,21,5,1,40.0,18.169037
2022-08-06,Fusion Watch Pro,Wearables,North India,1,8,6,5,3,1.0,16.109823
2023-02-04,Fusion Watch Pro,Wearables,North India,2,2,4,5,1,1.0,20.714108
2023-12-14,Fusion Watch Pro,Wearables,North India,1,12,14,3,4,1.0,17.269928
2023-09-22,Fusion Watch Pro,Wearables,South India,1,9,22,4,3,1.0,15.444128
2024-12-19,Fusion Watch Pro,Wearables,South India,1,12,19,3,4,1.0,7.315623
2023-12-18,Fusion Watch Pro,Wearables,West India,1,12,18,0,4,1.0,15.489328
2021-02-14,FusionBook Air,Laptops,Central India,11,2,14,6,1,10.0,13.062869
2021-10-23,FusionBook Air,Laptops,Central India,1,10,23,5,4,42.0,7.553855
2022-08-25,FusionBook Air,Laptops,East India,1,8,25,3,3,1.0,7.0211983
2023-03-15,FusionBook Air,Laptops,East India,1,3,15,2,1,1.0,6.0910068
2023-07-08,FusionBook Air,Laptops,East India,1,7,8,5,3,3.0,5.902039
2023-10-12,FusionBook Air,Laptops,East India,39,10,12,3,4,1.0,7.7838106
2021-12-23,FusionBook Air,Laptops,North India,148,12,23,3,4,141.0,22.915451
2022-03-02,FusionBook Air,Laptops,North India,2,3,2,2,1,132.0,7.5688486
2022-05-08,FusionBook Air,Laptops,North India,51,5,8,6,2,1.0,15.616177
2022-07-05,FusionBook Air,Laptops,North India,1,7,5,1,3,1.0,30.586683
2022-12-26,FusionBook Air,Laptops,North India,1,12,26,0,4,64.0,21.8756
2023-04-26,FusionBook Air,Laptops,North India,1,4,26,2,2,50.0,8.6865015
2024-09-30,FusionBook Air,Laptops,North India,78,9,30,0,3,1.0,6.9713783
2021-04-09,FusionBook Air,Laptops,South India,379,4,9,4,2,98.0,10.465244
2021-07-30,FusionBook Air,Laptops,South India,1,7,30,4,3,50.0,7.3435264
2021-09-25,FusionBook Air,Laptops,South India,103,9,25,5,3,37.0,9.977241
2021-11-16,FusionBook Air,Laptops,South India,76,11,16,1,4,134.0,8.036464
2022-10-15,FusionBook Air,Laptops,South India,327,10,15,5,4,88.0,8.158865
2023-03-06,FusionBook Air,Laptops,South India,46,3,6,0,1,143.0,9.585248
2023-09-07,FusionBook Air,Laptops,South India,23,9,7,3,3,35.0,11.904792
2024-06-11,FusionBook Air,Laptops,South India,28,6,11,1,2,5.0,11.76907
2024-07-15,FusionBook Air,Laptops,South India,49,7,15,0,3,57.0,6.763107
2024-10-04,FusionBook Air,Laptops,South India,19,10,4,4,4,113.0,8.158034
2021-03-09,FusionBook Air,Laptops,West India,178,3,9,1,1,86.0,7.778768
2021-04-14,FusionBook Air,Laptops,West India,114,4,14,2,2,52.0,7.881162
2022-05-01,FusionBook Air,Laptops,West India,12,5,1,6,2,4.0,9.81817
2022-08-09,FusionBook Air,Laptops,West India,7,8,9,1,3,1.0,15.912496
2023-02-09,FusionBook Air,Laptops,West India,1,2,9,3,1,211.0,7.831817
2023-11-12,FusionBook Air,Laptops,West India,27,11,12,6,4,265.0,10.951081
2024-04-14,FusionBook Air,Laptops,West India,16,4,14,6,2,20.0,8.857067
2024-08-12,FusionBook Air,Laptops,West India,118,8,12,0,3,13.0,12.469932
2024-12-07,FusionBook Air,Laptops,West India,46,12,7,5,4,94.0,7.6655164
2022-03-01,FusionBook Pro,Laptops,Central India,1,3,1,1,1,100.0,7.7679105
2022-07-12,FusionBook Pro,Laptops,Central India,1,7,12,1,3,49.0,1.843889
2023-06-03,FusionBook Pro,Laptops,Central India,16,6,3,5,2,76.0,11.64278
2021-12-09,FusionBook Pro,Laptops,East India,15,12,9,3,4,1.0,12.299968
2022-07-11,FusionBook Pro,Laptops,East India,2,7,11,0,3,1.0,8.037647
2024-06-29,FusionBook Pro,Laptops,East India,28,6,29,5,2,43.0,11.004494
2024-10-01,FusionBook Pro,Laptops,East India,37,10,1,1,4,65.0,9.6894865
2021-06-15,FusionBook Pro,Laptops,North India,1,6,15,1,2,1.0,9.37249
2022-06-27,FusionBook Pro,Laptops,North India,49,6,27,0,2,26.0,13.8944645
2022-06-13,FusionBook Pro,Laptops,South India,1,6,13,0,2,166.0,9.797548
2023-05-26,FusionBook Pro,Laptops,South India,25,5,26,4,2,181.0,10.912402
2023-09-18,FusionBook Pro,Laptops,South India,26,9,18,0,3,23.0,12.040497
2023-12-25,FusionBook Pro,Laptops,South India,29,12,25,0,4,22.0,10.94344
2024-11-07,FusionBook Pro,Laptops,South India,12,11,7,3,4,1.0,9.375715
2022-02-22,FusionBook Pro,Laptops,West India,159,2,22,1,1,170.0,6.2552366
2022-09-07,FusionBook Pro,Laptops,West India,29,9,7,2,3,10.0,9.674904
2022-10-24,FusionBook Pro,Laptops,West India,69,10,24,0,4,64.0,6.171938
2023-01-28,FusionBook Pro,Laptops,West India,38,1,28,5,1,46.0,6.289396
2024-02-28,FusionBook Pro,Laptops,West India,2,2,28,2,1,1.0,5.842999
2024-05-09,FusionBook Pro,Laptops,West India,15,5,9,3,2,1.0,9.09062
2024-07-19,FusionBook Pro,Laptops,West India,53,7,19,4,3,3.0,11.40559
2023-07-05,FusionBook Ultra,Laptops,Central India,66,7,5,2,3,46.0,9.030595
2022-05-28,FusionBook Ultra,Laptops,East India,164,5,28,5,2,2.0,11.023379
2024-07-16,FusionBook Ultra,Laptops,North India,226,7,16,1,3,4.0,6.7225523
2022-04-21,FusionBook Ultra,Laptops,South India,107,4,21,3,2,48.0,8.543748
2022-12-19,FusionBook Ultra,Laptops,South India,1,12,19,0,4,41.0,8.480031
2023-06-23,FusionBook Ultra,Laptops,South India,1,6,23,4,2,1.0,4.912231
2023-11-08,FusionBook Ultra,Laptops,South India,231,11,8,2,4,30.0,9.949367
2023-11-07,FusionBook Ultra,Laptops,West India,60,11,7,1,4,111.0,6.5119696
2023-12-15,FusionBook Ultra,Laptops,West India,1,12,15,4,4,23.0,8.183687
2024-11-05,FusionBook Ultra,Laptops,West India,3,11,5,1,4,1.0,9.430265
2021-03-17,FusionPhone Lite,Smartphones,Central India,1,3,17,2,1,53.0,6.2373877
2021-12-11,FusionPhone Lite,Smartphones,Central India,1,12,11,5,4,1.0,-0.6219432
2023-08-11,FusionPhone Lite,Smartphones,Central India,2,8,11,4,3,1.0,9.104581
2021-03-08,FusionPhone Lite,Smartphones,East India,2,3,8,0,1,4.0,17.086468
2021-07-26,FusionPhone Lite,Smartphones,East India,54,7,26,0,3,1.0,12.642473
2023-12-05,FusionPhone Lite,Smartphones,East India,1,12,5,1,4,1.0,16.222025
2024-10-23,FusionPhone Lite,Smartphones,East India,2,10,23,2,4,1.0,21.804827
2022-05-12,FusionPhone Lite,Smartphones,North India,3,5,12,3,2,2.0,19.04461
2022-07-05,FusionPhone Lite,Smartphones,North India,1,7,5,1,3,3.0,21.279022
2022-12-27,FusionPhone Lite,Smartphones,North India,3,12,27,1,4,4.0,21.598837
2023-08-25,FusionPhone Lite,Smartphones,North India,1,8,25,4,3,3.0,9.289929
2023-12-13,FusionPhone Lite,Smartphones,North India,2,12,13,2,4,2.0,16.396622
2024-06-08,FusionPhone Lite,Smartphones,North India,2,6,8,5,2,1.0,9.097094
2024-11-30,FusionPhone Lite,Smartphones,North India,3,11,30,5,4,45.0,18.304548
2021-03-15,FusionPhone Lite,Smartphones,South India,3,3,15,0,1,16.0,20.714108
2021-05-25,FusionPhone Lite,Smartphones,South India,1,5,25,1,2,4.0,11.413396
2021-10-21,FusionPhone Lite,Smartphones,South India,2,10,21,3,4,4.0,18.090565
2021-12-29,FusionPhone Lite,Smartphones,South India,1,12,29,2,4,2.0,16.054697
2022-03-06,FusionPhone Lite,Smartphones,South India,85,3,6,6,1,78.0,9.7839
2024-04-17,FusionPhone Lite,Smartphones,South India,3,4,17,2,2,2.0,6.816006
2021-05-08,FusionPhone Lite,Smartphones,West India,5,5,8,5,2,4.0,6.1096754
2021-06-15,FusionPhone Lite,Smartphones,West India,2,6,15,1,2,38.0,8.211698
2021-11-13,FusionPhone Lite,Smartphones,West India,1,11,13,5,4,2.0,8.316982
2022-12-14,FusionPhone Lite,Smartphones,West India,24,12,14,2,4,2.0,-13.655668
2023-12-27,FusionPhone Lite,Smartphones,West India,2,12,27,2,4,1.0,4.349992
2024-11-28,FusionPhone Lite,Smartphones,West India,1,11,28,3,4,1.0,14.817693
2023-03-13,FusionPhone Ultra,Smartphones,East India,1,3,13,0,1,1.0,22.183048
2024-09-25,FusionPhone Ultra,Smartphones,East India,1,9,25,2,3,1.0,16.571114
2022-11-17,FusionPhone Ultra,Smartphones,North India,1,11,17,3,4,2.0,7.5505614
2023-01-14,FusionPhone Ultra,Smartphones,North India,1,1,14,5,1,1.0,9.379676
2024-07-09,FusionPhone Ultra,Smartphones,North India,2,7,9,1,3,1.0,9.048226
2024-10-16,FusionPhone Ultra,Smartphones,North India,3,10,16,2,4,2.0,10.246224
2024-12-02,FusionPhone Ultra,Smartphones,North India,1,12,2,0,4,2.0,10.058101
2022-12-26,FusionPhone Ultra,Smartphones,South India,74,12,26,0,4,12.0,10.82432
2023-09-27,FusionPhone Ultra,Smartphones,South India,1,9,27,2,3,2.0,11.290438
2023-12-20,FusionPhone Ultra,Smartphones,South India,12,12,20,2,4,4.0,6.7112412
2023-05-12,FusionPhone Ultra,Smartphones,West India,1,5,12,4,2,2.0,8.543338
2023-10-17,FusionPhone Ultra,Smartphones,West India,8,10,17,1,4,41.0,9.078791
2024-01-16,FusionPhone Ultra,Smartphones,West India,1,1,16,1,1,1.0,9.318899
2022-08-20,FusionPhone X,Smartphones,Central India,1,8,20,5,3,1.0,10.711704
2024-07-26,FusionPhone X,Smartphones,Central India,1,7,26,4,3,1.0,13.744834
2022-05-08,FusionPhone X,Smartphones,East India,2,5,8,6,2,2.0,9.754
2022-08-18,FusionPhone X,Smartphones,East India,2,8,18,3,3,48.0,11.054166
2024-05-02,FusionPhone X,Smartphones,North India,1,5,2,3,2,1.0,7.8360004
2022-03-14,FusionPhone X,Smartphones,South India,15,3,14,0,1,34.0,13.998226
2023-03-24,FusionPhone X,Smartphones,South India,2,3,24,4,1,1.0,7.869712
2024-01-30,FusionPhone X,Smartphones,South India,2,1,30,1,1,2.0,6.616056
2024-05-17,FusionPhone X,Smartphones,South India,3,5,17,4,2,4.0,15.061056
2024-08-20,FusionPhone X,Smartphones,South India,1,8,20,1,3,1.0,11.165822
2024-10-06,FusionPhone X,Smartphones,South India,2,10,6,6,4,4.0,1.058045
2021-10-13,FusionPhone X,Smartphones,West India,2,10,13,2,4,3.0,5.9637566
2022-11-06,FusionPhone X,Smartphones,West India,39,11,6,6,4,135.0,11.808622
2023-04-22,FusionPhone X,Smartphones,West India,2,4,22,5,2,1.0,4.526277
2023-12-09,FusionPhone X,Smartphones,West India,2,12,9,5,4,2.0,11.0982065
2024-02-20,FusionPhone X,Smartphones,West India,2,2,20,1,1,2.0,7.025091
2023-06-09,FusionTab Mini,Tablets,Central India,181,6,9,4,2,1.0,6.6093836
2021-07-30,FusionTab Mini,Tablets,East India,1,7,30,4,3,1.0,7.0650883
2021-06-06,FusionTab Mini,Tablets,North India,98,6,6,6,2,81.0,5.5725584
2022-01-21,FusionTab Mini,Tablets,North India,1,1,21,4,1,1.0,5.749539
2022-05-22,FusionTab Mini,Tablets,North India,2,5,22,6,2,1.0,7.1143847
2022-11-10,FusionTab Mini,Tablets,North India,2,11,10,3,4,1.0,7.965397
2021-07-15,FusionTab Mini,Tablets,South India,3,7,15,3,3,99.0,8.218692
2021-09-20,FusionTab Mini,Tablets,South India,1,9,20,0,3,1.0,7.8757787
2022-03-28,FusionTab Mini,Tablets,South India,1,3,28,0,1,1.0,6.3988748
2023-01-18,FusionTab Mini,Tablets,South India,48,1,18,2,1,1.0,7.5303993
2023-06-24,FusionTab Mini,Tablets,South India,1,6,24,5,2,1.0,9.737462
2024-04-06,FusionTab Mini,Tablets,South India,83,4,6,5,2,11.0,5.528609
2022-07-17,FusionTab Mini,Tablets,West India,10,7,17,6,3,25.0,5.644864
2023-01-25,FusionTab Mini,Tablets,West India,81,1,25,2,1,1.0,5.786256
2023-07-19,FusionTab Mini,Tablets,West India,47,7,19,2,3,1.0,7.1646433
2024-01-27,FusionTab Pro,Tablets,Central India,1,1,27,5,1,1.0,5.693264
2022-03-17,FusionTab Pro,Tablets,East India,27,3,17,3,1,195.0,6.77709
2023-02-06,FusionTab Pro,Tablets,East India,99,2,6,0,1,1.0,8.798876
2024-06-03,FusionTab Pro,Tablets,North India,1,6,3,0,2,1.0,7.6977916
2024-08-06,FusionTab Pro,Tablets,North India,66,8,6,1,3,1.0,7.354201
2022-08-23,FusionTab Pro,Tablets,South India,28,8,23,1,3,100.0,7.064514
2024-02-08,FusionTab Pro,Tablets,South India,1,2,8,3,1,39.0,15.69354
2024-10-26,FusionTab Pro,Tablets,South India,34,10,26,5,4,90.0,13.464535
2022-04-10,FusionTab Pro,Tablets,West India,45,4,10,6,2,1.0,14.249837
2022-12-14,FusionTab Pro,Tablets,West India,12,12,14,2,4,1.0,9.427992
2023-07-06,FusionTab Pro,Tablets,West India,1,7,6,3,3,73.0,10.823335
2024-05-26,FusionTab Pro,Tablets,West India,2,5,26,6,2,34.0,8.549786
2024-08-04,FusionTab Pro,Tablets,West India,59,8,4,6,3,2.0,17.529968
2021-09-05,FusionView 24,Monitors,Central India,1,9,5,6,3,40.0,24.069445
2023-02-05,FusionView 24,Monitors,East India,1,2,5,6,1,181.0,19.992624
2022-03-02,FusionView 24,Monitors,North India,1,3,2,2,1,197.0,20.275726
2022-11-13,FusionView 24,Monitors,North India,156,11,13,6,4,1.0,10.084669
2023-10-24,FusionView 24,Monitors,North India,33,10,24,1,4,39.0,22.639885
2024-09-24,FusionView 24,Monitors,North India,5,9,24,1,3,19.0,24.323355
2024-10-21,FusionView 24,Monitors,South India,1,10,21,0,4,26.0,21.301771
2021-12-05,FusionView 24,Monitors,West India,11,12,5,6,4,1.0,21.186007
2024-12-19,FusionView 24,Monitors,West India,37,12,19,3,4,30.0,-1.7020873
2024-12-30,FusionView 27,Monitors,North India,42,12,30,0,4,1.0,7.3666997
2022-03-23,FusionView 27,Monitors,South India,24,3,23,2,1,20.0,7.204927
2023-01-23,FusionView 27,Monitors,South India,15,1,23,0,1,17.0,16.946712
2023-07-19,FusionView 27,Monitors,South India,44,7,19,2,3,1.0,8.321465
2024-04-04,FusionView 27,Monitors,South India,1,4,4,3,2,1.0,7.5167475
2024-10-14,FusionView 27,Monitors,South India,47,10,14,0,4,32.0,10.764831
2023-01-14,FusionView 27,Monitors,West India,26,1,14,5,1,9.0,9.398883
2023-08-20,FusionView 32,Monitors,North India,1,8,20,6,3,32.0,4.9356103
2024-06-02,FusionView 32,Monitors,North India,188,6,2,6,2,38.0,11.602867
2023-07-13,FusionView 32,Monitors,West India,39,7,13,3,3,38.0,8.103117
2024-03-03,FusionView 32,Monitors,West India,2,3,3,6,1,93.0,3.321205
2024-08-13,FusionView 32,Monitors,West India,1,8,13,1,3,29.0,6.521275
2024-12-23,FusionView 32,Monitors,West India,157,12,23,0,4,1.0,7.742754
2021-02-08,Fusion Earbuds,Accessories,South India,6,2,8,0,1,92.0,11.865612
2021-11-17,Fusion Earbuds,Accessories,South India,54,11,17,2,4,2.0,8.438027
2022-01-10,Fusion Earbuds,Accessories,South India,2,1,10,0,1,100.0,10.977631
2022-03-08,Fusion Earbuds,Accessories,South India,1,3,8,1,1,4.0,16.712864
2022-04-18,Fusion Earbuds,Accessories,South India,2,4,18,0,2,1.0,9.228524
2022-06-05,Fusion Earbuds,Accessories,South India,1,6,5,6,2,49.0,7.1022797
2022-12-12,Fusion Earbuds,Accessories,South India,151,12,12,0,4,1.0,17.87778
2023-01-22,Fusion Earbuds,Accessories,South India,60,1,22,6,1,6.0,12.124832
2023-05-04,Fusion Earbuds,Accessories,South India,2,5,4,3,2,2.0,8.902661
2023-07-10,Fusion Earbuds,Accessories,South India,4,7,10,0,3,3.0,7.857205
2023-08-20,Fusion Earbuds,Accessories,South India,42,8,20,6,3,1.0,9.899566
2023-11-22,Fusion Earbuds,Accessories,South India,12,11,22,2,4,4.0,14.137822
2024-11-21,Fusion Earbuds,Accessories,South India,3,11,21,3,4,3.0,11.271297
2021-04-08,Fusion Earbuds,Accessories,West India,3,4,8,3,2,7.0,15.557286
2021-09-21,Fusion Earbuds,Accessories,West India,7,9,21,1,3,2.0,8.891428
2021-10-24,Fusion Earbuds,Accessories,West India,69,10,24,6,4,4.0,10.4680605
2022-03-06,Fusion Earbuds,Accessories,West India,37,3,6,6,1,3.0,14.448009
2022-05-06,Fusion Earbuds,Accessories,West India,1,5,6,4,2,1.0,-2.9286358
2023-01-21,Fusion Earbuds,Accessories,West India,4,1,21,5,1,39.0,11.911869
2023-03-03,Fusion Earbuds,Accessories,West India,2,3,3,4,1,1.0,10.531759
2023-04-21,Fusion Earbuds,Accessories,West India,2,4,21,4,2,5.0,10.970833
2023-08-10,Fusion Earbuds,Accessories,West India,2,8,10,3,3,1.0,11.950099
2023-09-25,Fusion Earbuds,Accessories,West India,2,9,25,0,3,5.0,12.133853
2023-11-03,Fusion Earbuds,Accessories,West India,3,11,3,4,4,2.0,14.248036
2024-02-08,Fusion Earbuds,Accessories,West India,1,2,8,3,1,1.0,10.958316
2024-09-03,Fusion Earbuds,Accessories,West India,2,9,3,1,3,23.0,7.7333827
2024-11-03,Fusion Earbuds,Accessories,West India,1,11,3,6,4,2.0,13.17516
2021-11-23,Fusion Keyboard,Accessories,East India,1,11,23,1,4,1.0,11.102359
2024-04-20,Fusion Keyboard,Accessories,East India,3,4,20,5,2,1.0,11.942525
2024-11-21,Fusion Keyboard,Accessories,East India,1,11,21,3,4,3.0,11.818109
2022-01-20,Fusion Keyboard,Accessories,North India,1,1,20,3,1,3.0,7.8829885
2022-05-03,Fusion Keyboard,Accessories,North India,1,5,3,1,2,4.0,9.789441
2022-06-24,Fusion Keyboard,Accessories,North India,1,6,24,4,2,1.0,14.466639
2022-09-24,Fusion Keyboard,Accessories,North India,2,9,24,5,3,1.0,13.963955
2022-12-10,Fusion Keyboard,Accessories,North India,42,12,10,5,4,2.0,7.683416
2024-08-18,Fusion Keyboard,Accessories,North India,1,8,18,6,3,18.0,13.59014
2021-06-03,Fusion Keyboard,Accessories,South India,2,6,3,3,2,2.0,10.347773
2021-10-07,Fusion Keyboard,Accessories,South India,1,10,7,3,4,3.0,25.186974
2021-12-04,Fusion Keyboard,Accessories,South India,2,12,4,5,4,4.0,14.945326
2022-11-09,Fusion Keyboard,Accessories,South India,26,11,9,2,4,1.0,10.996546
2023-03-05,Fusion Keyboard,Accessories,South India,6,3,5,6,1,4.0,10.875017
2023-06-27,Fusion Keyboard,Accessories,South India,3,6,27,1,2,4.0,14.981685
2023-12-19,Fusion Keyboard,Accessories,South India,1,12,19,1,4,1.0,7.621261
2024-05-15,Fusion Keyboard,Accessories,South India,99,5,15,2,2,2.0,11.53417
2024-09-01,Fusion Keyboard,Accessories,South India,18,9,1,6,3,2.0,8.631474
2021-09-01,Fusion Keyboard,Accessories,West India,6,9,1,2,3,2.0,11.552368
2021-10-08,Fusion Keyboard,Accessories,West India,2,10,8,4,4,1.0,6.9117904
2022-04-29,Fusion Keyboard,Accessories,West India,2,4,29,4,2,1.0,5.883955
2023-08-19,Fusion Keyboard,Accessories,West India,35,8,19,5,3,1.0,8.769011
2024-10-25,Fusion Keyboard,Accessories,West India,57,10,25,4,4,10.0,15.882474
2021-09-22,Fusion Mouse,Accessories,Central India,1,9,22,2,3,1.0,8.174034
2024-02-22,Fusion Mouse,Accessories,Central India,1,2,22,3,1,39.0,8.189354
2021-05-18,Fusion Mouse,Accessories,East India,1,5,18,1,2,2.0,10.616651
2021-08-19,Fusion Mouse,Accessories,East India,3,8,19,3,3,1.0,12.399031
2022-05-13,Fusion Mouse,Accessories,East India,1,5,13,4,2,1.0,8.75042
2023-07-10,Fusion Mouse,Accessories,East India,2,7,10,0,3,1.0,5.722115
2022-07-06,Fusion Mouse,Accessories,North India,4,7,6,2,3,4.0,5.079527
2022-09-06,Fusion Mouse,Accessories,North India,25,9,6,1,3,35.0,6.0689635
2023-05-28,Fusion Mouse,Accessories,North India,5,5,28,6,2,11.0,6.1474376
2024-04-06,Fusion Mouse,Accessories,North India,5,4,6,5,2,3.0,7.545647
2024-09-18,Fusion Mouse,Accessories,North India,1,9,18,2,3,2.0,7.715823
2021-05-03,Fusion Mouse,Accessories,South India,1,5,3,0,2,28.0,6.3431797
2021-06-17,Fusion Mouse,Accessories,South India,1,6,17,3,2,1.0,7.982621
2022-05-15,Fusion Mouse,Accessories,South India,9,5,15,6,2,15.0,7.6241503
2023-05-17,Fusion Mouse,Accessories,South India,1,5,17,2,2,3.0,11.723868
2023-07-18,Fusion Mouse,Accessories,South India,1,7,18,1,3,1.0,7.5974703
2023-09-07,Fusion Mouse,Accessories,South India,2,9,7,3,3,1.0,7.1926665
2023-10-18,Fusion Mouse,Accessories,South India,3,10,18,2,4,3.0,8.135993
2024-05-27,Fusion Mouse,Accessories,South India,1,5,27,0,2,5.0,8.241421
2024-12-04,Fusion Mouse,Accessories,South India,1,12,4,2,4,1.0,9.087552
2021-07-25,Fusion Mouse,Accessories,West India,3,7,25,6,3,1.0,9.074547
2021-10-30,Fusion Mouse,Accessories,West India,52,10,30,5,4,32.0,8.964194
2021-12-01,Fusion Mouse,Accessories,West India,1,12,1,2,4,1.0,7.6061306
2022-04-09,Fusion Mouse,Accessories,West India,3,4,9,5,2,1.0,20.51515
2022-08-29,Fusion Mouse,Accessories,West India,1,8,29,0,3,3.0,18.629045
2022-10-26,Fusion Mouse,Accessories,West India,4,10,26,2,4,118.0,8.9574375
2023-02-17,Fusion Mouse,Accessories,West India,1,2,17,4,1,2.0,9.02202
2023-09-23,Fusion Mouse,Accessories,West India,1,9,23,5,3,84.0,15.832547
2024-11-10,Fusion Mouse,Accessories,West India,3,11,10,6,4,1.0,22.969263
2023-02-03,Fusion Watch Lite,Wearables,Central India,17,2,3,4,1,1.0,17.732695
2022-05-07,Fusion Watch Lite,Wearables,East India,1,5,7,5,2,1.0,19.402054
2024-01-14,Fusion Watch Lite,Wearables,East India,1,1,14,6,1,1.0,16.376509
2022-01-15,Fusion Watch Lite,Wearables,North India,1,1,15,5,1,50.0,19.625298
2023-08-19,Fusion Watch Lite,Wearables,North India,1,8,19,5,3,1.0,21.117168
2024-07-11,Fusion Watch Lite,Wearables,North India,1,7,11,3,3,1.0,23.682417
2023-02-01,Fusion Watch Lite,Wearables,South India,1,2,1,2,1,2.0,23.83029
2023-09-18,Fusion Watch Lite,Wearables,South India,1,9,18,0,3,2.0,23.99073
2023-02-03,Fusion Watch Lite,Wearables,West India,1,2,3,4,1,1.0,45.658623
2023-07-09,Fusion Watch Lite,Wearables,West India,16,7,9,6,3,1.0,19.66236
2024-06-18,Fusion Watch Lite,Wearables,West India,1,6,18,1,2,1.0,18.950474
2023-05-31,Fusion Watch Pro,Wearables,Central India,1,5,31,2,2,1.0,19.384703
2023-11-08,Fusion Watch Pro,Wearables,East India,1,11,8,2,4,1.0,19.330765
2022-03-23,Fusion Watch Pro,Wearables,North India,1,3,23,2,1,1.0,18.980717
2022-07-01,Fusion Watch Pro,Wearables,South India,1,7,1,4,3,1.0,13.804764
2023-09-24,Fusion Watch Pro,Wearables,South India,1,9,24,6,3,1.0,14.833706
2024-04-14,Fusion Watch Pro,Wearables,South India,2,4,14,6,2,31.0,10.4155855
2022-05-29,Fusion Watch Pro,Wearables,West India,2,5,29,6,2,1.0,0.642049
2022-11-29,Fusion Watch Pro,Wearables,West India,2,11,29,1,4,42.0,14.211974
2023-06-07,Fusion Watch Pro,Wearables,West India,1,6,7,2,2,1.0,8.492662
2024-09-25,Fusion Watch Pro,Wearables,West India,1,9,25,2,3,2.0,18.16183
2021-12-15,FusionBook Air,Laptops,Central India,1,12,15,2,4,44.0,9.975548
2022-09-15,FusionBook Air,Laptops,Central India,1,9,15,3,3,1.0,11.438482
2024-02-22,FusionBook Air,Laptops,Central India,108,2,22,3,1,1.0,8.171754
2024-12-15,FusionBook Air,Laptops,Central India,27,12,15,6,4,21.0,7.8333745
2021-04-18,FusionBook Air,Laptops,East India,49,4,18,6,2,14.0,10.770389
2022-08-28,FusionBook Air,Laptops,East India,27,8,28,6,3,1.0,7.14282
2023-03-28,FusionBook Air,Laptops,East India,1,3,28,1,1,1.0,6.8886023
2024-11-02,FusionBook Air,Laptops,East India,195,11,2,5,4,103.0,11.304657
2021-03-13,FusionBook Air,Laptops,North India,43,3,13,5,1,122.0,6.7588058
2021-04-25,FusionBook Air,Laptops,North India,9,4,25,6,2,130.0,8.286529
2021-08-07,FusionBook Air,Laptops,North India,45,8,7,5,3,27.0,2.4446177
2021-12-25,FusionBook Air,Laptops,North India,46,12,25,5,4,148.0,104.76485
2022-05-09,FusionBook Air,Laptops,North India,82,5,9,0,2,51.0,7.279704
2022-07-06,FusionBook Air,Laptops,North India,1,7,6,2,3,1.0,15.426562
2023-06-24,FusionBook Air,Laptops,North India,1,6,24,5,2,1.0,9.030631
2023-09-17,FusionBook Air,Laptops,North India,50,9,17,6,3,44.0,8.300488
2024-02-15,FusionBook Air,Laptops,North India,34,2,15,3,1,50.0,11.607677
2021-02-13,FusionBook Air,Laptops,South India,97,2,13,5,1,94.0,17.816484
2021-04-10,FusionBook Air,Laptops,South India,96,4,10,5,2,379.0,16.542948
2021-09-26,FusionBook Air,Laptops,South India,28,9,26,6,3,103.0,22.170956
2021-11-17,FusionBook Air,Laptops,South India,91,11,17,2,4,76.0,9.678879
2022-04-23,FusionBook Air,Laptops,South India,1,4,23,5,2,31.0,14.778898
2022-07-17,FusionBook Air,Laptops,South India,102,7,17,6,3,48.0,11.156357
2022-08-27,FusionBook Air,Laptops,South India,29,8,27,5,3,31.0,13.432778
2022-10-16,FusionBook Air,Laptops,South India,96,10,16,6,4,327.0,8.705495
2022-11-23,FusionBook Air,Laptops,South India,284,11,23,2,4,19.0,9.531566
2023-01-16,FusionBook Air,Laptops,South India,1,1,16,0,1,85.0,16.042315
2023-03-08,FusionBook Air,Laptops,South India,163,3,8,2,1,46.0,14.318121
2023-07-26,FusionBook Air,Laptops,South India,191,7,26,2,3,1.0,12.640898
2023-09-08,FusionBook Air,Laptops,South India,2,9,8,4,3,23.0,10.664737
2021-03-10,FusionBook Air,Laptops,West India,2,3,10,2,1,178.0,9.411173
2021-04-15,FusionBook Air,Laptops,West India,93,4,15,3,2,114.0,7.4217715
2021-08-30,FusionBook Air,Laptops,West India,58,8,30,0,3,3.0,19.246805
2022-05-03,FusionBook Air,Laptops,West India,11,5,3,1,2,12.0,8.852656
2024-04-15,FusionBook Air,Laptops,West India,1,4,15,0,2,16.0,7.421904
2021-07-15,FusionBook Pro,Laptops,Central India,21,7,15,3,3,47.0,7.3025413
2022-07-15,FusionBook Pro,Laptops,Central India,1,7,15,4,3,1.0,7.864258
2023-05-14,FusionBook Pro,Laptops,East India,27,5,14,6,2,1.0,8.115258
2023-08-19,FusionBook Pro,Laptops,East India,7,8,19,5,3,1.0,10.633661
2024-10-07,FusionBook Pro,Laptops,East India,1,10,7,0,4,37.0,8.296667
2021-07-27,FusionBook Pro,Laptops,North India,1,7,27,1,3,29.0,8.834364
2021-09-12,FusionBook Pro,Laptops,North India,1,9,12,6,3,50.0,10.393517
2022-01-02,FusionBook Pro,Laptops,North India,2,1,2,6,1,48.0,13.177037
2022-05-02,FusionBook Pro,Laptops,North India,50,5,2,0,2,3.0,14.197202
2022-12-04,FusionBook Pro,Laptops,North India,141,12,4,6,4,28.0,8.1783085
2023-11-08,FusionBook Pro,Laptops,North India,1,11,8,2,4,19.0,8.937635
2024-06-08,FusionBook Pro,Laptops,North India,66,6,8,5,2,2.0,15.806392
2024-07-27,FusionBook Pro,Laptops,North India,21,7,27,5,3,47.0,18.140903
2021-06-29,FusionBook Pro,Laptops,South India,2,6,29,1,2,188.0,8.364338
2022-01-31,FusionBook Pro,Laptops,South India,25,1,31,0,1,36.0,9.955374
2023-02-24,FusionBook Pro,Laptops,South India,1,2,24,4,1,58.0,12.856797
2023-07-11,FusionBook Pro,Laptops,South India,2,7,11,1,3,65.0,20.74604
2024-06-07,FusionBook Pro,Laptops,South India,1,6,7,4,2,1.0,13.949332
2023-01-29,FusionBook Pro,Laptops,West India,108,1,29,6,1,38.0,6.3029613
2024-05-11,FusionBook Pro,Laptops,West India,2,5,11,5,2,15.0,10.00507
2022-10-24,FusionBook Ultra,Laptops,Central India,27,10,24,0,4,49.0,7.342799
2024-07-26,FusionBook Ultra,Laptops,Central India,1,7,26,4,3,1.0,9.44192
2022-06-01,FusionBook Ultra,Laptops,East India,1,6,1,2,2,164.0,7.9608684
2022-11-07,FusionBook Ultra,Laptops,East India,1,11,7,0,4,1.0,6.5663576
2022-11-11,FusionBook Ultra,Laptops,North India,1,11,11,4,4,1.0,7.5862203
2023-01-23,FusionBook Ultra,Laptops,North India,30,1,23,0,1,100.0,7.2290525
2024-01-27,FusionBook Ultra,Laptops,North India,185,1,27,5,1,30.0,8.090953
2024-07-18,FusionBook Ultra,Laptops,North India,80,7,18,3,3,226.0,10.409197
2024-09-16,FusionBook Ultra,Laptops,North India,103,9,16,0,3,43.0,11.552545
2022-06-07,FusionBook Ultra,Laptops,South India,3,6,7,1,2,1.0,6.9198914
2022-11-05,FusionBook Ultra,Laptops,South India,34,11,5,5,4,9.0,10.525474
2023-03-09,FusionBook Ultra,Laptops,South India,52,3,9,3,1,113.0,6.85349
2023-05-03,FusionBook Ultra,Laptops,South India,182,5,3,2,2,47.0,5.6074476
2023-07-27,FusionBook Ultra,Laptops,South India,2,7,27,3,3,34.0,5.89495
2023-09-12,FusionBook Ultra,Laptops,South India,39,9,12,1,3,121.0,6.588525
2024-04-29,FusionBook Ultra,Laptops,South India,102,4,29,0,2,42.0,6.4136853
2024-06-13,FusionBook Ultra,Laptops,South India,20,6,13,3,2,10.0,7.4091115
2024-07-23,FusionBook Ultra,Laptops,South India,76,7,23,1,3,26.0,11.038646
2024-10-17,FusionBook Ultra,Laptops,South India,26,10,17,3,4,12.0,6.4891863
2024-11-25,FusionBook Ultra,Laptops,South India,1,11,25,0,4,44.0,6.386143
2022-05-16,FusionBook Ultra,Laptops,West India,1,5,16,0,2,3.0,13.075253
2022-06-27,FusionBook Ultra,Laptops,West India,1,6,27,0,2,6.0,8.942863
2022-12-11,FusionBook Ultra,Laptops,West India,2,12,11,6,4,11.0,9.519497
2023-01-27,FusionBook Ultra,Laptops,West India,44,1,27,4,1,230.0,6.7932153
2023-03-25,FusionBook Ultra,Laptops,West India,59,3,25,5,1,74.0,6.0201817
2023-05-12,FusionBook Ultra,Laptops,West India,38,5,12,4,2,2.0,7.61416
2023-12-16,FusionBook Ultra,Laptops,West India,240,12,16,5,4,1.0,7.090191
2024-05-30,FusionBook Ultra,Laptops,West India,16,5,30,3,2,87.0,8.657649
2024-09-20,FusionBook Ultra,Laptops,West India,1,9,20,4,3,67.0,9.337409
2024-12-29,FusionBook Ultra,Laptops,West India,146,12,29,6,4,198.0,8.3426
2021-12-17,FusionPhone Lite,Smartphones,Central India,1,12,17,4,4,1.0,9.090683
2023-04-28,FusionPhone Lite,Smartphones,Central India,1,4,28,4,2,1.0,8.742563
2021-05-07,FusionPhone Lite,Smartphones,East India,1,5,7,4,2,1.0,16.155542
2022-01-23,FusionPhone Lite,Smartphones,East India,1,1,23,6,1,24.0,14.389139
2023-12-07,FusionPhone Lite,Smartphones,East India,1,12,7,3,4,1.0,9.978944
2024-07-03,FusionPhone Lite,Smartphones,East India,1,7,3,2,3,1.0,18.359894
2021-02-18,FusionPhone Lite,Smartphones,North India,78,2,18,3,1,2.0,11.42515
2021-03-27,FusionPhone Lite,Smartphones,North India,75,3,27,5,1,6.0,10.749279
2021-10-24,FusionPhone Lite,Smartphones,North India,22,10,24,6,4,1.0,21.957565
2022-05-13,FusionPhone Lite,Smartphones,North India,2,5,13,4,2,3.0,23.795073
2022-08-29,FusionPhone Lite,Smartphones,North India,1,8,29,0,3,15.0,25.608883
2022-12-28,FusionPhone Lite,Smartphones,North India,2,12,28,2,4,3.0,13.037061
2024-03-16,FusionPhone Lite,Smartphones,North India,2,3,16,5,1,17.0,19.389715
2024-09-08,FusionPhone Lite,Smartphones,North India,1,9,8,6,3,3.0,19.191078
2024-12-02,FusionPhone Lite,Smartphones,North India,1,12,2,0,4,3.0,18.451313
2021-10-22,FusionPhone Lite,Smartphones,South India,9,10,22,4,4,2.0,19.516947
2021-12-30,FusionPhone Lite,Smartphones,South India,3,12,30,3,4,1.0,11.509293
2022-06-25,FusionPhone Lite,Smartphones,South India,8,6,25,5,2,2.0,12.283172
2022-08-10,FusionPhone Lite,Smartphones,South India,2,8,10,2,3,2.0,12.1736145
2023-11-13,FusionPhone Lite,Smartphones,South India,15,11,13,0,4,24.0,8.7399645
2024-06-06,FusionPhone Lite,Smartphones,South India,1,6,6,3,2,1.0,15.214979
2021-06-16,FusionPhone Lite,Smartphones,West India,4,6,16,2,2,2.0,15.218998
2021-07-19,FusionPhone Lite,Smartphones,West India,2,7,19,0,3,2.0,8.994059
2022-08-04,FusionPhone Lite,Smartphones,West India,1,8,4,3,3,1.0,16.897478
2023-03-13,FusionPhone Lite,Smartphones,West India,1,3,13,0,1,5.0,6.3334293
2023-07-14,FusionPhone Lite,Smartphones,West India,1,7,14,4,3,1.0,6.491387
2024-05-18,FusionPhone Lite,Smartphones,West India,4,5,18,5,2,1.0,21.668316
2023-03-14,FusionPhone Ultra,Smartphones,East India,2,3,14,1,1,1.0,11.607677
2022-11-19,FusionPhone Ultra,Smartphones,North India,3,11,19,5,4,1.0,8.621991
2023-03-17,FusionPhone Ultra,Smartphones,North India,2,3,17,4,1,1.0,13.698176
2023-05-20,FusionPhone Ultra,Smartphones,North India,2,5,20,5,2,1.0,7.596237
2023-10-10,FusionPhone Ultra,Smartphones,North India,2,10,10,1,4,4.0,17.948372
2023-11-19,FusionPhone Ultra,Smartphones,North India,4,11,19,6,4,3.0,13.036874
2024-02-14,FusionPhone Ultra,Smartphones,North India,1,2,14,2,1,42.0,8.296227
2024-08-31,FusionPhone Ultra,Smartphones,North India,1,8,31,5,3,2.0,10.23931
2023-05-19,FusionPhone Ultra,Smartphones,South India,39,5,19,4,2,14.0,26.858644
2023-09-28,FusionPhone Ultra,Smartphones,South India,1,9,28,3,3,1.0,11.642036
2024-01-31,FusionPhone Ultra,Smartphones,South India,1,1,31,2,1,2.0,11.629918
2024-03-18,FusionPhone Ultra,Smartphones,South India,2,3,18,0,1,99.0,11.30936
2024-06-06,FusionPhone Ultra,Smartphones,South India,2,6,6,3,2,2.0,22.523373
2024-07-13,FusionPhone Ultra,Smartphones,South India,3,7,13,5,3,4.0,10.172736
2024-11-20,FusionPhone Ultra,Smartphones,South India,4,11,20,2,4,1.0,16.77022
2022-10-10,FusionPhone Ultra,Smartphones,West India,4,10,10,0,4,1.0,14.101647
2023-02-05,FusionPhone Ultra,Smartphones,West India,6,2,5,6,1,2.0,9.533613
2023-08-26,FusionPhone Ultra,Smartphones,West India,1,8,26,5,3,1.0,14.906942
2024-04-29,FusionPhone Ultra,Smartphones,West India,2,4,29,0,2,2.0,11.460278
2024-10-26,FusionPhone Ultra,Smartphones,West India,5,10,26,5,4,116.0,13.800011
2021-11-29,FusionPhone X,Smartphones,Central India,1,11,29,0,4,61.0,8.728405
2024-07-28,FusionPhone X,Smartphones,Central India,1,7,28,6,3,1.0,14.612105
2024-11-02,FusionPhone X,Smartphones,Central India,24,11,2,5,4,1.0,14.59517
2022-08-19,FusionPhone X,Smartphones,East India,1,8,19,4,3,2.0,11.192397
2024-03-23,FusionPhone X,Smartphones,East India,1,3,23,5,1,2.0,14.890233
2022-02-03,FusionPhone X,Smartphones,North India,2,2,3,3,1,5.0,14.945326
2022-10-03,FusionPhone X,Smartphones,North India,4,10,3,0,4,2.0,9.494117
2023-07-29,FusionPhone X,Smartphones,North India,2,7,29,5,3,1.0,8.1783085
2024-02-06,FusionPhone X,Smartphones,North India,2,2,6,1,1,10.0,12.051777
2024-05-04,FusionPhone X,Smartphones,North India,1,5,4,5,2,1.0,10.872796
2024-10-03,FusionPhone X,Smartphones,North India,2,10,3,3,4,1.0,14.561279
2024-11-19,FusionPhone X,Smartphones,North India,4,11,19,1,4,2.0,10.444636
2021-12-19,FusionPhone X,Smartphones,South India,2,12,19,6,4,4.0,13.140368
2023-11-15,FusionPhone X,Smartphones,South India,70,11,15,2,4,5.0,10.299726
2024-05-18,FusionPhone X,Smartphones,South India,1,5,18,5,2,3.0,18.386703
2024-08-22,FusionPhone X,Smartphones,South India,1,8,22,3,3,1.0,12.041396
2021-09-04,FusionPhone X,Smartphones,West India,2,9,4,5,3,2.0,9.204732
2022-11-07,FusionPhone X,Smartphones,West India,2,11,7,0,4,39.0,12.031323
2023-06-19,FusionPhone X,Smartphones,West India,1,6,19,0,2,3.0,7.775456
2024-09-29,FusionPhone X,Smartphones,West India,1,9,29,6,3,1.0,10.238801
2021-07-16,FusionTab Mini,Tablets,Central India,15,7,16,4,3,1.0,11.860873
2022-07-11,FusionTab Mini,Tablets,Central India,1,7,11,0,3,1.0,11.018669
2023-06-10,FusionTab Mini,Tablets,Central India,2,6,10,5,2,181.0,8.316962
2022-02-17,FusionTab Mini,Tablets,East India,1,2,17,3,1,38.0,7.18213
2024-03-20,FusionTab Mini,Tablets,East India,1,3,20,2,1,1.0,7.7599173
2021-06-08,FusionTab Mini,Tablets,North India,40,6,8,1,2,98.0,6.7804623
2021-07-26,FusionTab Mini,Tablets,North India,21,7,26,0,3,71.0,10.064331
2022-01-23,FusionTab Mini,Tablets,North India,34,1,23,6,1,1.0,4.912881
2022-11-11,FusionTab Mini,Tablets,North India,1,11,11,4,4,2.0,7.585185
2023-08-25,FusionTab Mini,Tablets,North India,40,8,25,4,3,1.0,3.7721684
2024-02-02,FusionTab Mini,Tablets,North India,94,2,2,4,1,24.0,10.724246
2024-07-28,FusionTab Mini,Tablets,North India,1,7,28,6,3,1.0,6.885234
2024-10-24,FusionTab Mini,Tablets,North India,44,10,24,3,4,2.0,6.2196817
2021-05-19,FusionTab Mini,Tablets,South India,2,5,19,2,2,50.0,5.770678
2021-07-16,FusionTab Mini,Tablets,South India,2,7,16,4,3,3.0,6.553078
2022-09-02,FusionTab Mini,Tablets,South India,1,9,2,4,3,1.0,13.147641
2024-12-14,FusionTab Mini,Tablets,South India,1,12,14,5,4,1.0,5.990752
2021-06-24,FusionTab Mini,Tablets,West India,1,6,24,3,2,1.0,5.2048554
2022-11-17,FusionTab Mini,Tablets,West India,1,11,17,3,4,1.0,6.1907506
2023-07-20,FusionTab Mini,Tablets,West India,3,7,20,3,3,47.0,8.310246
2023-11-25,FusionTab Mini,Tablets,West India,1,11,25,5,4,20.0,7.5895143
2023-07-01,FusionTab Pro,Tablets,North India,1,7,1,5,3,2.0,3.5719938
2022-05-06,FusionTab Pro,Tablets,South India,46,5,6,4,2,3.0,7.579061
2022-06-25,FusionTab Pro,Tablets,South India,1,6,25,5,2,10.0,7.579061
2023-07-02,FusionTab Pro,Tablets,South India,2,7,2,6,3,3.0,11.135753
2023-09-03,FusionTab Pro,Tablets,South India,1,9,3,6,3,11.0,9.385191
2024-07-28,FusionTab Pro,Tablets,South India,1,7,28,6,3,2.0,15.494194
2022-04-13,FusionTab Pro,Tablets,West India,1,4,13,2,2,45.0,16.191196
2022-06-26,FusionTab Pro,Tablets,West India,1,6,26,6,2,3.0,9.461375
2022-12-15,FusionTab Pro,Tablets,West India,1,12,15,3,4,12.0,13.202295
2023-05-01,FusionTab Pro,Tablets,West India,1,5,1,0,2,2.0,7.6555247
2023-07-08,FusionTab Pro,Tablets,West India,3,7,8,5,3,1.0,18.808271
2024-02-09,FusionTab Pro,Tablets,West India,2,2,9,4,1,1.0,16.105278
2024-08-07,FusionTab Pro,Tablets,West India,1,8,7,2,3,59.0,21.302094
2021-09-23,FusionView 24,Monitors,Central India,33,9,23,3,3,1.0,24.450674
2021-07-26,FusionView 24,Monitors,East India,14,7,26,0,3,1.0,24.23462
2021-08-15,FusionView 24,Monitors,North India,2,8,15,6,3,17.0,22.393917
2022-03-17,FusionView 24,Monitors,North India,9,3,17,3,1,1.0,21.411043
2022-11-18,FusionView 24,Monitors,North India,1,11,18,4,4,156.0,21.833796
2023-10-27,FusionView 24,Monitors,North India,1,10,27,4,4,33.0,17.301811
2024-09-26,FusionView 24,Monitors,North India,1,9,26,3,3,5.0,25.397085
2021-11-19,FusionView 24,Monitors,South India,1,11,19,4,4,1.0,22.683683
2022-08-13,FusionView 24,Monitors,South India,40,8,13,5,3,24.0,14.120052
2023-03-19,FusionView 24,Monitors,South India,1,3,19,6,1,1.0,14.639961
2024-02-04,FusionView 24,Monitors,South India,1,2,4,6,1,17.0,20.744797
2024-10-22,FusionView 24,Monitors,South India,93,10,22,1,4,1.0,19.80089
2021-12-10,FusionView 24,Monitors,West India,9,12,10,4,4,11.0,24.698988
2023-04-04,FusionView 24,Monitors,West India,12,4,4,1,2,26.0,14.587229
2024-07-07,FusionView 24,Monitors,West India,1,7,7,6,3,1.0,18.492659
2024-12-25,FusionView 27,Monitors,East India,5,12,25,2,4,24.0,16.670242
2021-11-20,FusionView 27,Monitors,North India,125,11,20,5,4,36.0,10.833422
2022-06-04,FusionView 27,Monitors,North India,1,6,4,5,2,1.0,17.657997
2023-05-11,FusionView 27,Monitors,North India,1,5,11,3,2,64.0,14.395538
2023-11-20,FusionView 27,Monitors,North India,17,11,20,0,4,8.0,16.225922
2021-07-13,FusionView 27,Monitors,South India,1,7,13,1,3,0.0,-2.7843797
2021-10-31,FusionView 27,Monitors,South India,33,10,31,6,4,212.0,8.419881
2022-09-17,FusionView 27,Monitors,South India,36,9,17,5,3,1.0,8.212864
2023-01-25,FusionView 27,Monitors,South India,1,1,25,2,1,15.0,8.440863
2023-07-21,FusionView 27,Monitors,South India,1,7,21,4,3,44.0,16.78512
2023-11-19,FusionView 27,Monitors,South India,1,11,19,6,4,1.0,14.599363
2021-11-18,FusionView 27,Monitors,West India,39,11,18,3,4,1.0,6.2598376
2022-07-31,FusionView 27,Monitors,West India,1,7,31,6,3,1.0,11.600807
2023-01-15,FusionView 27,Monitors,West India,5,1,15,6,1,26.0,14.313225
2023-08-10,FusionView 27,Monitors,West India,38,8,10,3,3,30.0,9.852399
2023-12-22,FusionView 27,Monitors,West India,38,12,22,4,4,1.0,9.700876
2024-10-27,FusionView 32,Monitors,East India,18,10,27,6,4,8.0,9.713037
2023-03-18,FusionView 32,Monitors,North India,1,3,18,5,1,49.0,10.02102
2023-09-10,FusionView 32,Monitors,North India,18,9,10,6,3,1.0,13.1466675
2022-10-26,FusionView 32,Monitors,South India,471,10,26,2,4,32.0,7.4773912
2024-07-15,FusionView 32,Monitors,South India,45,7,15,0,3,24.0,6.5969615
2022-02-20,FusionView 32,Monitors,West India,5,2,20,6,1,1.0,5.6413517
2024-12-29,FusionView 32,Monitors,West India,43,12,29,6,4,157.0,8.292678
2024-09-25,Fusion Earbuds,Accessories,North India,3,9,25,2,3,1.0,25.27033
2021-09-29,Fusion Earbuds,Accessories,South India,40,9,29,2,3,1.0,10.583104
2023-08-21,Fusion Earbuds,Accessories,South India,5,8,21,0,3,42.0,7.692994
2024-07-25,Fusion Earbuds,Accessories,South India,4,7,25,3,3,1.0,14.523379
2024-11-22,Fusion Earbuds,Accessories,South India,2,11,22,4,4,3.0,12.351033
2024-12-25,Fusion Earbuds,Accessories,South India,4,12,25,2,4,6.0,7.392584
2021-01-28,Fusion Earbuds,Accessories,West India,27,1,28,3,1,57.0,7.1593347
2021-04-09,Fusion Earbuds,Accessories,West India,40,4,9,4,2,3.0,9.786048
2021-05-17,Fusion Earbuds,Accessories,West India,3,5,17,0,2,5.0,8.784815
2021-07-02,Fusion Earbuds,Accessories,West India,4,7,2,4,3,88.0,9.199748
2022-06-19,Fusion Earbuds,Accessories,West India,2,6,19,6,2,12.0,9.204005
2022-12-07,Fusion Earbuds,Accessories,West India,1,12,7,2,4,1.0,13.051355
2023-08-11,Fusion Earbuds,Accessories,West India,6,8,11,4,3,2.0,-3.1760068
2023-12-26,Fusion Earbuds,Accessories,West India,33,12,26,1,4,2.0,12.58845
2024-11-04,Fusion Earbuds,Accessories,West India,1,11,4,0,4,1.0,7.4026146
2022-01-21,Fusion Keyboard,Accessories,Central India,4,1,21,4,1,1.0,1.030363
2024-03-13,Fusion Keyboard,Accessories,Central India,1,3,13,2,1,1.0,11.837389
2024-12-08,Fusion Keyboard,Accessories,Central India,1,12,8,6,4,64.0,8.558936
2022-06-11,Fusion Keyboard,Accessories,East India,2,6,11,5,2,1.0,12.452726
2024-04-21,Fusion Keyboard,Accessories,East India,72,4,21,6,2,3.0,12.919819
2024-11-23,Fusion Keyboard,Accessories,East India,2,11,23,5,4,1.0,8.241115
2022-05-04,Fusion Keyboard,Accessories,North India,2,5,4,2,2,1.0,11.554072
2023-10-20,Fusion Keyboard,Accessories,North India,2,10,20,4,4,2.0,7.3998346
2023-12-12,Fusion Keyboard,Accessories,North India,2,12,12,1,4,1.0,10.463293
2024-06-02,Fusion Keyboard,Accessories,North India,1,6,2,6,2,2.0,-1.1939828
2021-10-08,Fusion Keyboard,Accessories,South India,6,10,8,4,4,1.0,13.611579
2021-12-05,Fusion Keyboard,Accessories,South India,26,12,5,6,4,2.0,0.12573354
2022-12-22,Fusion Keyboard,Accessories,South India,3,12,22,3,4,1.0,10.037956
2023-12-20,Fusion Keyboard,Accessories,South India,4,12,20,2,4,1.0,5.7859178
2024-02-08,Fusion Keyboard,Accessories,South India,3,2,8,3,1,1.0,5.7859178
2024-09-03,Fusion Keyboard,Accessories,South India,2,9,3,1,3,18.0,3.524343
2021-09-02,Fusion Keyboard,Accessories,West India,1,9,2,3,3,6.0,11.081122
2023-01-08,Fusion Keyboard,Accessories,West India,2,1,8,6,1,3.0,6.0109224
2024-03-11,Fusion Keyboard,Accessories,West India,1,3,11,0,1,2.0,8.191847
2022-07-31,Fusion Mouse,Accessories,Central India,1,7,31,6,3,2.0,7.8275204
2024-10-05,Fusion Mouse,Accessories,Central India,1,10,5,5,4,1.0,9.746639
2022-11-21,Fusion Mouse,Accessories,East India,7,11,21,0,4,2.0,7.5781374
2021-05-04,Fusion Mouse,Accessories,North India,1,5,4,1,2,1.0,6.9713583
2022-12-12,Fusion Mouse,Accessories,North India,1,12,12,0,4,1.0,6.1804504
2023-09-07,Fusion Mouse,Accessories,North India,7,9,7,3,3,4.0,6.988279
2024-07-12,Fusion Mouse,Accessories,North India,40,7,12,4,3,2.0,5.074601
2024-12-06,Fusion Mouse,Accessories,North India,3,12,6,4,4,1.0,4.411985
2022-12-08,Fusion Mouse,Accessories,South India,2,12,8,3,4,39.0,5.184192
2023-10-19,Fusion Mouse,Accessories,South India,2,10,19,3,4,3.0,6.0471406
2024-09-20,Fusion Mouse,Accessories,South India,1,9,20,4,3,1.0,7.009787
2022-04-10,Fusion Mouse,Accessories,West India,7,4,10,6,2,3.0,18.153477
2022-07-01,Fusion Mouse,Accessories,West India,1,7,1,4,3,3.0,8.72989
2024-05-21,Fusion Mouse,Accessories,West India,1,5,21,1,2,1.0,8.463573
2024-07-22,Fusion Mouse,Accessories,West India,2,7,22,0,3,2.0,16.293026
2024-11-11,Fusion Mouse,Accessories,West India,1,11,11,0,4,3.0,18.249735
2023-02-05,Fusion Watch Lite,Wearables,Central India,1,2,5,6,1,17.0,17.210688
2022-05-09,Fusion Watch Lite,Wearables,East India,1,5,9,0,2,1.0,12.166588
2022-09-25,Fusion Watch Lite,Wearables,North India,1,9,25,6,3,1.0,10.367506
2021-12-10,Fusion Watch Lite,Wearables,South India,1,12,10,4,4,70.0,21.657993
2022-03-04,Fusion Watch Lite,Wearables,West India,1,3,4,4,1,1.0,21.43339
2023-07-10,Fusion Watch Lite,Wearables,West India,1,7,10,0,3,16.0,9.718444
2024-06-19,Fusion Watch Lite,Wearables,West India,1,6,19,2,2,1.0,8.562492
2023-09-25,Fusion Watch Pro,Wearables,South India,1,9,25,0,3,1.0,12.616934
2024-04-15,Fusion Watch Pro,Wearables,South India,1,4,15,0,2,2.0,15.732722
2024-12-31,Fusion Watch Pro,Wearables,South India,1,12,31,1,4,1.0,5.302331
2022-12-02,Fusion Watch Pro,Wearables,West India,46,12,2,4,4,2.0,7.0199866
2023-12-20,Fusion Watch Pro,Wearables,West India,1,12,20,2,4,1.0,8.939293
2024-09-29,Fusion Watch Pro,Wearables,West India,1,9,29,6,3,1.0,15.389238
2022-09-25,FusionBook Air,Laptops,Central India,6,9,25,6,3,1.0,8.972537
2022-08-31,FusionBook Air,Laptops,East India,1,8,31,2,3,27.0,8.222157
2024-11-07,FusionBook Air,Laptops,East India,33,11,7,3,4,195.0,5.1021733
2021-02-04,FusionBook Air,Laptops,North India,54,2,4,3,1,170.0,5.7716346
2021-03-14,FusionBook Air,Laptops,North India,98,3,14,6,1,43.0,8.73539
2021-10-20,FusionBook Air,Laptops,North India,2,10,20,2,4,152.0,13.494361
2022-05-10,FusionBook Air,Laptops,North India,17,5,10,1,2,82.0,16.059301
2022-07-07,FusionBook Air,Laptops,North India,2,7,7,3,3,1.0,7.4393945
2023-09-19,FusionBook Air,Laptops,North India,123,9,19,1,3,50.0,37.95631
2023-12-13,FusionBook Air,Laptops,North India,1,12,13,2,4,16.0,23.27017
2024-02-17,FusionBook Air,Laptops,North India,2,2,17,5,1,34.0,80.82091
2024-11-23,FusionBook Air,Laptops,North India,35,11,23,5,4,2.0,7.9006343
2021-05-31,FusionBook Air,Laptops,South India,214,5,31,0,2,294.0,9.602029
2021-09-27,FusionBook Air,Laptops,South India,1,9,27,0,3,28.0,17.819199
2021-11-18,FusionBook Air,Laptops,South India,22,11,18,3,4,91.0,7.8007
2022-04-26,FusionBook Air,Laptops,South India,3,4,26,1,2,1.0,24.910788
2022-11-24,FusionBook Air,Laptops,South India,34,11,24,3,4,284.0,10.248082
2024-01-22,FusionBook Air,Laptops,South India,9,1,22,0,1,101.0,9.858072
2021-01-22,FusionBook Air,Laptops,West India,131,1,22,4,1,152.0,8.249863
2021-04-17,FusionBook Air,Laptops,West India,130,4,17,5,2,93.0,-1.7492942
2021-11-26,FusionBook Air,Laptops,West India,36,11,26,4,4,1.0,7.2973123
2022-03-17,FusionBook Air,Laptops,West India,1,3,17,3,1,1.0,5.8918242
2023-03-31,FusionBook Air,Laptops,West India,43,3,31,4,1,253.0,8.454751
2024-06-07,FusionBook Air,Laptops,West India,29,6,7,4,2,49.0,6.5462384
2021-07-04,FusionBook Pro,Laptops,East India,1,7,4,6,3,44.0,12.301486
2021-10-08,FusionBook Pro,Laptops,East India,1,10,8,4,4,1.0,10.893616
2024-03-02,FusionBook Pro,Laptops,East India,32,3,2,5,1,19.0,8.649825
2021-07-28,FusionBook Pro,Laptops,North India,12,7,28,2,3,1.0,9.982883
2022-01-03,FusionBook Pro,Laptops,North India,1,1,3,0,1,2.0,10.0690565
2022-06-28,FusionBook Pro,Laptops,North India,4,6,28,1,2,49.0,8.41033
2024-07-28,FusionBook Pro,Laptops,North India,1,7,28,6,3,21.0,8.339016
2024-09-14,FusionBook Pro,Laptops,North India,117,9,14,5,3,50.0,2.8302488
2021-08-07,FusionBook Pro,Laptops,South India,5,8,7,5,3,77.0,7.9366693
2021-11-11,FusionBook Pro,Laptops,South India,1,11,11,3,4,48.0,8.560268
2022-11-07,FusionBook Pro,Laptops,South India,26,11,7,0,4,34.0,9.683141
2023-09-19,FusionBook Pro,Laptops,South India,60,9,19,1,3,26.0,9.134499
2024-06-08,FusionBook Pro,Laptops,South India,35,6,8,5,2,1.0,10.390456
2021-07-28,FusionBook Pro,Laptops,West India,2,7,28,2,3,3.0,7.1476374
2021-12-04,FusionBook Pro,Laptops,West India,1,12,4,5,4,1.0,8.181623
2022-02-25,FusionBook Pro,Laptops,West India,106,2,25,4,1,159.0,9.66869
2022-10-25,FusionBook Pro,Laptops,West India,62,10,25,1,4,69.0,8.669011
2024-05-13,FusionBook Pro,Laptops,West India,1,5,13,0,2,2.0,7.899934
2024-07-20,FusionBook Pro,Laptops,West India,3,7,20,5,3,53.0,10.085951
2023-12-17,FusionBook Ultra,Laptops,Central India,1,12,17,6,4,1.0,0.81656176
2024-07-30,FusionBook Ultra,Laptops,Central India,1,7,30,1,3,1.0,9.064871
2022-06-03,FusionBook Ultra,Laptops,East India,1,6,3,4,2,1.0,10.161536
2023-01-18,FusionBook Ultra,Laptops,East India,1,1,18,2,1,163.0,5.964389
2023-05-31,FusionBook Ultra,Laptops,East India,142,5,31,2,2,26.0,8.324437
2022-12-20,FusionBook Ultra,Laptops,South India,33,12,20,1,4,1.0,8.530585
2023-11-09,FusionBook Ultra,Laptops,South India,123,11,9,3,4,231.0,7.201938
2024-04-30,FusionBook Ultra,Laptops,South India,172,4,30,1,2,102.0,7.642011
2022-03-24,FusionBook Ultra,Laptops,West India,1,3,24,3,1,1.0,4.652748
2022-09-03,FusionBook Ultra,Laptops,West India,1,9,3,5,3,83.0,11.28221
2023-07-07,FusionBook Ultra,Laptops,West India,140,7,7,4,3,102.0,6.9550133
2023-08-31,FusionBook Ultra,Laptops,West India,62,8,31,3,3,77.0,10.395626
2024-09-21,FusionBook Ultra,Laptops,West India,49,9,21,5,3,1.0,7.7054353
2022-04-29,FusionPhone Lite,Smartphones,Central India,1,4,29,4,2,1.0,13.161529
2023-11-22,FusionPhone Lite,Smartphones,Central India,2,11,22,2,4,2.0,7.163971
2022-11-14,FusionPhone Lite,Smartphones,East India,2,11,14,0,4,1.0,9.092445
2021-03-28,FusionPhone Lite,Smartphones,North India,95,3,28,6,1,75.0,9.280474
2022-07-06,FusionPhone Lite,Smartphones,North India,2,7,6,2,3,1.0,21.205946
2022-10-25,FusionPhone Lite,Smartphones,North India,25,10,25,1,4,7.0,18.301424
2022-12-29,FusionPhone Lite,Smartphones,North India,2,12,29,3,4,2.0,16.754845
2023-02-16,FusionPhone Lite,Smartphones,North India,1,2,16,3,1,2.0,10.4663105
2023-06-22,FusionPhone Lite,Smartphones,North India,1,6,22,3,2,2.0,16.282566
2024-03-17,FusionPhone Lite,Smartphones,North India,2,3,17,6,1,2.0,10.393313
2024-09-09,FusionPhone Lite,Smartphones,North India,6,9,9,0,3,1.0,16.015451
2024-12-03,FusionPhone Lite,Smartphones,North India,1,12,3,1,4,1.0,15.778673
2021-03-16,FusionPhone Lite,Smartphones,South India,5,3,16,1,1,3.0,14.463783
2021-05-26,FusionPhone Lite,Smartphones,South India,2,5,26,2,2,1.0,22.544102
2021-12-31,FusionPhone Lite,Smartphones,South India,2,12,31,4,4,3.0,16.44061
2022-05-11,FusionPhone Lite,Smartphones,South India,2,5,11,2,2,2.0,17.374382
2023-07-15,FusionPhone Lite,Smartphones,South India,3,7,15,5,3,2.0,10.190241
2024-10-21,FusionPhone Lite,Smartphones,South India,46,10,21,0,4,204.0,36.819195
2022-03-14,FusionPhone Lite,Smartphones,West India,1,3,14,0,1,4.0,9.921059
2023-10-13,FusionPhone Lite,Smartphones,West India,34,10,13,4,4,2.0,5.631948
2024-07-05,FusionPhone Lite,Smartphones,West India,1,7,5,4,3,2.0,7.3497334
2023-03-22,FusionPhone Ultra,Smartphones,Central India,2,3,22,2,1,1.0,20.502445
2022-12-19,FusionPhone Ultra,Smartphones,East India,1,12,19,0,4,2.0,23.648144
2023-03-24,FusionPhone Ultra,Smartphones,East India,1,3,24,4,1,2.0,22.178013
2024-05-14,FusionPhone Ultra,Smartphones,East India,1,5,14,1,2,1.0,15.720476
2024-09-26,FusionPhone Ultra,Smartphones,East India,1,9,26,3,3,1.0,10.732563
2024-12-28,FusionPhone Ultra,Smartphones,East India,1,12,28,5,4,2.0,30.717962
2023-01-16,FusionPhone Ultra,Smartphones,North India,1,1,16,0,1,1.0,14.435286
2024-12-04,FusionPhone Ultra,Smartphones,North India,2,12,4,2,4,1.0,7.2276077
2022-12-27,FusionPhone Ultra,Smartphones,South India,1,12,27,1,4,74.0,7.948438
2023-02-06,FusionPhone Ultra,Smartphones,South India,1,2,6,0,1,1.0,8.895178
2023-03-25,FusionPhone Ultra,Smartphones,South India,1,3,25,5,1,2.0,4.0098324
2023-01-02,FusionPhone Ultra,Smartphones,West India,1,1,2,0,1,19.0,9.288084
2023-08-28,FusionPhone Ultra,Smartphones,West India,2,8,28,0,3,1.0,15.196433
2024-04-30,FusionPhone Ultra,Smartphones,West India,1,4,30,1,2,2.0,7.846493
2024-11-04,FusionPhone X,Smartphones,Central India,26,11,4,0,4,24.0,12.557179
2024-06-03,FusionPhone X,Smartphones,East India,2,6,3,0,2,1.0,9.474458
2022-03-15,FusionPhone X,Smartphones,North India,1,3,15,1,1,2.0,8.053467
2023-07-30,FusionPhone X,Smartphones,North India,58,7,30,6,3,2.0,9.618154
2024-03-22,FusionPhone X,Smartphones,North India,1,3,22,4,1,3.0,7.645986
2021-08-27,FusionPhone X,Smartphones,South India,2,8,27,4,3,1.0,11.437839
2022-08-26,FusionPhone X,Smartphones,South India,5,8,26,4,3,1.0,8.80577
2022-11-18,FusionPhone X,Smartphones,South India,96,11,18,4,4,5.0,13.781739
2023-02-12,FusionPhone X,Smartphones,South India,2,2,12,6,1,1.0,7.621133
2024-01-31,FusionPhone X,Smartphones,South India,4,1,31,2,1,2.0,10.176572
2024-05-20,FusionPhone X,Smartphones,South India,2,5,20,0,2,1.0,11.671662
2024-08-23,FusionPhone X,Smartphones,South India,14,8,23,4,3,1.0,10.823401
2024-11-05,FusionPhone X,Smartphones,South India,1,11,5,1,4,1.0,7.1386166
2022-05-31,FusionPhone X,Smartphones,West India,3,5,31,1,2,2.0,6.0765996
2023-06-20,FusionPhone X,Smartphones,West India,2,6,20,1,2,1.0,6.880501
2023-10-15,FusionPhone X,Smartphones,West India,4,10,15,6,4,2.0,6.1133165
2024-04-10,FusionPhone X,Smartphones,West India,2,4,10,2,2,1.0,6.150609
2023-06-29,FusionTab Mini,Tablets,East India,191,6,29,3,2,1.0,6.020296
2022-09-04,FusionTab Mini,Tablets,South India,101,9,4,6,3,1.0,10.443861
2023-06-25,FusionTab Mini,Tablets,South India,1,6,25,6,2,1.0,9.530157
2023-08-14,FusionTab Mini,Tablets,South India,48,8,14,0,3,1.0,4.298933
2023-10-26,FusionTab Mini,Tablets,South India,90,10,26,3,4,2.0,7.882669
2023-12-16,FusionTab Mini,Tablets,South India,1,12,16,5,4,28.0,8.234989
2024-12-15,FusionTab Mini,Tablets,South India,81,12,15,6,4,1.0,8.234011
2021-09-23,FusionTab Mini,Tablets,West India,90,9,23,3,3,17.0,5.8945575
2022-02-04,FusionTab Mini,Tablets,West India,30,2,4,4,1,2.0,5.8470197
2022-10-06,FusionTab Mini,Tablets,West India,65,10,6,3,4,1.0,5.3294983
2022-11-18,FusionTab Mini,Tablets,West India,22,11,18,4,4,1.0,5.927064
2023-04-27,FusionTab Mini,Tablets,West India,20,4,27,3,2,89.0,7.3568473
2024-03-11,FusionTab Mini,Tablets,West India,17,3,11,0,1,1.0,7.085582
2024-07-28,FusionTab Mini,Tablets,West India,1,7,28,6,3,1.0,7.0568166
2023-12-09,FusionTab Pro,Tablets,North India,1,12,9,5,4,1.0,12.92272
2024-06-06,FusionTab Pro,Tablets,North India,1,6,6,3,2,1.0,10.660172
2022-05-07,FusionTab Pro,Tablets,South India,1,5,7,5,2,46.0,6.735412
2022-08-24,FusionTab Pro,Tablets,South India,22,8,24,2,3,28.0,8.588118
2024-02-09,FusionTab Pro,Tablets,South India,23,2,9,4,1,1.0,15.292255
2021-11-30,FusionTab Pro,Tablets,West India,1,11,30,1,4,1.0,11.337448
2022-09-19,FusionTab Pro,Tablets,West India,1,9,19,0,3,1.0,11.659218
2024-08-08,FusionTab Pro,Tablets,West India,1,8,8,3,3,1.0,16.356926
2021-10-02,FusionView 24,Monitors,Central India,146,10,2,5,4,33.0,8.782266
2023-02-28,FusionView 24,Monitors,East India,14,2,28,1,1,1.0,9.905622
2021-08-17,FusionView 24,Monitors,North India,19,8,17,1,3,2.0,18.922155
2022-03-21,FusionView 24,Monitors,North India,156,3,21,0,1,9.0,20.175886
2022-11-20,FusionView 24,Monitors,North India,1,11,20,6,4,1.0,21.171118
2024-09-27,FusionView 24,Monitors,North India,1,9,27,4,3,1.0,19.430244
2021-11-20,FusionView 24,Monitors,South India,7,11,20,5,4,1.0,19.229197
2023-03-22,FusionView 24,Monitors,South India,34,3,22,2,1,1.0,23.226355
2024-02-05,FusionView 24,Monitors,South India,48,2,5,0,1,1.0,30.575853
2024-10-24,FusionView 24,Monitors,South India,43,10,24,3,4,93.0,0.85686433
2021-12-11,FusionView 24,Monitors,West India,43,12,11,5,4,9.0,19.950445
2022-08-03,FusionView 24,Monitors,West India,1,8,3,2,3,21.0,17.00497
2023-04-09,FusionView 24,Monitors,West India,22,4,9,6,2,12.0,8.736876
2021-07-03,FusionView 27,Monitors,North India,122,7,3,5,3,0.0,9.648984
2023-05-12,FusionView 27,Monitors,North India,1,5,12,4,2,1.0,29.80823
2021-07-18,FusionView 27,Monitors,South India,6,7,18,6,3,1.0,7.2762856
2022-03-24,FusionView 27,Monitors,South India,47,3,24,3,1,24.0,7.0199866
2023-07-23,FusionView 27,Monitors,South India,1,7,23,6,3,1.0,15.732722
2024-04-13,FusionView 27,Monitors,South India,1,4,13,5,2,1.0,7.950892
2022-08-04,FusionView 27,Monitors,West India,6,8,4,3,3,1.0,18.859995
2023-08-11,FusionView 27,Monitors,West India,1,8,11,4,3,38.0,8.441738
2024-08-14,FusionView 27,Monitors,West India,184,8,14,2,3,40.0,7.0837173
2023-10-05,FusionView 32,Monitors,East India,69,10,5,3,4,1.0,7.775248
2023-09-11,FusionView 32,Monitors,North India,22,9,11,0,3,18.0,7.684426
2022-11-01,FusionView 32,Monitors,South India,85,11,1,1,4,471.0,6.877187
2024-07-18,FusionView 32,Monitors,South India,30,7,18,3,3,45.0,5.7716346
2024-03-08,FusionView 32,Monitors,West India,10,3,8,4,1,2.0,10.6627
