ds,yhat,yhat_lower,yhat_upper
2021-01-01,11250818.523164794,-5397503.886647077,28787784.186456658
2021-01-02,20294017.42684894,3610028.1355773914,37317303.16561954
2021-01-03,20135939.0819067,3611084.860448526,37500364.222908705
2021-01-04,11373280.181828283,-4758440.32159615,26746010.252401747
2021-01-05,11980137.78020303,-3667276.9209187105,28864258.754468955
2021-01-06,10019526.925186897,-5975692.8670566855,28465665.01019653
2021-01-07,8650079.42002405,-7504221.639835509,24806633.29510082
2021-01-08,10516028.13123006,-5830904.3648121,27601423.706841756
2021-01-09,19709869.737435155,3766778.7551790667,35435312.87465967
2021-01-10,19737241.0703962,2824766.8116704808,36177106.054456234
2021-01-11,11191621.397053698,-4317922.3238098575,26710764.971834436
2021-01-12,12042922.441351948,-3547805.838505959,29511068.83487263
2021-01-13,10349120.070948824,-6455560.864033515,25742607.919293977
2021-01-14,9263089.228365911,-6508026.486702399,25738383.008157685
2021-01-15,11422742.665106189,-4193360.718327174,27271187.87932385
2021-01-16,20913862.070668846,4322469.303612344,37177689.373949006
2021-01-17,21235152.132000096,5988803.270960356,37086665.73473568
2021-01-18,12973125.068102036,-3192754.174272676,28959501.92342785
2021-01-19,14090872.57894114,-1856448.3056017952,29486134.42762967
2021-01-20,12639874.349623065,-3088487.5352864717,29390074.328787018
2021-01-21,11767000.106959742,-5030789.792856755,27309466.50008678
2021-01-22,14104801.52635505,-2400257.27648626,30065479.24187018
2021-01-23,23734478.75116897,7186722.578608985,39560803.55714309
2021-01-24,24151048.75498682,9611013.484797249,39120228.83349578
2021-01-25,15938320.394019453,-1544337.4699250634,32587333.982634213
2021-01-26,17057731.055640608,1517683.0109143998,32525717.24007389
2021-01-27,15560192.723459873,-925546.6812651299,31489603.82211287
2021-01-28,14593103.86669539,-1313994.8675427034,30765601.897487585
2021-01-29,16790623.598196372,934146.2793989974,33838130.48308601
2021-01-30,26236593.727399897,10991194.772888891,42894766.09529517
2021-01-31,26429637.48466462,11284133.231888983,42920408.126552284
2021-02-01,17958041.937147718,1712431.9814291028,34120984.345499486
2021-02-02,18788481.732680015,3685361.69806813,34522651.822682716
2021-02-03,16977735.196435127,1722588.0203532989,33783715.57327175
2021-02-04,15679552.771126749,-2071707.9632223346,30272213.649373513
2021-02-05,17534778.104620226,1805226.152985882,34580683.431080885
2021-02-06,26634111.438216098,9631694.139348643,42109373.763346806
2021-02-07,26483048.15743422,10901480.279505871,42699112.58472782
2021-02-08,17676603.557129413,724957.5088908655,33871883.74315955
2021-02-09,18187885.335584994,1550543.1224467352,35049112.211235
2021-02-10,16079668.459883898,-696582.2900901295,31983041.00797742
2021-02-11,14511135.669994067,-1877139.7559825012,31197791.59779675
2021-02-12,16127886.77640209,-1138316.9881255513,31846294.19501388
2021-02-13,25024608.76949431,8837189.238018157,41538657.38408384
2021-02-14,24709941.43030315,8560594.126415083,40854158.7288986
2021-02-15,15781150.752357576,189903.85896554048,33380233.744976662
2021-02-16,16212672.35927131,-500666.2917741565,33415385.90928338
2021-02-17,14067679.643160617,-1994191.4136900238,29802441.197028436
2021-02-18,12504839.333131166,-4276609.021034621,29200981.361548018
2021-02-19,14168356.955175571,-1527459.14945378,30645686.61177947
2021-02-20,23150701.994309686,6100215.602568253,38000019.02983782
2021-02-21,22957546.155194454,6476817.361810177,38285132.85870502
2021-02-22,14182524.347568076,-2716890.2007918693,29770605.541109674
2021-02-23,14795878.004712025,-1549910.1672082387,31292072.433469124
2021-02-24,12856132.598761579,-3343012.9950479027,29523529.43260539
2021-02-25,11516969.133406512,-5224002.112823325,27339758.300199762
2021-02-26,13417388.691647127,-2827191.435884459,29360760.92021336
2021-02-27,22644557.515616942,7517457.467640754,37849189.359637156
2021-02-28,22698862.439038932,7346493.679422863,40498679.82004666
2021-03-01,14168783.925330658,-1214273.0816741195,29150964.90208132
2021-03-02,15019643.79091908,-1395883.4462567344,32015044.171994824
2021-03-03,13305377.323471084,-4079853.42038881,29527378.2172615
2021-03-04,12175487.771992374,-2941375.32149377,29309481.339962557
2021-03-05,14265280.867425075,-1306169.8388436385,31035961.991174236
2021-03-06,23658765.835784446,7627278.43375711,39144991.24695607
2021-03-07,23853752.12130163,6914299.201930441,40189013.83015966
2021-03-08,15436748.878694385,-1330975.4700149014,30703795.1635204
2021-03-09,16371724.511747213,865239.5391451808,33213648.507829204
2021-03-10,14711876.532156862,-1040456.1622910112,32409642.65386885
2021-03-11,13606570.610034049,-3306694.240630791,30119737.88062576
2021-03-12,15691547.65565728,-1952764.6763365166,32667606.37816452
2021-03-13,25051786.812037345,8094105.983842224,42125188.52621002
2021-03-14,25186555.175898664,8960845.228608556,40744592.13908116
2021-03-15,16684253.030612845,-692371.7096380484,33975693.76746423
2021-03-16,17511113.66101295,1295651.1046065958,34415313.18901186
2021-03-17,15722909.827358305,-725979.5667111077,30980098.030162517
2021-03-18,14471827.530284204,-1953819.7241811813,30784605.56356365
2021-03-19,16396607.57543522,1292305.361192952,32931310.321399998
2021-03-20,25585344.3509735,8851116.031474205,42168853.01089164
2021-03-21,25540473.99835444,9024012.886208437,42921813.83138736
2021-03-22,16853561.92285807,991994.6833256471,33707214.227448665
2021-03-23,17493949.65705885,1574075.4147709373,35175100.82904221
2021-03-24,15520413.867868835,-609123.8346461419,31234136.744607795
2021-03-25,14087998.617881918,-2353924.232241974,29206002.721132018
2021-03-26,15838121.642303724,-278721.0147707722,32588443.55116087
2021-03-27,24861344.0925807,9435608.033683524,41385351.584317125
2021-03-28,24662335.771635413,7774246.40239467,41290879.45454808
2021-03-29,15834645.484132294,-999635.1354539089,32472151.616770376
2021-03-30,16349336.05527594,291067.0060776112,32656639.45800088
2021-03-31,14266636.245276954,-1740219.4351539658,30769321.479548644
2021-04-01,12742770.04019308,-3096380.957216081,29198284.81490309
2021-04-02,14420063.417628404,-3302075.669122476,29578412.328013673
2021-04-03,23389717.379343312,6134468.602190519,39511192.18557437
2021-04-04,23156778.650546663,5787632.45643683,39201065.845184475
2021-04-05,14314917.110491792,-1333032.559696287,31892266.9278503
2021-04-06,14835069.026909083,-1030899.2152213958,31450042.51439076
2021-04-07,12777097.965638302,-3035394.610277017,28395026.081167154
2021-04-08,11296633.592564404,-5204240.0239925,27200015.81787978
2021-04-09,13035188.343428422,-3427783.356200536,28998646.92856251
2021-04-10,22082940.745384775,5977785.350370282,37721494.93529877
2021-04-11,21943716.896262098,5194396.832663168,39135483.740665056
2021-04-12,13209779.371793957,-3040603.940797032,28462102.62081124
2021-04-13,13850482.926889902,-1740936.8429100867,30386977.600062426
2021-04-14,11923949.19556719,-3684642.7558585405,28079846.914401777
2021-04-15,10583920.994535523,-6329573.976054507,26267935.91378143
2021-04-16,12469896.577575661,-4430322.203351317,29457418.12005942
2021-04-17,21669932.974029172,5065977.609947869,36453360.77311634
2021-04-18,21685650.20813071,6953457.734537486,37128955.79772209
2021-04-19,13107045.872194476,-3945306.395560259,29341267.594401285
2021-04-20,13901179.5124011,-1094167.5213470187,31611490.823142156
2021-04-21,12123878.989593605,-3417683.3028762196,27833782.85736613
2021-04-22,10926629.231065288,-4641031.028826713,27230840.278684855
2021-04-23,12946743.371118095,-2415118.4557679906,29551833.24173679
2021-04-24,22270204.90310436,5443264.823559803,37835589.672181815
2021-04-25,22396711.97027715,5728438.4539357945,38554890.90875453
2021-04-26,13914532.450989377,-2380620.7256878875,29011719.127799176
2021-04-27,14789228.35027688,-869273.4929790939,31509531.678169124
2021-04-28,13075400.606461782,-3150568.934327074,28999472.230453502
2021-04-29,11923613.600437135,-4275305.19742622,28618986.029641964
2021-04-30,13970598.195359996,-3269826.804684533,29252757.9969641
2021-05-01,23302120.75876471,6161840.088624791,39929217.77607722
2021-05-02,23418048.16258709,6372235.940394395,38540433.05829125
2021-05-03,14907216.36832995,-1338685.1955506185,31135354.475803614
2021-05-04,15736160.184953416,-445627.2391090696,32268001.287909523
2021-05-05,13960854.550102986,-1293683.4353887273,30403421.665847566
2021-05-06,12733626.06577728,-4387164.101377559,29054449.96877262
2021-05-07,14693333.294998556,-2049284.059418594,30636215.26316469
2021-05-08,23928203.21013779,7550107.070473003,38930224.227807745
2021-05-09,23940854.007361077,9056375.663455416,41839431.910626054
2021-05-10,15323112.401771214,-2187564.906325305,30886090.807345312
2021-05-11,16044683.790529683,657457.8593794507,33354264.854298227
2021-05-12,14164826.716794435,-980385.0586306966,31166393.89498623
2021-05-13,12839191.713109054,-3078356.551303171,29642068.336134605
2021-05-14,14709924.618226387,-1881367.4642410495,32294561.418168794
2021-05-15,23868423.548039123,7919068.804167467,40341028.44133821
2021-05-16,23820281.685366903,8454158.202061351,38955480.52052119
2021-05-17,15160026.063246563,-458261.4598181437,31401729.671445906
2021-05-18,15859712.842296902,-873311.8704159282,32179931.764797468
2021-05-19,13980532.623198139,-3567581.9590165536,29198911.81584072
2021-05-20,12679587.912547868,-4332153.936120552,28465661.301929187
2021-05-21,14599944.74600112,-1134904.8672258055,30099006.67256231
2021-05-22,23833349.363372304,9121545.01536133,40336628.516446546
2021-05-23,23885143.59853656,7618412.180224938,38955462.74803522
2021-05-24,15348990.277729917,-1250482.9798940148,31440585.22592232
2021-05-25,16195470.009028811,-1055476.525172696,32420986.2073263
2021-05-26,14483703.326270256,-2414434.895818544,32019566.49941352
2021-05-27,13368160.355580077,-2350560.6104349424,29943409.555265225
2021-05-28,15488759.633506034,-465406.2453347067,32482395.815526273
2021-05-29,24933646.179930653,9245526.393301314,41215092.944768235
2021-05-30,25204181.253487367,9204043.739927018,41078518.43570142
2021-05-31,16889753.53847066,1522491.6921910592,33524346.075401053
2021-06-01,17956471.138801236,2274269.1950364695,35001067.554223
2021-06-02,16458886.105858382,860485.923467653,32783003.99882959
2021-06-03,15546911.145762578,-175428.3140061568,31827301.665983588
2021-06-04,17856027.428297136,1984902.3832859457,33861424.36837309
2021-06-05,27470170.776371103,11075347.778901145,43041989.02812194
2021-06-06,27886825.79867604,12802229.705834629,43827755.5460177
2021-06-07,19691934.888508804,3838193.1150218328,35703397.87242868
2021-06-08,20848678.758278497,5398398.763461195,37619625.346064754
2021-06-09,19409277.72848071,4182196.391551185,35578664.86244515
2021-06-10,18521971.18321404,2720886.8606173014,34353698.03539467
2021-06-11,20821272.2220654,3455395.250041363,37858362.49346012
2021-06-12,30390883.29771779,12990441.510477047,46064350.33119566
2021-06-13,30728801.364619587,15493277.041970557,47283789.67523469
2021-06-14,22422218.913269695,6707238.902703479,37481859.710314415
2021-06-15,23436277.52635874,7166487.659024106,40388433.62039567
2021-06-16,21825823.665465824,5646129.321156998,36490588.881966904
2021-06-17,20742325.109826848,5246621.092016794,35609065.072374545
2021-06-18,22824046.585226275,6740582.851661273,38848989.793064445
2021-06-19,32158872.34573591,15026202.388736015,48259714.32339953
2021-06-20,32249306.621310893,16101620.874692623,47113785.9222068
2021-06-21,23687261.05017288,6561010.667263911,39370510.384918064
2021-06-22,24442688.75558665,9748225.102402968,41047377.166357815
2021-06-23,22575218.001364335,6807391.59482612,39005170.53759469
2021-06-24,21240947.1827587,5654188.63341756,35811931.7286154
2021-06-25,23082503.04404058,6958680.15328,39185766.924442746
2021-06-26,32191753.160615437,16516191.58812666,49063073.839019954
2021-06-27,32074706.701761,16314192.86831214,48206621.150026836
2021-06-28,23326215.43258853,7933042.663327202,39871962.738466576
2021-06-29,23918537.10639465,7658667.1699031815,40318827.49877036
2021-06-30,21912916.25104013,7395688.151449021,37021254.27183597
2021-07-01,20466345.685448263,4415908.451566138,35560757.11395545
2021-07-02,22221611.699733615,6076146.656526737,38157380.96648598
2021-07-03,31270014.40236858,13901566.20219727,46683068.31403918
2021-07-04,31116297.121060744,14984875.732390484,47427017.94238084
2021-07-05,22353396.08703369,6165263.135808477,38767229.665768094
2021-07-06,22951071.242232345,7383382.852632491,40122408.62663787
2021-07-07,20967571.3060238,3967095.5457203723,37344650.20549098
2021-07-08,19556493.94110709,2980823.6406356283,36188126.78398831
2021-07-09,21356941.76976056,3770073.1781188026,37540877.382707566
2021-07-10,30456361.30265846,14602966.949626477,46922975.27287742
2021-07-11,30355596.47397893,14243480.265436007,45495059.272355705
2021-07-12,21643763.746108007,4897219.773443926,38677502.10912917
2021-07-13,22287006.038680658,6231265.705898735,38650832.119018055
2021-07-14,20340274.940157115,3550400.227012621,35824029.66740505
2021-07-15,18954298.62840496,2252760.6491627246,35079264.332639374
2021-07-16,20765832.326172866,4213839.714221724,37382049.53757296
2021-07-17,29860576.666053317,14723710.008482724,46441985.033187225
2021-07-18,29738291.88105933,14132541.086270753,45728015.04472586
2021-07-19,20987713.413237542,5295149.087980461,37788171.07163005
2021-07-20,21575324.645662606,4584652.541826545,37462446.064502575
2021-07-21,19557135.42067675,3304303.0324401753,34823905.33834626
2021-07-22,18085623.632808164,2392367.4971308545,35039651.928533
2021-07-23,19799937.25657237,4305345.464011738,35470812.04289153
2021-07-24,28788743.380762618,12649889.176783642,46110245.63676545
2021-07-25,28555254.00011666,13317743.944729913,44865608.62071232
2021-07-26,19692036.582727473,4176153.590322682,35516799.552713476
2021-07-27,20169668.073441535,3791772.3001841,35861588.39902014
2021-07-28,18048384.39809002,1877035.5430531076,34432583.51885861
2021-07-29,16484886.515586095,746413.8836389537,33066867.79228502
2021-07-30,18122404.38396994,3549552.490344147,35700610.98715948
2021-07-31,27053409.554694176,11269586.865395322,42088877.271638654
2021-08-01,26784510.30237666,11270666.036026385,42981724.267784156
2021-08-02,17911141.36090447,1494215.5324306428,33757360.63168896
2021-08-03,18406110.74930729,1756732.46870776,34092193.694098875
2021-08-04,16331159.235894892,-475854.51378702925,31584373.225665294
2021-08-05,14843696.521035034,-1761834.7849710188,31515164.348686308
2021-08-06,16586817.993905291,1124403.1432051724,32495855.811193977
2021-08-07,25651994.641202897,9409520.60295824,40943153.95545591
2021-08-08,25543971.18918453,8681124.202390464,41668273.5978131
2021-08-09,16855484.988971554,574548.4269559594,33908343.971455805
2021-08-10,17555867.80915132,139038.27729957222,33827239.67281346
2021-08-11,15702685.002277171,-899366.4035882014,32103652.359405316
2021-08-12,14448574.301191617,-1135391.6740661652,31303201.17277591
2021-08-13,16431385.574124742,439811.4259537503,33352935.89398109
2021-08-14,25737010.949595574,9339635.447988357,42107800.012898095
2021-08-15,25864436.66641974,9252398.622388495,42549546.343041226
2021-08-16,17400624.971020866,1627393.151603429,34333835.11186915
2021-08-17,18309283.690684248,2183475.573713059,32733869.270278644
2021-08-18,16642673.189077407,575566.3899473394,33054465.289030664
2021-08-19,15548608.109736225,380982.8453171985,31709670.50393289
2021-08-20,17660750.431635212,1915128.2594830664,33400921.415901124
2021-08-21,27061578.62707121,10797335.937343027,43425446.9765744
2021-08-22,27247559.976105228,12470109.891402759,43910644.62252038
2021-08-23,18804130.495621778,1714811.7393323611,33660659.43519717
2021-08-24,19694536.862275563,3645414.105790392,36179906.97227069
2021-08-25,17971687.32596756,1966355.320120066,34050547.518838964
2021-08-26,16785167.22853767,-81418.47022437339,33431463.599123176
2021-08-27,18771514.551550567,1479669.2232513612,34426496.04978447
2021-08-28,28017140.093204595,11251899.7988849,42880690.73748881
2021-08-29,28023420.00843004,12537059.30588873,43331871.77660372
2021-08-30,19381566.733111612,4096842.4932238655,36046168.883241124
2021-08-31,20061335.028854392,3909653.3788270964,35851310.573728204
2021-09-01,18122713.41806206,2619187.6958780605,34353305.19360932
2021-09-02,16722760.44551579,675721.3128331985,33375796.340886887
2021-09-03,18505685.75340644,2080541.3199112897,34925119.75125636
2021-09-04,27565565.58457411,10939781.671590706,44777111.691757314
2021-09-05,27411225.84058564,10551043.002910573,43167152.351877175
2021-09-06,18640904.33437722,2627984.9404123966,35298629.761466436
2021-09-07,19230754.66698838,2989618.495758455,35403591.05851027
2021-09-08,17246347.61105962,1787414.4358148517,33697462.87074873
2021-09-09,15849334.811933596,-579607.684291646,32437116.615867242
2021-09-10,17687379.782353606,978107.4209996901,33362162.670334544
2021-09-11,26856750.263639785,11044160.939556105,42673423.536988296
2021-09-12,26867108.88058302,11335573.607547529,43206333.46077696
2021-09-13,18316116.7574656,2896050.5691813813,33790677.21537068
2021-09-14,19177914.690278556,3837464.8685439476,35894497.44901528
2021-09-15,17514638.98693933,613655.9881823048,32973538.666405026
2021-09-16,16483137.036851114,2270544.9052867386,34273823.65136871
2021-09-17,18724986.83679685,2144133.0915490827,33500893.10119591
2021-09-18,28329212.806112356,11668984.771361586,45517534.98853809
2021-09-19,28797232.121438466,13471429.76989358,44558570.775613934
2021-09-20,20717642.64840944,5822367.811894901,37416297.52818539
2021-09-21,22054912.664515875,5145585.79915769,36463785.2369719
2021-09-22,20861124.386691857,3838121.749681578,37500598.19063887
2021-09-23,20282930.695528053,4418806.735366613,36296328.19446654
2021-09-24,22951823.189562537,6058043.773562767,37728723.49802785
2021-09-25,32947097.54332862,16483323.884960793,48996749.08096016
2021-09-26,33761043.942147136,17371399.387942404,50027635.51315458
2021-09-27,25973967.286609255,8943083.90985472,42767358.71963646
2021-09-28,27543091.22031594,11225097.964939931,44189876.87152506
2021-09-29,26514492.26430516,10502428.488448255,42055353.974901505
2021-09-30,26030218.28501963,10216212.480666116,42694491.42699672
2021-10-01,28718684.97261647,13033214.10762075,45485934.253505774
2021-10-02,38657732.67853183,22627161.123781648,54351944.80572191
2021-10-03,39339868.695469074,24969729.830425687,56289985.38935194
2021-10-04,31347297.995181866,14908623.160219142,48163694.069396205
2021-10-05,32640795.866575897,18340807.74403106,49099290.28746902
2021-10-06,31271569.2123018,15693232.631742535,47670747.08929987
2021-10-07,30388262.290992916,14379970.198877826,47461352.11036667
2021-10-08,32627203.188683238,15393588.165687121,46369490.807438776
2021-10-09,42075276.97635305,24784568.873668466,57375749.59335364
2021-10-10,42234955.05621202,25187856.90341285,57774262.55250909
2021-10-11,33699089.12646864,16946115.416828413,50387387.354553916
2021-10-12,34439528.98697114,18298224.97286758,49086651.73689918
2021-10-13,32518717.43172002,16336089.100471962,47543287.5007109
2021-10-14,31096424.745260216,15509083.304099903,47794589.17571337
2021-10-15,32819725.98441372,16014730.402661284,47378627.29148314
2021-10-16,41785613.85683038,25351016.597505417,58214212.44436897
2021-10-17,41505783.42875324,25688119.02454594,57997269.02985091
2021-10-18,32581203.226887573,16081815.150299586,49475244.98045518
2021-10-19,32990537.820807055,17437861.695412,49745000.39708676
2021-10-20,30801580.084488146,14888865.890215097,47042169.62126257
2021-10-21,29177859.85394475,13483059.306937909,45561615.20022733
2021-10-22,30768535.402015097,14940682.536529742,46866080.76998093
2021-10-23,39670962.74737278,23352541.557890244,55975849.57395468
2021-10-24,39395480.143226735,23853728.704818685,55402541.15827182
2021-10-25,74701416.07942498,57418992.79962827,90931559.78607565
2021-10-26,73945102.34022215,58040215.396409646,89208306.96582277
2021-10-27,69364217.85802345,52461291.618730776,87166966.36834389
2021-10-28,73074548.3213056,55427886.94144942,88274153.82533164
2021-10-29,61512975.541042775,44897940.933222696,77980913.07908146
2021-10-30,105009799.42648898,88667420.91570254,121426448.62718669
2021-10-31,168639865.30240926,153587880.9724834,184866924.92827535
2021-11-01,78183452.98932134,62716262.998594105,95261622.05904867
2021-11-02,76754148.41435473,60065255.09619976,93151786.73444237
2021-11-03,81692437.37223248,67639135.4588197,98218300.52004045
2021-11-04,39040301.77802627,22268131.834213514,54727699.50194468
2021-11-05,96121500.13559662,80003018.38119365,112927995.49598259
2021-11-06,39829458.97762853,23200711.159142267,55604279.50147456
2021-11-07,40036271.07986602,24289183.037905972,56541673.472353324
2021-11-08,31617825.26687002,15699437.255683148,47870645.67943738
2021-11-09,32533065.32588415,16555371.874578185,47630777.41043319
2021-11-10,30830296.32751956,14958888.596570222,46582660.020830005
2021-11-11,29654287.630171783,14604724.483686468,46302304.49034164
2021-11-12,31636637.430033885,14637120.316511272,48863970.23371667
2021-11-13,40858781.94495673,24299732.249725606,56156652.799447745
2021-11-14,40817175.55073707,24720858.287934832,57590557.82324814
2021-11-15,32098246.58237378,14699867.231236698,48052588.17890477
2021-11-16,32667184.350749306,17491236.74357274,48629546.12589964
2021-11-17,30579706.591940388,14709679.951182585,46724491.072753526
2021-11-18,28988965.87085203,11982184.205094641,43405734.19978859
2021-11-19,30535694.154912435,14713482.42594124,46778355.78945882
2021-11-20,39310974.540546656,23627185.79910621,56072462.821649626
2021-11-21,38821172.76423992,22280492.393547866,54695744.54547254
2021-11-22,29662639.77181746,13360005.3597863,45712539.62318834
2021-11-23,29810247.53047754,13312722.82383532,45207576.16206764
2021-11-24,27328913.831915304,10767433.355461031,42854392.2554645
2021-11-25,25380280.85437879,9901170.126905266,42655601.4277879
2021-11-26,26612652.556079865,11096606.30503238,41419714.06352783
2021-11-27,35123585.02279196,19347812.162240665,50792326.71293586
2021-11-28,34424666.9820786,19330165.220374607,50604143.608140565
2021-11-29,25116105.374817893,8699469.99125089,40656375.389710605
2021-11-30,25175180.903108444,10544018.125200331,40727040.94603358
2021-12-01,22667731.034318563,6064493.579426611,38330496.17911462
2021-12-02,20754825.934694193,4324136.241308451,36227815.88374057
2021-12-03,22082742.01591281,5808076.354168977,38337107.695043705
2021-12-04,30745625.927908525,15124802.43929668,46431912.32209582
2021-12-05,30250383.773204662,14332120.211023392,47467826.165852
2021-12-06,21191407.21241328,4724778.556133205,37357742.27986011
2021-12-07,21539197.29461172,5240902.056788326,37526320.36229169
2021-12-08,19352038.71867141,3386190.599310919,36200087.822322294
2021-12-09,17782884.661022075,1696055.0604147536,34421256.184316255
2021-12-10,19469551.101081226,2865133.068960425,36407376.43461697
2021-12-11,28497607.467799127,12422251.42084092,44728678.21318021
2021-12-12,28365492.280390576,12240141.640690025,43197542.38933591
2021-12-13,19659459.420003287,3270646.7120567476,36988323.37721031
2021-12-14,20342410.068865262,4474608.830009985,36713856.35435315
2021-12-15,18465757.608039696,1973537.2936338414,34949380.488428794
2021-12-16,17176480.72521673,1743290.9843783749,32949991.635371216
2021-12-17,19107459.431268737,2362528.4914229214,33861747.106447645
2021-12-18,28340477.33824669,12654512.200322026,45479739.072979264
2021-12-19,28371416.24696577,12121260.700348854,44952495.94473875
2021-12-20,19785246.964426115,2897878.128593648,35756717.9439626
2021-12-21,20544870.615367934,3928065.177589343,36974395.86662586
2021-12-22,18702957.92271696,3565809.561325328,34591048.64348371
2021-12-23,17408942.831864417,1887407.243968189,33410315.399581622
2021-12-24,19299267.200316157,1993483.4140342593,35744798.765930295
2021-12-25,28460262.763931602,12439192.350667182,44929544.0395594
2021-12-26,28393200.034279615,11525651.759270512,42660993.573905006
2021-12-27,19689112.297577377,3787836.0495382235,35428807.03366157
2021-12-28,20317453.74959406,3530433.9458588115,36468565.18110724
2021-12-29,18337744.398619305,2890044.984403314,33391675.728913754
2021-12-30,16906363.51029336,1960380.6265210265,33202194.680169564
2021-12-31,18666593.80919098,3243810.258415494,35723127.30717956
2022-01-01,27711308.08562324,11046297.571285276,44051322.73911351
2022-01-02,27547833.098155655,12162158.842100957,44653564.72257941
2022-01-03,18772603.836608734,1175129.6245538846,34809168.859813504
2022-01-04,19359671.606341142,3168864.9617595267,35782824.4476981
2022-01-05,17372222.409121983,2041817.2921062163,33746751.98173635
2022-01-06,15969270.557948995,-810783.2913566004,31720143.008325342
2022-01-07,17795632.148902625,697932.8663143215,35913419.229976326
2022-01-08,26944571.634199023,11247919.194402808,43168270.7311822
2022-01-09,26922657.138589844,12182211.745508319,44069482.89483083
2022-01-10,18324437.481662616,2387586.278758512,35088789.527715765
2022-01-11,19121003.42170079,3780524.533593589,35111823.04516875
2022-01-12,17371587.85568242,1133446.8770033438,32978604.240652002
2022-01-13,16230367.414618894,-541269.7958869011,33274652.27546642
2022-01-14,18336566.919042222,1982984.915004599,35064030.37342934
2022-01-15,27777256.202294838,12087378.662253587,44778080.318470016
2022-01-16,28052370.74103517,11424447.574798355,44166190.50474575
2022-01-17,19749564.506278627,3287165.4310133127,35929649.255247846
2022-01-18,20832952.783524886,3850652.206897757,36621979.45395991
2022-01-19,19354894.833261706,3064207.940979844,35661879.939743645
2022-01-20,30930506.32856201,14055490.994124455,46982796.14400469
2022-01-21,23405248.25389052,7417948.570984266,40398810.46435441
2022-01-22,39928911.740462326,22491006.270158973,56593761.30413702
2022-01-23,55511797.179400384,38691986.74144481,71571818.90620783
2022-01-24,31631178.99559418,13773847.088693827,47672487.395096414
2022-01-25,41539191.41101203,24441231.19285229,57613836.01098529
2022-01-26,34367456.32809748,17810213.90069334,51035811.26089192
2022-01-27,46778400.03826675,30931693.160784855,63878787.55189458
2022-01-28,23644327.935089514,7374211.148881797,39166703.69939055
2022-01-29,33143406.27255327,17374134.96299094,49866401.21138247
2022-01-30,33394205.982003175,17591205.690560676,49409794.24017917
2022-01-31,24983833.345856078,7778540.343557542,40818438.27087501
2022-02-01,25877717.163815163,9796217.298290972,43128469.98755627
2022-02-02,24131354.59875256,8234278.946325653,40927801.61422089
2022-02-03,22897209.711403172,6429992.965738501,38846980.08417061
2022-02-04,24814864.22607484,7925180.422557017,41395521.102929555
2022-02-05,33973809.44763836,17450151.332225837,49229333.008468494
2022-02-06,33878411.50482614,17916586.819627423,50736935.581224136
2022-02-07,25122660.350382686,9458203.519647285,40742674.9936421
2022-02-08,25678763.48756149,10127257.45717031,42502362.141271025
2022-02-09,23608738.61465781,7771431.002023659,39858021.05302303
2022-02-10,22071168.102059495,6020174.062880614,38182772.591824286
2022-02-11,23711218.212840848,7991806.41584887,41011816.46658442
2022-02-12,32623314.951669138,15804976.189607933,49781451.960157484
2022-02-13,32316011.208292827,16452876.108357081,48893691.09950945
2022-02-14,23386657.59249662,7635678.665542529,39893250.36587091
2022-02-15,23809939.331981838,8427007.54650421,40591322.594859816
2022-02-16,21649434.243339654,5866082.9369112905,37971576.94308536
2022-02-17,20064354.918685928,3737267.1038733646,36536757.7982975
2022-02-18,21699577.689940527,4275862.5739326,37477114.50631678
2022-02-19,30648349.354810435,15160632.976845039,46570324.3361549
2022-02-20,30417204.920720324,13168505.446791094,45213413.34413964
2022-02-21,21600706.89686384,4653126.736446156,36794056.61488224
2022-02-22,22170066.247630723,7768557.964232281,38138452.77625008
2022-02-23,20184797.441534787,4388007.453470383,36932671.224434055
2022-02-24,18799567.922746398,3438929.8998384397,34301908.25703582
2022-02-25,20654341.596912317,4111191.7178895883,35991254.23351568
2022-02-26,29837204.27185442,13408959.544321412,45872086.7871314
2022-02-27,29849401.29601683,13584287.279778961,45879776.02822148
2022-02-28,21280194.962719306,5580002.899461858,37775270.153765544
2022-03-01,22095599.05798273,5486093.420562575,37865909.7394684
2022-03-02,20350140.44049986,4668936.46570162,37810752.40465295
2022-03-03,19193805.750224873,2676208.432995353,36365699.65912263
2022-03-04,21262270.941413343,4108991.226742902,37554876.295747615
2022-03-05,30639800.066351343,14463148.586435698,46227198.1994248
2022-03-06,30824342.421155542,15084324.029834893,46527706.52765538
2022-03-07,22402434.94383233,7743904.44873155,38168223.925615884
2022-03-08,23337966.91892742,7838226.188017528,40836363.11229931
2022-03-09,21683956.993393555,5493514.315217329,38472386.09601183
2022-03-10,20589501.072790667,3109930.1298897583,36142815.1815329
2022-03-11,22689989.60952141,7072941.56075713,38436823.71575775
2022-03-12,32069981.82278816,17285032.43530554,48192023.213454746
2022-03-13,32228267.325662307,16711042.70130733,49664468.82327173
2022-03-14,23752723.60846316,6757853.861129966,39438314.32173959
2022-03-15,24609028.1318185,8925999.021985104,40129432.75188683
2022-03-16,22852376.815627772,6799210.118931733,38858616.605578035
2022-03-17,21634369.29778216,6027150.695345955,38802423.94020432
2022-03-18,23593161.251300815,8094935.199883175,41204698.73076535
2022-03-19,32816272.99527148,17938800.07711455,48627424.80522029
2022-03-20,32805586.44638007,17810406.807286266,48909641.53572053
2022-03-21,24152140.268698514,7500236.728872155,39209202.14415783
2022-03-22,24824783.189950023,8653085.56393273,41101046.82567588
2022-03-23,22881838.270578925,7518212.88181229,39034304.33221931
2022-03-24,21477939.270337988,5126749.498164442,36807490.484467566
2022-03-25,23254139.93859851,7132363.2146881195,39656839.23332597
2022-03-26,32300685.772143967,16260895.313476728,48274030.41544374
2022-03-27,32121980.37658248,15947551.249624277,48633364.86844375
2022-03-28,23311356.180310234,6980349.1486399425,39603989.0534252
2022-03-29,23839709.185143985,7299786.593542742,40860621.57272919
2022-03-30,21767150.110989213,5723030.5022134045,37598096.777373455
2022-03-31,20249832.539020993,4396401.310505694,36428881.68483385
2022-04-01,21930058.262449294,5396064.690377037,37494772.337848075
2022-04-02,30899048.730710104,14987276.379930556,46944983.64966385
2022-04-03,30661914.060261957,14805720.137333063,46286658.29500305
2022-04-04,21812428.724409286,5873150.080772433,37741262.65678263
2022-04-05,22321673.027365305,5437644.170786236,37181783.07598143
2022-04-06,20249692.222160626,3770702.6974574802,36707132.38854954
2022-04-07,18752333.480563164,1735095.7467326084,34273278.19942683
2022-04-08,20471360.64281995,4672281.0692964075,37446213.17844692
2022-04-09,29497235.473346237,14408170.41876635,46228260.68545873
2022-04-10,29334096.85856489,12783614.142528728,45515392.2786246
2022-04-11,20574547.1381401,4860207.081553578,38168360.25014701
2022-04-12,21188304.85839075,4040460.301437368,38210867.08487635
2022-04-13,19233876.076308098,3687156.2830461008,36482914.50764406
2022-04-14,17865400.12396705,1094703.5663453136,33919897.28644848
2022-04-15,19722793.293276742,4492945.153819618,35704160.600414135
2022-04-16,28894533.223792218,12095849.550441178,45433440.56332796
2022-04-17,28882662.11183975,12710653.381439572,45505440.71283462
2022-04-18,20277595.07805548,3876531.9140490065,35326434.33533309
2022-04-19,21046797.84194953,4376172.062177387,36162608.04822431
2022-04-20,19246485.954057112,3232373.565468579,35952476.337525934
2022-04-21,18028506.12139593,327849.92279861955,34748385.58764685
2022-04-22,20030499.77281369,3751716.6208069157,35665726.9432108
2022-04-23,29338737.662262313,12399792.279054087,43957510.23139804
2022-04-24,29453156.83369057,12771092.506498152,44140502.28917934
2022-04-25,20962208.81693404,5027774.963201079,37514509.44617927
2022-04-26,21831577.788223006,5853181.0090948315,37683370.673664756
2022-04-27,20115920.02966977,4065174.010834501,36496743.490674645
2022-04-28,18965784.194052693,2956740.0527874357,35907221.19460336
2022-04-29,21017811.40835308,4400868.452049225,37953726.45422171
2022-04-30,30357602.851280667,14811999.44951149,47781525.51832466
2022-05-01,55131086.71100351,38985196.08734881,71876709.09402391
2022-05-02,41866790.58116016,26006770.146143924,57671024.531502195
2022-05-03,30696154.805064112,15172859.803905834,46091796.42271072
2022-05-04,64557683.852076426,47930373.71605781,80866296.57524341
2022-05-05,34300223.36777039,17233732.954558313,49741462.24833993
2022-05-06,43375777.51789611,27232417.482475925,59234706.35650089
2022-05-07,34096352.50866711,17243124.451169003,49475838.80508474
2022-05-08,58467536.77258159,41988667.225603364,74871486.57976441
2022-05-09,20819559.813414246,4881137.937229662,36968079.330305636
2022-05-10,33422743.357543997,16084483.268788995,51641343.92135623
2022-05-11,31929607.414504297,14348470.261720685,48198216.15258317
2022-05-12,28551185.564214088,12249224.91242463,45767270.856621824
2022-05-13,29555267.412306778,13761110.68078897,47031531.77685555
2022-05-14,62824261.0367515,46424558.456009485,78314356.22141702
2022-05-15,38424707.56144436,22585703.681998584,54576777.96093846
2022-05-16,22429911.46360208,6903849.04900689,38216083.84466708
2022-05-17,23121459.16445169,8305783.9823730895,39364054.44283831
2022-05-18,21229409.024331708,4216269.656589224,37192653.94267015
2022-05-19,19910889.02392614,4069535.9060323634,36699174.81081265
2022-05-20,21809105.381719466,4468704.771205511,38120639.43884464
2022-05-21,31016059.494073004,15448343.490495058,47288136.15326116
2022-05-22,31037460.690336213,14172894.408271998,48458143.97920189
2022-05-23,22467446.126911882,6763230.194841268,39154362.371372275
2022-05-24,23277169.204850398,7829871.284923836,39769275.301852606
2022-05-25,21526410.63788928,5428310.267973901,38138560.75360904
2022-05-26,20370374.546815414,2895666.5997786443,35903467.715358
2022-05-27,22449771.498851817,6806187.695274544,38973355.10619858
2022-05-28,31853578.95238343,13998943.197617259,46899969.21734701
2022-05-29,32084011.952764284,15765416.987370273,48393239.85436658
2022-05-30,23730975.357462846,7028465.431646237,40743145.20818179
2022-05-31,24761752.163057152,8688898.224094283,38832373.291993454
2022-06-01,23231690.81006695,6521946.248468607,37884702.61443318
2022-06-02,22291441.033214442,6205417.380420474,38648563.228404514
2022-06-03,24577143.024735108,8152685.0287721725,41693531.56928794
2022-06-04,34173296.64403934,17558874.636168912,51018549.46888802
2022-06-05,34577840.7166204,18290092.09179672,49708387.53497004
2022-06-06,26377049.777627032,9372959.940140901,42723712.143752344
2022-06-07,27534305.297329307,11227035.332842743,43151691.05880998
2022-06-08,26101890.90279638,8970565.537146214,42790863.12731335
2022-06-09,25227969.217503913,9463278.834928837,42213866.20753165
2022-06-10,27546837.467906408,12244953.52695235,43164964.46522742
2022-06-11,37141847.66858294,20318102.068633527,53077199.18921929
2022-06-12,37510519.83385866,21489152.048001535,52715573.363382556
2022-06-13,29239454.416319065,12618706.34952211,45580461.58288889
2022-06-14,30293100.336372823,14852451.847523093,47077340.17364583
2022-06-15,66196387.647836305,49400915.68551505,82577978.39340508
2022-06-16,27851980.346180577,11224214.09071097,43675034.29280603
2022-06-17,34485293.25769462,18373449.799897023,50499332.88445353
2022-06-18,79080965.42449744,64116443.8187917,95085696.86989021
2022-06-19,64909627.398189105,48479638.44385535,80980512.56001724
2022-06-20,29782883.341637246,14238608.075027203,46769361.467005
2022-06-21,29210381.18168772,13419483.659319308,44106609.043127246
2022-06-22,39161595.903564654,22816647.74429298,56340874.295529075
2022-06-23,58613830.17712232,42043559.30943526,74548493.10115004
2022-06-24,48261833.84099497,31566716.126832493,64758903.58251721
2022-06-25,57845545.25974482,42034138.21699016,73491245.72375137
2022-06-26,63177568.36253792,46192699.38571877,79832485.3639914
2022-06-27,11041865.940100687,-4499390.412513166,26800479.276469592
2022-06-28,16991335.851354845,365036.0244217226,33394176.025502022
2022-06-29,20017528.230520234,4616917.823085798,37457727.029484846
2022-06-30,74887188.99937409,58139370.302811146,91795017.46374346
2022-07-01,34642255.23721864,18007081.962631784,51082937.25409777
2022-07-02,61045384.1176548,44552924.40089448,77090917.57023363
2022-07-03,46545024.90614319,30548033.98788231,62750631.63492642
2022-07-04,40015914.80776597,23888546.5724549,56989400.88194557
2022-07-05,12358921.454283474,-3568203.9618156855,28758372.486785933
2022-07-06,60649916.30057669,44529726.451795466,76321683.66960089
2022-07-07,73593259.35097298,56189536.721002735,90248116.64603509
2022-07-08,33173458.651699815,17662713.515885398,49766567.145392165
2022-07-09,27530218.083125785,11215150.085005768,44511982.77150447
2022-07-10,42336695.022406325,26012626.396525905,58140636.50560074
2022-07-11,34917077.144470245,19570874.15950587,50318790.57481021
2022-07-12,24820172.339108825,8435050.374650832,41041445.355253175
2022-07-13,47894258.296916135,31923311.543288574,63524959.398035
2022-07-14,57896525.10952481,41695749.51718391,74770809.46749331
2022-07-15,25176661.15119359,8962224.972646583,42570530.986152135
2022-07-16,37195002.530856326,22194399.743686732,51626712.55033424
2022-07-17,37085225.519430354,20410940.664978657,53286200.92121791
2022-07-18,28349955.300668634,11311592.000329664,45152923.758147694
2022-07-19,28955237.193100363,13715383.410039585,44420386.29414297
2022-07-20,26956531.633663822,11292461.71112151,43478229.983231775
2022-07-21,25505672.01706829,10517101.760745732,42702853.52858167
2022-07-22,27241086.19981608,12077732.058790032,43758788.87740371
2022-07-23,36250667.69589476,20778978.93032965,51741049.565553665
2022-07-24,36036825.68202363,19686199.345733214,52527858.41768432
2022-07-25,27191321.129080743,9862185.153525501,43136788.970895976
2022-07-26,27683946.96680513,10563529.863146877,43399741.583801284
2022-07-27,25574203.565024722,8559416.420026155,40655460.895016
2022-07-28,24018129.790471286,7248796.105018036,40936288.17579047
2022-07-29,25658390.233783603,10992020.695863903,42007233.84161707
2022-07-30,34587008.588688746,17534665.591688078,50847585.59241163
2022-07-31,34310280.420426115,17308743.705766026,51084152.70272534
2022-08-01,25423476.80501969,9870573.640164735,39959703.837078065
2022-08-02,25899400.835263044,10431600.579642024,41382565.95695101
2022-08-03,23799952.169401683,8144696.5610834,38860589.039787784
2022-08-04,22282863.459797602,6443732.224438092,38353994.596953675
2022-08-05,23991712.411780536,6733622.308441684,39785151.44045014
2022-08-06,33018602.08798995,17105515.109630227,48049838.63475085
2022-08-07,32869044.72269413,16077830.476671835,48988227.420142904
2022-08-08,24136661.87801078,8046529.755298413,40386069.953407235
2022-08-09,24791763.56534247,8256167.643425052,41739006.04336277
2022-08-10,22892961.37796097,6447077.784783422,39791166.07459421
2022-08-11,21593978.58078628,4928828.973769863,37924555.43182402
2022-08-12,23533759.26525458,7925623.008765435,39930068.69320497
2022-08-13,32799266.82912388,16842967.73828336,49163627.84738291
2022-08-14,32890504.031194642,15517592.519663487,49110746.92798614
2022-08-15,24395363.859311003,8162979.113306045,40826520.77393011
2022-08-16,25278369.751286604,9049695.686742734,42413360.98777635
2022-08-17,23592455.755606204,8427423.390917718,40219795.29106389
2022-08-18,22485944.86183185,6812840.65805339,39275452.610414214
2022-08-19,24592822.7676175,8217842.332380223,40979540.57660796
2022-08-20,33995692.513331056,18262340.909532953,51314145.830157556
2022-08-21,34190937.55467657,19315125.713798415,50085138.9409368
2022-08-22,25763698.11820893,9746544.50602711,42350382.672852024
2022-08-23,26676715.400801245,8828615.16348306,42697531.672191165
2022-08-24,24982190.75792451,8974523.403874997,40791944.07488433
2022-08-25,23828815.308533918,7701751.206819747,40604591.39066268
2022-08-26,25852065.155120306,9481746.498282108,42257575.74274821
2022-08-27,35137146.3819751,18650811.37396942,52048377.81833117
2022-08-28,35184116.985758275,18334302.573436238,50511719.90941265
2022-08-29,26582791.04313113,11512019.71116913,42613007.95444695
2022-08-30,27301481.01418621,11053558.251942804,42918665.77714633
2022-08-31,25398727.51812025,8034422.437643524,40343889.470844634
2022-09-01,24028053.013112757,7857354.173333025,39584736.30366725
2022-09-02,25834448.28623709,10139131.14977674,42117257.93215982
2022-09-03,34910760.347437695,19294296.904350154,50194895.48453813
2022-09-04,34764733.73799515,18812417.211397976,50646457.6185631
2022-09-05,25993705.8975688,9122171.046944862,41330314.938257344
2022-09-06,26573140.060042568,10347481.441861793,43995240.98964041
2022-09-07,24568150.70338198,8744744.895105366,41027632.21664519
2022-09-08,23140185.627497643,6918573.874391176,39164864.31183389
2022-09-09,24936969.041670054,8920801.774505325,40626166.870824374
2022-09-10,34055099.30113635,16716395.418701785,50024616.57219347
2022-09-11,34004837.960337,16144891.606684778,49727708.619573064
2022-09-12,25384704.736038677,10614715.103438249,41463966.10762246
2022-09-13,26169943.087003972,9651322.131290065,41819424.72141597
2022-09-14,24424013.823476456,7636117.3034630865,40703943.985231124
2022-09-15,23305282.289160144,6262384.568552325,38135724.6010808
2022-09-16,25457003.995371956,9971215.025322871,42436949.02109054
2022-09-17,34970001.84788111,17673515.77525206,50353688.38407194
2022-09-18,35347570.139662966,18884490.178658515,52117119.51055682
2022-09-19,27180217.44056295,11063794.577057881,42594121.77476297
2022-09-20,28434309.716208525,12628924.42031319,45333585.98360534
2022-09-21,27163766.8821412,11644198.441453367,44416214.09244765
2022-09-22,26516973.400618933,10749872.782423235,43230145.043963194
2022-09-23,29127002.259899527,11791761.585410098,44058433.41984575
2022-09-24,39074539.474616624,23200135.138361286,54073403.76808267
2022-09-25,39853037.97229309,22402679.907010753,55612598.522267796
2022-09-26,32043706.548176385,15806933.000542652,46860934.90261563
2022-09-27,33604388.80161718,17091997.362733025,49974792.910816416
2022-09-28,32581479.043238588,15691632.491178658,48593932.27870381
2022-09-29,32117029.931900308,15872203.234324323,48797133.05380287
2022-09-30,34839145.86119046,18470083.53630328,51676261.12635602
2022-10-01,44825044.58816143,28543306.192974303,60100752.48337364
2022-10-02,45566312.12551323,29294734.93256973,62209942.45625127
2022-10-03,37643953.64816998,21743001.9604004,53996484.42565618
2022-10-04,39017293.390691124,22921540.73392507,54501635.20220436
2022-10-05,37735869.6432889,19658432.79158799,53252048.972503796
2022-10-06,36946479.808940865,20950585.39921292,52650557.462766394
2022-10-07,39283470.83176114,23231892.517987546,55999089.38737698
2022-10-08,48831659.83938207,34108427.15552266,64690933.33388284
2022-10-09,49091413.37515317,32894604.904235624,65626764.717961915
2022-10-10,40653492.24675774,25155844.558904592,56923929.28614457
2022-10-11,41487720.056783214,25571482.95905191,58117342.14566421
2022-10-12,39654627.296475306,22983971.208852388,56879222.04641696
2022-10-13,38312232.272528276,23553145.37892593,54335214.36732287
2022-10-14,40106060.85643924,24173732.826696184,56217148.67829838
2022-10-15,215021133.03795776,198775953.51617602,232185764.89133716
2022-10-16,192893537.43266,177759119.77002344,210388848.23835528
2022-10-17,98932001.501638,82295617.55068696,116325354.23014225
2022-10-18,115127890.85999006,99314456.12459849,130944208.71078268
2022-10-19,91049184.0705021,74417832.24910223,107643800.05989434
2022-10-20,160793459.99994045,144956328.46042982,177321521.31677637
2022-10-21,100374162.09011436,85104557.21106103,117528958.83622709
2022-10-22,145346041.63383645,128616089.92043133,161837436.69259545
2022-10-23,159512849.25799435,143002193.24283126,174907965.5066085
2022-10-24,64760746.060080335,47411933.91732211,80426904.52983816
2022-10-25,87683658.46113884,71883553.95030035,105101685.41056745
2022-10-26,96817522.15359145,80831563.95129955,111814920.67361932
2022-10-27,34761015.65382712,18148001.33386373,50997896.558706895
2022-10-28,36547677.14460956,21722302.01885439,52949751.540118925
2022-10-29,45675061.10400005,28908475.796470687,62434825.58194065
2022-10-30,45645426.24193251,29732859.035774525,62360458.6953876
2022-10-31,37048169.96889152,20094539.779920924,52174657.867656216
2022-11-01,37848556.26222958,20814790.773765966,53335637.69512583
2022-11-02,36099498.292792216,20359037.22164561,51259386.67018534
2022-11-03,34948553.46428099,19041542.185065027,50667907.48486385
2022-11-04,37028227.30388792,20771425.135788444,53572173.73298966
2022-11-05,46418970.5865786,30628997.77490772,62485932.17162003
2022-11-06,46614396.03064856,30310027.117224246,63007100.016941056
2022-11-07,38196318.025651336,22706016.51692674,53791956.56722416
2022-11-08,39123668.46104633,24186891.176933885,55456590.46191102
2022-11-09,37444434.231499776,21379413.171032663,52852688.89960224
2022-11-10,36302770.24162501,20540651.19818842,53731304.337890565
2022-11-11,38329381.50021286,21923195.46548158,54261636.012285665
2022-11-12,47604556.88737261,31714095.569240544,62556820.32222784
2022-11-13,47623380.227843,30963860.613787703,64237180.32349491
2022-11-14,38970722.53407025,22627893.056512468,56087071.83381696
2022-11-15,39610069.98296188,22458504.95969384,56378199.58317057
2022-11-16,37595335.7438188,21216556.679338872,53950581.14208865
2022-11-17,36077812.997561954,19119748.302448176,51771768.31984031
2022-11-18,37696367.13073425,21315456.69590025,53583290.14852152
2022-11-19,46540254.83758725,30956715.524097916,63212682.73558019
2022-11-20,46114101.52772145,29459210.198623113,63241158.42195014
2022-11-21,37012647.12780143,19549651.62209006,53342330.8382539
2022-11-22,37209321.35564323,20883774.18361752,53253591.040518455
2022-11-23,34767803.21750668,18442812.67488406,50768921.557103276
2022-11-24,32848728.64141306,16459621.377593957,49236753.8372263
2022-11-25,34099650.56969206,17725573.483965136,50217780.67097155
2022-11-26,42617645.18349337,26440076.634325817,58229772.99247678
2022-11-27,41914101.04153749,25313559.533933796,57949987.4699923
2022-11-28,32589305.912175905,17857960.193096407,48581393.59455608
2022-11-29,32620896.254341543,16804127.332166646,48340778.927366585
2022-11-30,30075327.065395527,14491768.000869503,46807656.08685653
2022-12-01,28114527.9928958,12465400.692519462,44298591.04310773
2022-12-02,29385850.99164891,12124908.363111185,45393012.00486481
2022-12-03,37979120.43137024,21672429.853194226,52876571.4945274
2022-12-04,37408234.7200002,21153548.66241994,53135218.86832851
2022-12-05,28269105.302456737,11331147.564767288,44668515.91472408
2022-12-06,28533821.752028666,12680506.587684622,44429242.034979455
2022-12-07,26262283.385924924,10185926.325609295,41192892.35959665
2022-12-08,24609041.371519253,9178603.427970592,40775819.64035912
2022-12-09,26213451.39405205,9614730.943029968,41323714.4614965
2022-12-10,35162524.8086551,19307525.552483883,51693267.193014674
2022-12-11,34956007.97839984,18612454.615491737,50656266.441736184
2022-12-12,26181296.368876383,9396638.522069499,42669584.178162955
2022-12-13,26802239.2458137,10248344.620091924,43223922.56913376
2022-12-14,24870982.938689463,7957568.228153553,41173236.47528691
2022-12-15,23535008.43250628,7759750.175329908,39445365.24383869
2022-12-16,25427458.328818917,9224295.62058064,41567953.58954778
2022-12-17,34630136.692880124,18722319.527946174,50954091.08776375
2022-12-18,34638707.818445124,18277599.34538617,49858126.902678445
2022-12-19,26037697.63759379,10725107.239035536,42488319.88048652
2022-12-20,26789351.674032003,11396862.555441942,42623161.4999015
2022-12-21,24945496.492465924,7030123.120107673,41056201.37840814
2022-12-22,23654560.351476874,6574440.30311538,40057895.38653021
2022-12-23,25551848.992045596,9347817.4509336,42318896.04887132
2022-12-24,34722461.88208315,17523810.411516756,49835826.044506535
2022-12-25,36266191.21615061,19674573.145524424,52076464.275310345
2022-12-26,49865400.22933447,33986144.14339435,67496996.14483745
2022-12-27,29511029.21071498,14171320.423550155,45907301.17549055
2022-12-28,19115896.26779314,3509773.269689225,36525988.215474315
2022-12-29,56153142.059871525,40508964.72899294,71530444.09191525
2022-12-30,30523457.28951951,14333517.468269018,46187818.065040655
2022-12-31,49720193.873088114,33532286.70919447,66993936.565092124
2023-01-01,63238263.7772028,46870795.068848774,80068347.94580226
2023-01-02,41259011.72448526,24895155.62102844,57975911.51246023
2023-01-03,43477144.086166546,26844559.186857034,59805623.99604212
2023-01-04,52737041.12403548,35988166.65393847,68190001.80277233
2023-01-05,80366946.48121886,64216925.61356769,96762275.18654895
2023-01-06,23909938.46513546,7374983.082302144,39802176.5155362
2023-01-07,33004635.181527566,16728732.925195267,50025492.08973431
2023-01-08,32922954.74424815,17044981.353579402,50755301.83299087
2023-01-09,24260338.599631272,7065805.204484133,40645124.46714269
2023-01-10,24988915.067499872,8884817.213252207,39628875.55497704
2023-01-11,23169071.569508724,7203452.703040701,39768443.82850082
2023-01-12,21956225.335676104,4893028.8610021565,37876601.31800743
2023-01-13,23990894.902652923,7928432.108577627,40261435.936881825
2023-01-14,33361462.808430832,17858657.581726577,50328975.81585455
2023-01-15,33569161.83817918,17953957.240586422,48594651.7910692
2023-01-16,25202894.144033175,9303687.845045267,41973679.000531256
2023-01-17,26227941.86671426,11967177.078504065,42640472.46330379
2023-01-18,24697719.956668105,7703594.095353549,42384629.30347498
2023-01-19,23757843.44306084,8291571.78937652,39490225.45276475
2023-01-20,33650342.75780499,18768603.432285815,51192562.11128038
2023-01-21,85976938.84860983,70518997.1964617,101509857.74986175
2023-01-22,83318883.56947587,66419739.042135626,99910740.73022106
2023-01-23,41082957.273538604,25565140.562364165,56670565.85129819
2023-01-24,70937274.76136872,54581669.95787517,87034191.35333009
2023-01-25,69941542.53935109,54607450.32521151,87680272.62146768
2023-01-26,48626873.268439725,33304061.101413585,65728235.140547074
2023-01-27,37856503.93710408,23120686.036831953,54461712.17722543
2023-01-28,38387523.5506585,22247867.650094613,52918245.51917443
2023-01-29,38671098.0272024,20964158.516371407,54128635.197198264
2023-01-30,30298429.540954158,15250352.705716735,46483602.24820065
2023-01-31,31233786.907390222,15301358.967468422,47524074.30360245
2023-02-01,29531434.948504187,13058429.306918029,45901217.023743905
2023-02-02,28342562.57024281,11746776.470963895,45097681.42418431
2023-02-03,30305463.60846079,15059977.77148442,47611169.98323622
2023-02-04,39508358.59820981,24407991.573636122,54690346.625762336
2023-02-05,39454388.899709426,22933166.320654713,55325871.13398045
2023-02-06,30736392.91107916,15112111.423565747,46705879.50869772
2023-02-07,31325524.698422607,13840380.06428567,46700117.181961514
2023-02-08,29282868.669777572,13371884.666925624,45404031.91442736
2023-02-09,27766212.731491648,11218273.129284758,44084795.19187939
2023-02-10,29420082.46065764,13634201.448888235,46377202.85021539
2023-02-11,38338427.90622673,22482750.831815768,53200250.23432765
2023-02-12,38029497.52448337,22001524.395923395,53689695.4852956
2023-02-13,29090511.59432266,13048690.763116542,45704784.734154455
2023-02-14,29496197.544585943,12673559.568623895,45500471.909901276
2023-02-15,27310342.365368262,11795497.541219255,43269613.75907719
2023-02-16,25692525.507846575,9878500.860992383,41826641.47203107
2023-02-17,27288135.18095376,10989194.656986563,43715113.03858131
2023-02-18,36191059.45113072,21747693.50123076,52940904.85212394
2023-02-19,35908585.88468953,19044517.416251708,51321829.18482731
2023-02-20,27036120.790957227,10354163.698137265,43928980.41640629
2023-02-21,27545788.739945088,12178002.689509844,43779188.20146333
2023-02-22,25498065.360190142,9621931.713991677,42242178.534231596
2023-02-23,24048604.316893928,7960270.441476855,39964226.19326085
2023-02-24,25838358.61550886,9665860.601923145,40604590.82434153
2023-02-25,34956384.69788116,18929761.19703548,50382315.82220522
2023-02-26,34904860.03859112,18910883.20253466,50527193.25156539
2023-02-27,26273922.26219419,10366745.462396277,42505612.5101137
2023-02-28,27030387.49012504,10958767.354476988,43523123.980954856
2023-03-01,25229498.10936416,10577597.715669582,42335158.72839384
2023-03-02,24021858.268987738,6825130.244301658,40373330.82424306
2023-03-03,26043654.93586929,10442092.111341035,41701469.67544369
2023-03-04,35379550.99301697,19125025.391731832,51710165.32718994
2023-03-05,35527779.47353859,20454870.157527275,51856758.40340233
2023-03-06,27075045.73217427,11394714.17282338,42576746.01536765
2023-03-07,27985292.810612433,13170288.452822132,42809232.525861606
2023-03-08,26311488.006986067,9523255.963916643,41642825.29471128
2023-03-09,25202572.5297165,9704886.382599216,40704254.76774661
2023-03-10,27293688.882145606,11769054.27948488,43087158.096923925
2023-03-11,36669064.98039574,20610717.320848305,54012553.08327365
2023-03-12,36827086.78471215,20568665.977887135,53121349.48021107
2023-03-13,28355167.551131994,11531540.84448432,42599524.78915563
2023-03-14,29218472.119375013,14343848.414659454,46673687.794567086
2023-03-15,27471647.701530635,11303994.750202922,42851135.226957396
2023-03-16,26265721.24721321,10222389.662830926,42129267.70381973
2023-03-17,28238263.406887,11428639.94983024,44300860.84855762
2023-03-18,37476208.09910917,21247693.11479867,53178267.25761435
2023-03-19,37480859.53942171,22005571.923875038,54080135.59738007
2023-03-20,28842696.44416161,13925997.26103182,46177295.76488766
2023-03-21,29530033.277338944,13748257.046471873,44845347.79326952
2023-03-22,27600691.270864673,11704728.147460107,43599142.09107677
2023-03-23,26208840.349283114,9451188.301953314,41647587.848684326
2023-03-24,27995112.80946906,11270405.124360723,44046675.42867863
2023-03-25,37049378.35704108,20814702.65455216,53646083.39996912
2023-03-26,36875712.72189914,21236264.76910704,52085586.542163044
2023-03-27,28067169.709203858,11866828.104248557,44123988.67569866
2023-03-28,28594416.491886787,12333399.228180408,45699308.87964041
2023-03-29,26517384.633024447,10895921.722243752,43850337.13006687
2023-03-30,24992097.572571352,9579399.239408983,41884878.87095874
2023-03-31,26660774.913974047,9584611.391637513,42579218.007428326
2023-04-01,35614602.51065037,20516458.23637559,51400093.68341108
2023-04-02,35358699.92420451,18932911.80152655,51108340.69516736
2023-04-03,26486894.44495548,10453042.294052886,43407780.25620269
2023-04-04,26970360.83604051,9532939.106209775,44277979.15132237
2023-04-05,24869278.692254443,8715132.804963483,40905226.09404265
2023-04-06,23339667.629103776,5337864.922253339,39717334.38629786
2023-04-07,25023500.21373994,8188046.82000202,41406806.471376814
2023-04-08,34011481.32733225,18893592.122530513,51514758.65543773
2023-04-09,33808025.3395007,17511579.729807973,49512626.58697241
2023-04-10,25006040.2193202,7576336.862857968,40742791.62103915
2023-04-11,25575577.79371454,9900609.653607093,41739690.8920978
2023-04-12,23575502.20386307,7240052.68078256,38972393.054220274
2023-04-13,22160337.02462586,6202128.458526964,38021025.95847645
2023-04-14,23970391.27831285,8157624.6977846855,40952080.19712908
2023-04-15,33094553.396404177,16206874.753248798,49385585.06035287
2023-04-16,33035284.890468523,16847331.455267392,49115848.37940454
2023-04-17,24383423.223344367,8619257.803324604,41478586.33028881
2023-04-18,25106853.41442276,9078709.96442467,41151396.62556764
2023-04-19,23262200.680191815,6810984.392139795,40273097.78124209
2023-04-20,22001704.725191448,5687131.656679695,37862643.68005877
2023-04-21,23963375.942648456,6958466.005888445,40297586.17596947
2023-04-22,33233822.467432614,17036323.758956593,48970806.87270016
2023-04-23,33313279.55846393,17182606.204987887,50185894.831597
2023-04-24,24790450.402964003,8356684.328544671,41381355.88057861
2023-04-25,25631217.254665717,8253070.644872221,41212558.855946876
2023-04-26,23890374.47659348,8151439.879033966,41186968.88696535
2023-04-27,22718543.21677966,5981071.511052481,39770348.932491615
2023-04-28,24752366.971828192,7578333.731808319,41073302.26762243
2023-04-29,34077375.88281198,18077044.00838319,50696495.709959775
2023-04-30,34193050.10278732,17854516.112977557,48731154.84588809
2023-05-01,25687690.120999888,8376551.470756362,41599981.19777344
2023-05-02,26527151.831236564,10696655.330031775,41842017.108991995
2023-05-03,24766596.80338894,8750233.289913142,40207267.51131918
2023-05-04,23557416.498386268,7944423.737352365,39357751.25360028
2023-05-05,25537428.835216463,9520261.813132726,42832013.882366076
2023-05-06,34793734.2928448,18868622.674240217,51800409.79700967
2023-05-07,34827761.44390418,17672090.343740374,50582658.49683225
2023-05-08,26230109.610964544,9871440.157010311,42412235.018063754
2023-05-09,26969246.509885095,9999316.061297163,42323956.43778608
2023-05-10,25103211.701841943,10091523.14434267,42165492.78361811
2023-05-11,23786485.248054996,7590487.989601052,39739874.45709199
2023-05-12,25660120.918264665,9072229.390656075,40928647.4946582
2023-05-13,34814532.353714645,18251727.76267042,51402559.19435909
2023-05-14,34754463.55282119,18297751.47323678,50477164.77938204
2023-05-15,26073753.063939527,9881013.167214628,42661097.7934287
2023-05-16,26743951.62570095,11083477.106498564,43037639.368440665
2023-05-17,24825946.088733993,8055986.355634001,40195650.45154341
2023-05-18,23476751.106168263,8053429.209949802,41018422.33986224
2023-05-19,25339570.062896803,9638504.851001803,41941269.31500906
2023-05-20,34506515.72568247,18807719.980888434,49860152.458658166
2023-05-21,34483523.965172976,17635916.55864761,49956519.3533249
2023-05-22,25865071.755627207,8606961.649910055,43036083.74692379
2023-05-23,26622760.795847498,10499578.982866848,41987986.030057795
2023-05-24,24816920.912429906,8850022.285725502,40255190.419143066
2023-05-25,23603395.738606334,6015314.241973658,39753532.948645845
2023-05-26,25623612.781197425,9174179.01508685,41773671.09032953
2023-05-27,34967328.60741781,18351645.371891506,50641912.81022111
2023-05-28,35137582.33774841,19508284.28401842,51354759.479037024
2023-05-29,26725468.065352745,10645822.160864998,42592720.46734353
2023-05-30,27698786.540015146,11641424.920318136,43185663.74644037
2023-05-31,26113728.871380005,10171021.620509697,41506683.50420904
2023-06-01,25121752.963651717,8902206.851138614,42063421.76057075
2023-06-02,27359752.679775745,11159609.70992732,44552131.078627154
2023-06-03,36912908.06856631,20485781.70827422,53775399.42923367
2023-06-04,37279747.22085673,21378219.590413027,53670259.812454596
2023-06-05,29047027.60002055,11860074.049252084,44721918.52598371
2023-06-06,30178494.33031816,14197165.565036003,44743522.34892782
2023-06-07,28726665.342428736,12300690.351127306,45685457.59018107
2023-06-08,27839801.304069757,11967685.982866433,45215965.26072715
2023-06-09,30152157.75694532,14335618.32662481,45047323.55252457
2023-06-10,39746905.33405599,24249124.340021748,55744461.48332649
2023-06-11,40121246.632099055,24225205.022202518,56881979.25229719
2023-06-12,31861335.846466474,14578007.893065985,47076875.37257213
2023-06-13,32931057.391632073,16984693.09825869,49410975.96724422
2023-06-14,31383812.608973004,15921168.129588721,47489225.9772988
2023-06-15,30369472.20558951,13798272.488014312,46888061.907097496
2023-06-16,32524592.0329673,16394945.615120161,48590246.7226718
2023-06-17,41935278.91078251,25445942.409070402,58650565.35678603
2023-06-18,42102236.25262071,26349633.8839856,58376968.682220764
2023-06-19,33615597.38797534,17390558.16122338,50523537.12092097
2023-06-20,34443604.98168807,19340663.468725614,50865530.70452758
2023-06-21,32644288.22797694,15765006.963351075,49135193.31563715
2023-06-22,31372298.35606539,15063278.067546865,47156976.327603616
2023-06-23,33269003.191372722,17834822.508588493,49175895.18649008
2023-06-24,42425230.76957027,26486361.554881997,57833359.90683284
2023-06-25,42346195.116109215,26336989.199107077,59661131.96780802
2023-06-26,33626215.41201934,17474291.569735423,48850561.85028798
2023-06-27,34237290.14750278,17716787.226718873,49198304.24852547
2023-06-28,32240680.923375666,18026726.216027107,48377387.90032014
2023-06-29,30793669.112468764,13173345.548073262,47553135.459084414
2023-06-30,32539588.41468884,15779029.417246656,48066070.290416725
2023-07-01,48817164.228617005,33105542.12752592,64634186.30291927
2023-07-02,53879647.454473816,37810827.245466635,69240633.36538161
2023-07-03,30618018.15910276,14505774.189825922,46678819.40254998
2023-07-04,25539178.57310575,9065447.391983498,41875355.81802837
2023-07-05,32554396.924353514,16526478.342383655,48946159.807324246
2023-07-06,54621642.99693441,39346837.93470479,72436267.39465515
2023-07-07,54468091.954929054,37917966.340505265,71641273.41229407
2023-07-08,57266403.47148822,41424541.621085554,74543319.43443048
2023-07-09,57098636.637212634,40154883.04905561,73373835.11153214
2023-07-10,52746504.23642528,36202659.604912534,68554173.54954486
2023-07-11,32241131.75769375,16663340.987016411,50160789.265553914
2023-07-12,30271738.000548225,13416016.144258723,46470681.30225398
2023-07-13,28869296.19055871,13599283.62043527,45316901.54309194
2023-07-14,30670910.510072343,14280997.286545115,46428301.37612214
2023-07-15,39762362.59886271,24024656.326596834,56875315.418081634
2023-07-16,39643220.591775134,24776656.73756849,56261475.15985514
2023-07-17,30901758.08383812,16179217.097620383,47978369.26272576
2023-07-18,31503738.722478338,14597300.286716795,49132090.34223053
2023-07-19,29504214.831376445,14057994.898933224,45219180.09783431
2023-07-20,28054496.848717835,12225751.306421401,43805118.236679696
2023-07-21,29792390.19649917,14721648.288247356,45288581.050475605
2023-07-22,38805085.1922964,22329394.406233624,56695511.89156901
2023-07-23,38594228.60083887,24498302.302478563,56096261.29933014
2023-07-24,29750783.52932249,13949806.144072553,46948039.81489296
2023-07-25,30243734.878176905,14198623.374988139,46304435.42527898
2023-07-26,28131790.93497339,11711049.132597223,45096221.94493829
2023-07-27,26570240.500106923,11361664.160933474,42744892.19073268
2023-07-28,28201065.444377482,11426722.8975721,43990293.57240819
2023-07-29,37115697.85554004,21512975.958795268,52370389.815288745
2023-07-30,36819954.27647932,19736719.266684975,52528937.32616194
2023-07-31,27908757.828159105,10607924.967846269,44117219.216783755
2023-08-01,28354709.602890294,12968402.868183201,43650824.98666707
2023-08-02,26219663.988413174,10140510.237123277,41085642.259216376
2023-08-03,24661471.358029447,9010588.415109005,41087401.27575358
2023-08-04,26323991.600378536,9982338.699053364,41609220.40136839
2023-08-05,35299770.96401647,18821079.550779972,51055942.07417184
2023-08-06,35094917.482330546,18101019.33747593,49667776.05242596
2023-08-07,26303787.958210442,8920720.337606778,42354163.8932735
2023-08-08,26897549.418744832,11361872.982854776,42416209.787805654
2023-08-09,24935770.51240378,9177021.395871999,40261217.7591352
2023-08-10,23573206.344865546,7359415.368681772,40600644.86358063
2023-08-11,25449879.525699496,9337725.442999987,41394855.43103063
2023-08-12,34653848.44399648,18350597.629198357,51475944.433564074
2023-08-13,34686195.856761895,18530786.430632807,50473115.27629316
2023-08-14,26135847.913834862,10311891.894633515,42114545.009934604
2023-08-15,26968283.07169137,11308117.267484717,43817240.54725773
2023-08-16,25237282.39863023,9148996.591450438,41773818.18990021
2023-08-17,24091880.390928973,8913288.431514464,39792990.77213241
2023-08-18,26166614.40819677,9535479.701642234,42543345.81457839
2023-08-19,35544458.92387211,18620620.24666002,51259811.74275361
2023-08-20,35721972.82963346,19595853.835261475,52671823.67350011
2023-08-21,27284265.18776975,10478317.449769793,44083418.39241247
2023-08-22,28193834.406479917,11575583.31540241,43915951.66927938
2023-08-23,26502428.246441446,10187889.482389841,43785261.741762385
2023-08-24,25358080.191541545,7466906.787879795,42486298.7360339
2023-08-25,27395417.32103631,11853090.263894327,43618088.5990034
2023-08-26,36698623.619464636,20142606.75050557,51778647.4043096
2023-08-27,36766585.490248755,19716896.77578355,53438961.59819696
2023-08-28,28187824.233285315,10909269.029461555,44550343.17633128
2023-08-29,28929270.702940952,14099323.104358498,44787770.708580986
2023-08-30,27048030.672631513,11302822.954819819,44065052.78769061
2023-08-31,25698298.42157258,9936970.868720744,41153927.08033495
2023-09-01,27521516.48315639,11121132.08485215,43236510.61747548
2023-09-02,36609169.04974073,20279179.634551305,52446369.02988721
2023-09-03,36467740.02587989,20368768.70303955,52266804.504881114
2023-09-04,27693445.27863989,11081347.757796966,44162899.468348384
2023-09-05,28260799.525935568,12648506.44364732,44859414.71784741
2023-09-06,26234171.91372136,9089259.269458175,41967038.42348849
2023-09-07,24774493.472713925,8429587.060373211,40967996.84792604
2023-09-08,26529220.066603355,9575766.52810236,42627541.414682694
2023-09-09,35594943.85827558,18287385.630217332,52041002.65550589
2023-09-10,35482189.392838955,20452584.628144976,51131958.74097961
2023-09-11,26790008.77407907,10080822.336702261,42689186.6084977
2023-09-12,27494440.331902076,11024242.517652115,43927121.99094444
2023-09-13,25659988.35347864,8863758.239465905,41408295.07519658
2023-09-14,24446289.65568563,8260774.845747075,39702584.09486207
2023-09-15,26498072.31617055,9756147.556496799,43162932.258925974
2023-09-16,35907800.31444675,18853021.539175894,52552151.59734309
2023-09-17,36180540.027229644,19713813.406789467,52781038.160015024
2023-09-18,27908661.619310178,11348140.103646774,44249595.06067166
2023-09-19,29060437.691734504,12618060.292846952,45096915.51380534
2023-09-20,27691693.512225226,11399112.476279372,45551649.95964145
2023-09-21,26952670.617333665,10514203.050218329,42814499.25920556
2023-09-22,29478204.33872525,12820715.362352407,45897948.24144093
2023-09-23,39350603.60419777,24231667.955155563,55544578.19984205
2023-09-24,40064763.05633371,23643510.91053874,56706227.41090272
2023-09-25,32203114.284437425,16198584.597180758,48751827.39829856
2023-09-26,33724472.100596085,16305284.162261315,50131468.68022465
2023-09-27,32675923.743346404,15929189.119790476,48882680.920586705
2023-09-28,32199916.514338315,16450329.18915243,48511102.373928085
2023-09-29,34924638.4450894,18595086.12226609,49863203.19018807
2023-09-30,44927074.87755352,28209156.15755181,62171016.70601819
2023-10-01,45698266.17468074,28147842.711253066,61548667.55533137
2023-10-02,37818369.30076453,21480053.23048251,54534287.525222294
2023-10-03,39245576.0343274,23309558.729184728,55968306.62760402
2023-10-04,38028033.50507213,22376762.16515642,55058376.29144547
2023-10-05,37310921.411069505,21053450.21506708,52481632.96588666
2023-10-06,39726780.44404974,22813487.19002743,56300153.182190455
2023-10-07,49358475.82672474,34123513.13968254,65237700.03708512
2023-10-08,49704323.267619714,33930599.07239735,66665949.61811124
2023-10-09,41352983.18332002,25137343.28987772,58021387.641755536
2023-10-10,42272180.005470216,25899407.724184815,59030253.01014249
2023-10-11,40520397.16123809,23954687.43657782,56979511.409677275
2023-10-12,39253707.6988553,21887572.57370828,54582170.170122504
2023-10-13,41115841.275047466,25721300.257030047,57855876.53676128
2023-10-14,50200878.010653466,34171187.05651854,66818750.93706135
2023-10-15,50018103.36276579,33700615.06511176,66582221.80804333
2023-10-16,41166636.77029146,24136158.78210052,57017320.9464598
2023-10-17,41623897.67544927,25816572.92908877,58287622.86191242
2023-10-18,39457065.99992335,23199219.966362245,55528052.91758134
2023-10-19,37829703.06634036,21074152.49418055,54487407.137397565
2023-10-20,39391639.0731474,23932957.937447138,55992633.204492666
2023-10-21,48241522.24892108,32984770.864732865,65124393.21829669
2023-10-22,47891567.55966036,31802996.88357921,64631909.13938926
2023-10-23,38942120.45754662,23206355.560446337,54524225.6028411
2023-10-24,39370100.93895869,23636259.417532958,56340128.52403715
2023-10-25,37240485.54349333,22285014.36954156,54092873.41289494
2023-10-26,35712992.71405244,20138396.453493904,52649115.26235136
2023-10-27,37432075.92745061,19961946.222755075,53404803.37901688
2023-10-28,46489616.992422014,30916773.77691435,64406226.885725506
2023-10-29,46389853.613281265,29294611.95748748,63580466.7595368
2023-10-30,37724152.07302426,20750308.709415,54232308.0316991
2023-10-31,38459684.87891434,21971066.945191015,53991530.99081728
2023-11-01,36651164.94949724,19617216.86934585,52999680.00933064
2023-11-02,35447795.23526945,18283068.570122015,51887277.59204837
2023-11-03,37483531.37062735,20624085.115782816,54951277.503565915
2023-11-04,46840042.7844785,30828609.042027988,62463449.85852772
2023-11-05,169288780.73444194,154193596.90185478,186490576.35762262
2023-11-06,88413455.87712258,72830151.54617025,104147834.19314626
2023-11-07,85612744.91137919,69100337.66660857,101468745.05440567
2023-11-08,131404465.89797567,115299522.7081209,148074362.89623055
2023-11-09,107377900.50149243,90189257.40400347,121879545.35860443
2023-11-10,142074259.47992745,126175945.30891079,158240909.06039056
2023-11-11,150162236.5113075,133898729.39988813,165212276.4238355
2023-11-12,139960586.23888928,123028537.82025686,156210415.01187497
2023-11-13,161504091.16089714,144382490.9665974,177279523.1150226
2023-11-14,118844397.17161271,103808253.86465271,135410104.23529565
2023-11-15,106637725.16032293,90981285.15494306,122366427.61354375
2023-11-16,36901116.86561696,20127668.241220564,52937868.86741997
2023-11-17,38595004.21420058,22679407.268960122,53380052.85943991
2023-11-18,47513297.7239372,32092853.414423615,64453104.02968922
2023-11-19,47158781.97622576,30500580.66299244,63467916.74087161
2023-11-20,38124430.87530042,21061907.87701763,53406674.961607344
2023-11-21,38382026.92805247,22028064.920453344,54477416.17579432
2023-11-22,35993761.24422942,19004506.040481776,53155055.068161145
2023-11-23,34118977.14246204,17669897.921984963,49828754.2847169
2023-11-24,35404160.78628369,18650387.58716051,51695955.15800406
2023-11-25,43945571.77453873,27952539.77009136,61133076.33264288
2023-11-26,43254049.89022787,27264415.46037554,59809643.93310777
2023-11-27,33929612.39191759,17757585.49775836,50897980.23070311
2023-11-28,33949906.60212728,17600748.72068786,49666974.28721564
2023-11-29,31381675.505061135,14881695.594296396,48274235.59004139
2023-11-30,29387402.441827685,13811573.882272154,45856766.97390205
2023-12-01,30615240.562517148,12464494.716973396,46860472.46264829
2023-12-02,39161621.177074715,22332424.91580812,54983813.51089627
2023-12-03,38536077.38284415,23364950.051228717,54269192.875895746
2023-12-04,29335896.48958952,12778189.05508737,45089870.353634104
2023-12-05,29534664.125225067,12401401.150215827,45541094.441137314
2023-12-06,27193854.915930685,11381643.534744019,43153706.605061814
2023-12-07,25469632.145724714,9877604.98463658,41518143.68683535
2023-12-08,27002957.61382407,11098248.860062152,43425940.281688064
2023-12-09,35882400.75777742,19196590.987674896,52940964.498862214
2023-12-10,35609177.85658638,19853079.52997272,51578624.265495926
2023-12-11,26772028.932957396,10241951.74226676,41910261.080386005
2023-12-12,27335989.161695264,11207078.325315522,42620115.42487295
2023-12-13,25354203.587768048,10039686.684902942,42603204.34358978
2023-12-14,23974941.62914843,8220343.857360584,40644765.48995693
2023-12-15,25831906.95297822,9698315.94537347,42128805.2947585
2023-12-16,35007226.62962141,19776273.322229207,50532547.016969495
2023-12-17,34996645.8049935,19619423.943685256,51186251.97948131
2023-12-18,26384531.646745056,10521895.524448242,43041112.43582142
2023-12-19,27132740.314018592,11572512.869826064,42146500.690873474
2023-12-20,25292493.57921858,9705059.62475183,41178430.69533956
2023-12-21,24011420.325265843,7964535.586951914,40273016.59289461
2023-12-22,25923858.217441786,10084399.878103467,43324359.61408259
2023-12-23,35113800.109117955,18318285.766551234,50549034.98492579
2023-12-24,35080013.00199513,18017605.372702718,51081471.98310668
2023-12-25,26410935.766733024,9318497.262983577,41900174.58001351
2023-12-26,27073412.617875993,12711267.901672887,43364247.02240608
2023-12-27,25124412.91453235,7652189.444305302,40657999.98190332
2023-12-28,23717897.036300033,8262860.818431044,40396212.90457535
2023-12-29,25494928.6148452,9812579.13520532,42829317.79685958
2023-12-30,34546422.976843774,18682327.866867006,49685505.67297487
2023-12-31,34378065.08394303,18360130.908994745,50674430.22147323
2024-01-01,25585008.659094848,9935535.057714684,41878986.13452074
2024-01-02,26140418.84804022,10380567.7291585,41353204.447489776
2024-01-03,24107014.069239747,7800590.851974921,39866690.2105588
2024-01-04,22643771.477261484,5558291.101655437,38178710.90971342
2024-01-05,24395900.467918545,8705285.76430901,40556042.19078664
2024-01-06,33457477.595459253,15392232.02159162,48529022.461565524
2024-01-07,33336278.981211603,17703325.078760143,49651907.32936001
2024-01-08,24628423.91125779,7311045.352718779,39867651.4606695
2024-01-09,25306893.147145476,9567146.233708452,41058580.14417292
2024-01-10,23433077.928309463,7771962.945285011,39444431.75586248
2024-01-11,22163523.564495202,5443079.359202596,37491435.326238826
2024-01-12,24139970.696793854,7924010.09537401,41185259.37059544
2024-01-13,33452085.46942523,17299480.604532532,49403860.487535655
2024-01-14,33602411.85431194,16664506.316461187,49254993.962410025
2024-01-15,25181156.364321835,8640542.654750248,41222469.60087973
2024-01-16,26154864.696238685,10076404.941057226,42356942.31144982
2024-01-17,24578141.89026127,9144696.38235024,41260756.484926455
2024-01-18,23600575.229157124,7354038.973040663,39220646.83908871
2024-01-19,25856958.12532439,9377892.148348458,42557583.35519608
2024-01-20,44403240.45753534,27509319.339529958,61170003.53610597
2024-01-21,68882956.50528549,53075952.412474535,85845536.98950183
2024-01-22,26043794.74709823,9057228.172064366,40821041.22218889
2024-01-23,34858078.71694669,19237684.184136905,50733542.80078869
2024-01-24,54148582.65863628,37929318.606019944,70419611.30948308
2024-01-25,39169660.25953649,21865015.052608743,55477897.62108987
2024-01-26,44407762.09956309,29378900.35063316,60302397.34650874
2024-01-27,106407997.26774116,90118992.39651324,123423919.03078522
2024-01-28,38584654.00985026,22795542.98119089,54540298.21089815
2024-01-29,30262353.834592186,15515760.395257697,46014661.88406754
2024-01-30,31253284.236590747,15298036.33065521,48385534.34601505
2024-01-31,29610572.62253514,14117327.124475216,45324297.72249223
2024-02-01,28484190.914964028,12654170.23093511,44765466.706429355
2024-02-02,30511165.686229132,12797936.518549647,46139743.37352022
2024-02-03,39778429.94582601,24344687.414302494,56803416.65391129
2024-02-04,39787847.24655889,23886932.05692806,55149317.75118327
2024-02-05,31131017.089799494,14440931.113728631,47542562.28111136
2024-02-06,31777921.248371486,15611894.56707779,49192413.99045546
2024-02-07,29788563.977426752,14978844.081818474,46526764.541905575
2024-02-08,28319767.967045605,11503716.429240014,44424399.50339563
2024-02-09,30015228.070897482,14468658.145045094,45838748.924205616
2024-02-10,38968214.02085124,21901756.36915611,54064947.62099571
2024-02-11,38686456.33387196,23669688.45571771,55633608.75251301
2024-02-12,29766827.568631742,13751848.431796545,46364014.230385296
2024-02-13,30183881.28455378,13777921.9272034,45880437.86516607
2024-02-14,28001403.908970796,11574541.453425279,44186886.56367827
2024-02-15,26379143.05384791,9154485.480294589,43414919.911699556
2024-02-16,27962815.427973934,10449631.688032752,42943561.91108434
2024-02-17,36846786.07759173,19867341.950073205,51574788.84891672
2024-02-18,36538953.098828904,20700200.64816496,52950693.287861094
2024-02-19,27635449.350270648,11675062.981723646,43664040.16006137
2024-02-20,28109222.356933974,11855941.579789432,45553982.50421674
2024-02-21,26021645.965620935,10826071.827294976,42476170.61613882
2024-02-22,24529325.221908644,8913511.79301246,40232643.04161499
2024-02-23,26274195.188027207,9708343.344252134,43164033.10891253
2024-02-24,35346302.728400685,19118477.250591002,50380036.22708361
2024-02-25,35248802.50314529,19295204.903826125,50919280.07070646
2024-02-26,26572775.681139927,10410175.450686714,42980204.55431977
2024-02-27,27285929.520440437,12279096.372273576,43467509.641897164
2024-02-28,25444328.3846955,8831857.41217434,42242083.08439006
2024-02-29,24199314.80859344,8031146.765633277,40097876.49006736
2024-03-01,26187718.676131792,9544345.280365948,43649639.84709328
2024-03-02,35494741.14931318,20172702.035319507,52065793.58600562
2024-03-03,35619042.517830804,19313983.451487713,51529187.25607456
2024-03-04,27147640.770774968,11458233.51460104,43314690.151320904
2024-03-05,28044677.719262138,12008418.41454154,44890612.23981538
2024-03-06,26363202.325755022,10693635.129385209,41923207.39019549
2024-03-07,25252129.35374865,10510713.83903627,42740242.193147704
2024-03-08,27346471.30697192,11398170.947877353,42684107.372444846
2024-03-09,36730230.58828303,21395761.477319047,52823862.05411999
2024-03-10,36901481.699028656,19874996.240259808,52686187.86416822
2024-03-11,28447251.25056529,12841903.6102982,45232077.24146397
2024-03-12,29332253.861503325,12174171.591887617,44545923.44547642
2024-03-13,27610635.06534005,10789128.177132765,42129334.10845941
2024-03-14,26432880.991395682,10821655.861473205,42668820.22081235
2024-03-15,28435994.469804376,12322616.048721425,45103836.63015192
2024-03-16,37706326.42248114,22967182.9778733,54120512.893509656
2024-03-17,37744594.02703387,21068059.764270388,53711395.436444476
2024-03-18,29140695.232923117,12484573.85994909,46027430.65957754
2024-03-19,29862379.329437602,14605106.495168125,45513938.11571846
2024-03-20,27966926.18422406,11849674.75494912,44076597.3892524
2024-03-21,26607995.216964904,11171538.4513576,43023599.595154606
2024-03-22,28425744.934604466,12851751.305061627,44608816.04675957
2024-03-23,37509612.6450338,20994876.38374679,53118356.579429954
2024-03-24,37363286.622119054,20111641.63293131,53912887.41871721
2024-03-25,28579480.65717864,12678780.032351395,44207858.44797643
2024-03-26,29128570.907156583,13008671.620965702,45448667.98563077
2024-03-27,27070247.645437486,11440386.327941384,43252817.767236955
2024-03-28,25560342.780018065,9482245.593386201,42077425.81199877
2024-03-29,27240933.60508899,11934593.333120218,42855174.82507481
2024-03-30,36203111.91412477,20278449.53364405,52784838.43724199
2024-03-31,35951950.16372142,19308915.85067887,51468609.461000346
2024-04-01,27081273.98212257,11813548.290427571,43560734.809422664
2024-04-02,27562300.267039582,11304418.17181511,42541864.811369196
2024-04-03,25455292.82581064,9433326.75744673,40551101.976127364
2024-04-04,23916395.810980037,8755166.036710931,39366827.599669866
2024-04-05,25587744.876526568,9089675.181432977,41620517.0014394
2024-04-06,34560244.733472735,18737165.767913043,49734518.47538253
2024-04-07,34338544.454269975,17901258.23874665,50215693.677993745
2024-04-08,25515819.598823104,9318011.95239068,40497405.3295929
2024-04-09,26062420.3086937,10131885.717020206,41683280.81059846
2024-04-10,24037537.344726887,9144718.344212025,40111198.12056127
2024-04-11,22596046.454295874,6618685.880017339,38750770.48024017
2024-04-12,24378631.221972495,7068261.489827021,40167774.802118115
2024-04-13,33474573.386976168,17979137.333707947,50142181.594678946
2024-04-14,33386742.332372315,16521489.790184235,50174203.67748242
2024-04-15,24706393.197695117,8768204.289691834,41936765.54962341
2024-04-16,25401833.13504158,9101743.393451074,41749110.973748274
2024-04-17,23530108.020033017,8369713.566142283,39253886.11241927
2024-04-18,22243870.27549875,5009351.868004472,38645206.53690226
2024-04-19,24181528.13903663,7902025.144171382,39928554.80482802
2024-04-20,33430065.418511778,17563760.32078346,49161252.71283569
2024-04-21,33490063.362746246,17415128.412117843,50147779.28637681
2024-04-22,24950533.871016268,8687348.132258821,41723173.998667024
2024-04-23,25777623.171302658,8851682.666398121,41062247.91509145
2024-04-24,24026337.728027377,7519656.811457505,40762520.23179688
2024-04-25,22847452.329449564,6096544.958585106,38383926.57508257
2024-04-26,24877699.834106266,8312010.182606502,39879470.92876212
2024-04-27,34202630.644375995,19336583.922425482,51003589.79928121
2024-04-28,34321672.45889114,18821050.915041715,50128601.42826876
2024-04-29,25822998.385414362,9847159.765764114,40191525.60914792
2024-04-30,26672261.369794782,11219023.204728272,42786657.87720635
2024-05-01,24924345.537323814,8423125.01696525,41427778.32956122
2024-05-02,23730293.280993197,6956353.244350868,40194768.69801707
2024-05-03,25727506.55540304,9573691.94370574,41598141.56319455
2024-05-04,35002609.557435565,17622110.432467986,51587456.66344376
2024-05-05,35056502.634828344,19031392.632592093,51276078.25649493
2024-05-06,26479215.003403626,10173980.95637805,43382971.351624474
2024-05-07,27238613.970275454,11190003.131251149,42580636.81953858
2024-05-08,25392121.26692099,8788411.243824294,42694008.34597024
2024-05-09,24093595.616586316,9012694.272550879,40273721.89775076
2024-05-10,25983480.575890336,9650668.045227898,42647516.93217297
2024-05-11,35151605.70285395,17703440.19177286,50698348.601038694
2024-05-12,35102172.04321356,19345078.522234604,50639863.984879926
2024-05-13,26428530.92599063,9809481.310391542,43568186.46283129
2024-05-14,27101815.407763816,11174359.599831993,42685731.23845918
2024-05-15,25182576.803323507,8761326.848188441,41156380.903121516
2024-05-16,23827587.410561103,8141917.482853714,39608204.747488275
2024-05-17,25679910.547634773,9861969.77430616,42000339.63155199
2024-05-18,34831628.072927706,19477921.720193252,51005064.21884187
2024-05-19,34788758.47605069,18221682.793206565,51877741.90660401
2024-05-20,26145976.54434975,9696227.90427036,41907624.651221305
2024-05-21,26875195.811725885,10007881.821315482,42574641.075061716
2024-05-22,25037167.890397158,8854891.387639433,41034986.046262495
2024-05-23,23788261.1944245,8177018.215353362,39793212.62475687
2024-05-24,25770521.263543777,9971343.7258184,41289947.355996184
2024-05-25,35074403.594216794,19744090.642094273,50448235.55379398
2024-05-26,35203712.41669439,19357349.457824968,52493970.149386756
2024-05-27,26750356.36215951,9438059.249914182,43498200.832231276
2024-05-28,27682981.7471857,10347406.12173191,42585865.5057117
2024-05-29,26058636.674168274,10785906.936805304,42605827.598870546
2024-05-30,25029627.148511067,8366816.675571112,40685929.87272204
2024-05-31,27233665.730431747,10746141.848277973,43820715.71092142
2024-06-01,36756701.592538565,19859368.8495508,54591751.47121654
2024-06-02,37097963.089549825,20781606.962083623,53874936.97309314
2024-06-03,28844821.21339903,13175133.354469813,45015170.02182305
2024-06-04,29961531.917517148,13302272.503214994,45581691.31978362
2024-06-05,28501007.667515583,13398633.853193257,44871391.77880242
2024-06-06,27611776.555901133,12001431.164219555,44027161.390020855
2024-06-07,29928226.695208475,13634916.57013994,45612031.97387514
2024-06-08,39533522.09697933,22157907.12946003,56182232.794180594
2024-06-09,39924718.69639282,21932170.11088727,57043872.125517786
2024-06-10,31687686.742202956,15468287.88186851,47532407.385404535
2024-06-11,32785895.737774417,16792303.751706664,48874873.43084544
2024-06-12,31272210.91071989,14869180.928512134,47964312.08458949
2024-06-13,30295858.629957605,14326322.329521766,46355462.13131521
2024-06-14,32492658.063762095,16390791.00484696,48623032.186793275
2024-06-15,61225389.71234472,46132800.35471437,77477574.58897872
2024-06-16,56302670.46046475,40499690.93430668,72620272.67501193
2024-06-17,58618131.15613582,42928813.69849801,75131194.95379178
2024-06-18,26447090.562694818,10613306.3432727,42907270.998659745
2024-06-19,37166435.89082596,22645770.149108965,53462434.00529376
2024-06-20,46789404.283666715,30146766.929057915,63551192.462924756
2024-06-21,52222237.142795295,35394187.046928145,68396674.47819266
2024-06-22,63025971.37231925,47737826.30331861,79568256.31846835
2024-06-23,62145175.850035734,46371937.66345738,78233475.54670773
2024-06-24,63147856.579467446,46771033.94897896,78432205.01204115
2024-06-25,41584039.68346266,25064223.680507477,57194058.64160407
2024-06-26,25003361.346394386,7618988.130368443,40825469.30580023
2024-06-27,29623919.235696964,13157269.707943067,45140041.69552364
2024-06-28,42642992.68823886,26060181.57790454,58315818.71567903
2024-06-29,64634255.49184832,47999743.578062505,80803191.98718372
2024-06-30,72652898.23392476,56634657.76708965,88839604.3697932
2024-07-01,48691382.8624887,32631502.942697134,66520596.70043633
2024-07-02,54635340.84763579,38423524.98661663,70474823.28571256
2024-07-03,45993663.53705871,29266966.416199517,62236896.91982827
2024-07-04,34339417.45485673,17405688.2071467,50537949.03765753
2024-07-05,16974535.531570047,1411211.2521468801,33552809.477436062
2024-07-06,67324655.59337273,51029751.33727142,83748364.43754888
2024-07-07,53295408.342063375,36030009.851025015,68532985.55214244
2024-07-08,40077469.536687985,23986326.58220289,56900441.89855727
2024-07-09,57091788.51302953,40074565.71707791,72506705.15949987
2024-07-10,39058905.301533476,22956198.387173776,55163002.93722884
2024-07-11,44785385.50743647,29659876.22610288,61781755.793527335
2024-07-12,63743720.62487067,48775910.37558351,79218774.66037649
2024-07-13,110292861.8828724,94434072.53047489,126522930.03749794
2024-07-14,37157943.73152267,20960649.156197987,54658245.616687
2024-07-15,42652930.20636171,26242641.30263182,58725887.971021846
2024-07-16,31945481.277782723,15800213.88238588,45899835.09324599
2024-07-17,29960439.399337195,14252671.474301001,46509659.686725676
2024-07-18,28527799.666526943,12021152.549358044,43898631.505621076
2024-07-19,30284871.956031464,13724221.620888071,46827539.34594589
2024-07-20,39318247.388450116,23577183.304200225,55121838.67372269
2024-07-21,39128887.80345872,22227499.615170166,55397079.22500694
2024-07-22,30307006.5476572,15251308.508319905,45974244.692681774
2024-07-23,30820797.206196688,14731875.290137032,47105611.38811723
2024-07-24,28728160.148710698,12648264.29659752,45051221.445892625
2024-07-25,27183585.642278858,11242879.090093572,44537804.82175859
2024-07-26,28828292.567360163,12797773.896056205,44681599.23352874
2024-07-27,37753011.153347135,21193197.12620439,54098988.92899212
2024-07-28,37462941.44389917,21413656.15852258,53022071.77674143
2024-07-29,28552497.531118535,12532863.02945032,44191223.11515599
2024-07-30,28993898.239647985,12209355.15035562,44247803.51264903
2024-07-31,26848758.289502405,10655043.933137715,43536008.89419708
2024-08-01,25274842.831891555,8260988.585130701,41544668.8327676
2024-08-02,26916088.40005617,10033626.032005934,43720083.245215125
2024-08-03,35865282.44090194,20375642.96073665,51298555.09871317
2024-08-04,35628936.51841886,18755682.326242074,52275353.60238128
2024-08-05,26801966.133258846,10020881.733968912,42615246.639992505
2024-08-06,27356240.17970316,11366719.062022874,42473326.66995271
2024-08-07,25352155.76547098,8903048.877195587,42406320.01713882
2024-08-08,23945402.282203116,7336853.016395379,40274542.324275024
2024-08-09,25777018.019794326,10283352.539031515,42406121.177839994
2024-08-10,34936130.97956824,19469326.655065652,50930438.93780308
2024-08-11,34924917.70717086,20095915.758868936,51627890.38655999
2024-08-12,26333391.08491125,10277317.105541302,43427609.73184282
2024-08-13,27128077.41197491,12136763.234923102,43352826.501210906
2024-08-14,25363735.182356384,9495874.452456133,41291946.320368856
2024-08-15,24190275.59760552,7496749.849274342,39289884.433722176
2024-08-16,26242983.8214743,9453071.393230598,42822680.76051131
2024-08-17,35605428.02800745,18825669.60369525,52578534.15619971
2024-08-18,35774585.26812277,18873561.569280177,50409673.89350895
2024-08-19,27335790.243339054,11414877.659493824,43584354.71263975
2024-08-20,28251562.542294823,11677501.252623698,43519141.96460988
2024-08-21,26573460.197602317,11330854.852932518,41984815.88104002
2024-08-22,25449115.398201223,8212414.971668899,39715591.28114859
2024-08-23,27512547.63951306,10606683.858545588,43749756.99740915
2024-08-24,36847138.228855,20809505.15400256,52359769.90542808
2024-08-25,36950792.72585936,21366045.26955291,51879871.91412618
2024-08-26,28410895.73052179,11017076.648440763,43955341.517057456
2024-08-27,29193112.728121463,12851080.41720712,45199496.17788356
2024-08-28,27353186.868606944,11609281.502437042,44308569.0927304
2024-08-29,26043887.41547139,11220119.70572633,42326211.74822487
2024-08-30,27905206.915855158,11738415.621575031,45230823.82800751
2024-08-31,37027193.61173384,21488617.310934782,52741897.74029347
2024-09-01,36914949.04867996,21165131.409565307,52614230.08693827
2024-09-02,28163399.363541055,11589594.717611622,43305716.783842415
2024-09-03,28745899.61861472,12514174.03968177,44755329.894452766
2024-09-04,26725824.188426424,9251453.710723251,42380401.0531237
2024-09-05,25263305.396831743,8588746.556457505,41605892.16280493
2024-09-06,27005223.10820115,11115029.522557223,44517798.05611338
2024-09-07,36047837.480172075,18930327.743427414,53412016.359664366
2024-09-08,35901600.402248904,20579868.118381124,53173641.97072928
2024-09-09,27165759.39352696,11102883.88063565,43436269.28802289
2024-09-10,27816818.197154537,12731431.933338547,44824916.46074516
2024-09-11,25920011.381499678,10358267.267466934,41619828.14798452
2024-09-12,24635958.76423599,8857508.505304787,41269125.653237775
2024-09-13,26610605.182549346,10696107.431010686,42224250.78184107
2024-09-14,35937839.75401345,21310423.811035566,52184930.848416544
2024-09-15,36124331.140293,19224329.49405868,52697777.79656907
2024-09-16,27764192.588313017,11821727.101929206,43865895.1264146
2024-09-17,28827539.9879243,12668058.660618952,45791599.85261581
2024-09-18,27372098.27240744,12139886.95775968,42773702.67830707
2024-09-19,26550019.0514503,10247549.555270856,42551841.2797913
2024-09-20,28998011.197444573,12523108.708105309,44722845.84744199
2024-09-21,38800173.9438833,22558133.272559334,56512005.32422479
2024-09-22,39453063.75396773,23636870.408952042,56856246.403375864
2024-09-23,31540602.944300253,14960314.152197335,47757765.41416253
2024-09-24,33022887.12730606,16696684.791397072,49289421.404078044
2024-09-25,31948040.399701536,15915055.63353953,47943847.19355409
2024-09-26,31459274.710355997,14684334.965890853,47133158.03130282
2024-09-27,34185248.78991221,16974901.48582963,50061827.69914979
2024-09-28,44203110.14723654,27221875.354535505,60109028.96237431
2024-09-29,45003745.78796452,28569082.408753607,61030983.379983835
2024-09-30,37166844.63932904,21193980.83611283,53406753.79771976
2024-10-01,38649824.4852888,22152269.379857503,53877653.12717142
2024-10-02,37499768.93973234,21603791.236705188,54460943.92418908
2024-10-03,36860528.44782494,20637234.18792544,53647456.751271516
2024-10-04,39363079.28331174,23172217.664891213,56007859.436130725
2024-10-05,49088523.70601474,33560580.62090131,64337868.46930343
2024-10-06,49533257.68248385,33481562.963284586,66152388.96212198
2024-10-07,41283910.9808553,25351535.263249364,58063009.484336264
2024-10-08,42306115.30341793,25491952.947913308,58940893.31888579
2024-10-09,40656249.81275925,25394130.899384998,56846471.15574146
2024-10-10,39488322.73857209,23108528.393402718,55294796.94525445
2024-10-11,41444088.4817317,25605564.977478743,56692960.97270083
2024-10-12,50615789.43969279,34803793.53327753,67448850.4330448
2024-10-13,50511055.471321285,34970374.35089062,67483208.29752506
2024-10-14,41727572.61113206,25858566.028382573,57427396.613236986
2024-10-15,42241583.60472567,25960083.373816073,60736289.061988756
2024-10-16,40119376.453700736,24167352.714132417,56268158.37413467
2024-10-17,38523926.237302646,22261508.766031638,52874561.43990784
2024-10-18,40104795.779839896,23090377.112980146,56659468.2605394
2024-10-19,48960689.95011333,32826613.948964193,64626953.291244075
2024-10-20,117877277.29730397,101480440.99051048,134304905.89750886
2024-10-21,129595510.24896304,114197792.20740433,146053780.6060048
2024-10-22,126758512.2911617,111252681.41317047,143851344.5001059
2024-10-23,96476179.47992975,81002035.57095067,111906564.13096343
2024-10-24,74427223.6928609,58195965.3577896,92173707.63774367
2024-10-25,118947982.76627178,102915857.49713507,134793590.27385515
2024-10-26,205697228.86786702,189653582.9351652,222121930.06132665
2024-10-27,94136322.14347117,77308831.64503784,109966814.74683529
2024-10-28,115531523.94064707,100090583.68409912,130378970.46562962
2024-10-29,155979610.2644277,138926257.2374675,172429547.88544607
2024-10-30,106946071.54918681,91873890.55374934,122665986.98802622
2024-10-31,202247398.02160296,185202940.09242025,218751333.22222286
2024-11-01,99018050.51884392,84358596.98572391,115178026.02784193
2024-11-02,142714286.12479788,125459133.10212134,158516699.01228523
2024-11-03,47073945.11858174,29943778.79280034,62436821.17058559
2024-11-04,38625795.94866429,22045583.206650533,53321773.75211207
2024-11-05,39545979.896658875,24972920.169797353,56726558.551133074
2024-11-06,37882998.23425983,20766925.021388985,53486442.94859337
2024-11-07,36780906.16920791,19110919.4885282,52272469.48924244
2024-11-08,38869701.16769044,21505977.69777692,55337923.06043489
2024-11-09,48228378.519841656,32288814.679617684,64091463.864334755
2024-11-10,48350179.11705868,32048259.308837965,63419615.75974585
2024-11-11,39817632.25615205,23042535.53199571,56219967.737799466
2024-11-12,40591446.625595614,25509779.86577898,57233758.23542966
2024-11-13,38722395.86791465,21824714.30544318,55630209.05124859
2024-11-14,37358354.063050404,20691664.469839733,53039818.20389652
2024-11-15,39134576.90538895,22388152.987160943,55512885.448882826
2024-11-16,48136613.94084361,31983408.688034102,64165738.00090546
2024-11-17,47865380.801865056,31812661.242283914,64581609.87359603
2024-11-18,38911999.04311777,23450229.34527455,56133357.38255467
2024-11-19,39246462.209410265,23144714.490640264,55599151.063860245
2024-11-20,36929280.54426632,21394690.50664502,53923166.79395639
2024-11-21,35118266.07535346,18126176.045806903,51712140.78585087
2024-11-22,36458560.445468366,20453174.14016383,52867923.46508929
2024-11-23,45045297.48016025,28415075.331759773,60054071.063736856
2024-11-24,44388435.9079757,27860660.664782904,61271182.042157225
2024-11-25,35087375.99528076,18502957.5850643,50774852.13857831
2024-11-26,35119424.40822066,18950787.311679225,50464937.50638113
2024-11-27,32551264.764004778,16422100.959965128,48787274.327737525
2024-11-28,30545599.905198947,14862538.113690486,46557369.85737198
2024-11-29,31751071.698550243,16206317.986886349,47006978.13358898
2024-11-30,40264852.832423404,23348901.64136812,56655031.02633473
2024-12-01,39597447.50409474,22515271.794956267,54732847.46373067
2024-12-02,30347315.19467113,13626984.672424603,46519475.1222153
2024-12-03,30489381.237595655,14669661.450538987,46564937.17407928
2024-12-04,28086590.019996256,12386359.59904735,44693517.172376044
2024-12-05,26296664.261125073,9536947.30946163,42807283.810018055
2024-12-06,27762172.69389324,11451220.879564889,43240676.47624819
2024-12-07,36573296.36054501,22785698.188849103,53525948.447667904
2024-12-08,36232825.48559572,20378253.508341145,52798727.96467883
2024-12-09,27330995.668173887,11534315.904257804,42982688.9635854
2024-12-10,27834221.268099487,11556051.790695721,44249799.37742526
2024-12-11,25796875.776154824,10941660.970810603,41720620.14436907
2024-12-12,24368276.512937527,7365427.133922201,40412430.46356683
2024-12-13,26182969.993496984,9573485.804280117,42551278.131490655
2024-12-14,35323702.45275715,18931671.595050704,52167275.13893178
2024-12-15,35286602.20019061,18432512.25268752,50666593.331704006
2024-12-16,26656177.813831024,10842622.416252324,42303234.10952692
2024-12-17,27394185.996154472,11335950.646230994,42688274.03787148
2024-12-18,25551515.615997434,10772614.541955344,42382111.37862492
2024-12-19,24275242.87859721,6895659.836406413,39560787.36920748
2024-12-20,26198952.47756829,10168087.98622375,43054573.12442826
2024-12-21,35405708.69102986,18920205.699898034,51393807.040626176
2024-12-22,35393203.511002764,19322893.42040518,52192031.4377104
2024-12-23,26748687.16951283,10449454.341727102,44079448.46243392
2024-12-24,27437737.12251758,12431135.656333849,42706388.49690565
2024-12-25,25516015.07027189,9957849.428223126,42318530.98487991
2024-12-26,24136170.734102894,7504830.797925508,41166929.566891655
2024-12-27,25937991.63566037,10855770.843836026,41805682.16559343
2024-12-28,35011187.72068515,18394121.60393392,51728742.6107859
2024-12-29,34860343.148170695,18461700.813408226,50121584.82451287
2024-12-30,26079646.044346035,9931989.083423797,42203746.43303179
2024-12-31,26641457.776555993,11135677.050760042,42388976.44896214
2025-01-01,24607876.72533173,9671518.05821788,40079397.41974449
2025-01-02,23137460.438425064,7863970.600223494,39920771.284894116
2025-01-03,24875210.20152686,9898553.020288093,41383510.281985484
2025-01-04,33915211.15823707,17607455.81432973,50739592.175386995
2025-01-05,33765463.981910035,17826360.73226795,49671520.80402388
2025-01-06,25022521.879839405,7995792.168961556,41965235.64851852
2025-01-07,25659996.694520246,8851028.122962143,40590350.47853503
2025-01-08,23740090.46668328,7320879.051124049,40666969.54652153
2025-01-09,22420316.882299334,6841558.357286172,39274401.00142503
2025-01-10,24343516.323279776,9317051.982247856,40561801.711288534
2025-01-11,33600556.50674232,17980038.409393754,48926169.643321864
2025-01-12,33695252.77634163,17120072.031257924,50891627.03120589
2025-01-13,25219119.15888885,9221436.533861896,40547007.21379809
2025-01-14,26140010.636157643,9960575.117612008,42183704.92570925
2025-01-15,24513809.13383576,9260244.381661983,40634147.946229056
2025-01-16,23491313.34881085,6655328.979822704,40037697.06832874
2025-01-17,25708431.5181877,9057362.668225296,42889695.03033945
2025-01-18,35249064.311061636,18836444.064655505,51010038.146416
2025-01-19,35610207.04721079,18802822.927387565,50973358.52352175
2025-01-20,27376877.57086741,11296965.321685294,43063437.90155727
2025-01-21,28510925.648034163,12242983.025109483,43544047.409383886
2025-01-22,27062872.12839374,10825174.21787834,42575299.98253846
2025-01-23,26178934.16258385,9854248.833654622,42988500.33675554
2025-01-24,28491332.2744707,12215114.93149951,44081559.665966175
2025-01-25,38081263.770262375,20595321.836747166,54862398.536501296
2025-01-26,38444069.657193184,22388664.058208846,53867006.28731314
2025-01-27,30164200.077981766,14374914.635807,45870401.917761855
2025-01-28,31204033.5410621,15110704.596468667,46942149.19507895
2025-01-29,29615698.333521295,13540063.06582152,45627863.328111134
2025-01-30,28548053.272093646,12040824.096150726,43222792.94385746
2025-01-31,30636925.137410983,13838464.879036179,47349476.447134286
2025-02-01,39967989.44667924,24734297.36322098,56056048.48745095
2025-02-02,40041824.46751245,23907033.441168472,56561862.751931146
2025-02-03,31448746.68423917,16543594.530432971,48255503.215058215
2025-02-04,32157486.578768626,15564662.520534797,47994632.094217725
2025-02-05,30226856.973221485,14146872.02701697,46399096.5982982
2025-02-06,28812575.116232976,12247884.389414452,45057961.88287825
2025-02-07,30557339.943444975,13425053.362104882,47315921.231346354
2025-02-08,39553555.19996236,23892131.764543045,55728378.54800898
2025-02-09,39308232.20370795,23050653.557630558,54966486.234795175
2025-02-10,30417684.080971688,15252235.624856021,46742336.17218408
2025-02-11,30856073.61092832,15130294.230274457,46246259.57781834
2025-02-12,28686969.778287694,13261405.753057031,45916556.917240806
2025-02-13,27070076.580788717,10971093.921775408,43492684.15735006
2025-02-14,28651237.349609755,13442873.71072901,43570356.6958254
2025-02-15,37525106.52848771,21349579.1475922,53142937.37424403
2025-02-16,37200023.360692605,20494687.675277736,53151341.13209136
2025-02-17,28272699.397527516,11039723.711263208,46296548.175961
2025-02-18,28716781.47510621,11830982.122202167,45275109.08408258
2025-02-19,26594444.22585787,9815744.898383802,42121489.58458445
2025-02-20,25063174.142152015,9443785.238367315,41905959.989220195
2025-02-21,26765846.478821002,9639531.879223295,43677439.38088145
2025-02-22,35793484.59578518,19027394.63216125,51153620.352632076
2025-02-23,35650233.5459842,20743301.879060067,52195554.07670572
2025-02-24,26928156.960740194,9703328.165217694,42204041.56609767
2025-02-25,27595915.88299343,12133937.05915932,42752331.162946954
2025-02-26,25710480.56993337,9547392.426912203,42770575.14660954
2025-02-27,24424034.271076147,7268157.973427508,41752724.83951386
2025-02-28,26374167.370277397,10987882.269916106,41416108.87300204
2025-03-01,35646748.781149305,19753238.786104653,52527088.33775534
2025-03-02,35741003.93978595,18868186.090360884,51692452.04651522
2025-03-03,27244406.293071967,11524588.116539128,42755647.407808185
2025-03-04,28121439.129179418,11562682.948915832,44569869.80817893
2025-03-05,26425377.35333777,9156487.752636129,43374443.48031685
2025-03-06,25305247.198862642,9414177.351223003,41205816.02095614
2025-03-07,27396061.660157427,11379541.808754977,43924544.984775044
2025-03-08,36781718.34212795,20597308.331589684,53675942.74158294
2025-03-09,36960089.268211946,21500477.847867426,53563030.01880514
2025-03-10,28517910.109367676,11789185.167196056,43518854.26637913
2025-03-11,29419526.57483886,12947784.475171207,44747138.41839251
2025-03-12,27718648.74916732,11103000.393396398,44533360.252813764
2025-03-13,26565272.782730646,9894143.828940164,42825679.38105502
2025-03-14,28595869.322380498,13216800.489510369,44698806.2245967
2025-03-15,37896227.101634726,22004908.517160784,53898146.11425016
2025-03-16,37966483.02508864,21376479.8372806,53641248.301413655
2025-03-17,29395948.012161292,13016253.910858462,44626429.56798048
2025-03-18,30151788.10269402,14988452.725642208,46578544.700108334
2025-03-19,28290713.27654449,11824620.007965675,43127880.48758322
2025-03-20,26965834.929264687,10973361.659228932,44266538.358103566
2025-03-21,28816792.75244862,13117082.903230611,44887744.586442366
2025-03-22,37932540.601478174,22173934.3857479,53896848.318326525
2025-03-23,37816323.62872954,23869327.907077253,55022523.02091038
2025-03-24,29060456.66027816,12994406.502896871,44653594.49174292
2025-03-25,29634963.797898293,13833226.1923369,44677113.402260356
2025-03-26,27599231.95102798,11085562.926099366,43861361.45520265
2025-03-27,26108839.27847538,9638036.840712236,42667310.23967926
2025-03-28,27805659.133338094,11869682.35150635,41961465.41789987
2025-03-29,36780628.770371854,21062750.43474253,53065814.545193985
2025-03-30,36538714.63455084,18452426.552159436,53381494.146321066
2025-03-31,27673683.645315357,11631243.902006974,44209810.14496437
