inventory_id,product_id,warehouse,opening_stock,closing_stock,restock_quantity,inventory_date,event_type,event_description
INV000001,P009,Delhi_WH,3581,7537,9040,2021-01-01,None,None
INV000002,P009,Mumbai_WH,1127,137,2690,2021-01-01,None,None
INV000003,P009,Bengaluru_WH,2959,404,8481,2021-01-01,None,None
INV000004,P009,Kolkata_WH,4131,2483,9128,2021-01-01,None,None
INV000005,P009,Hyderabad_WH,3038,3607,1479,2021-01-01,None,None
INV000006,P010,Delhi_WH,3001,3486,913,2021-01-01,None,None
INV000007,P010,Mumbai_WH,4955,11511,7110,2021-01-01,None,None
INV000008,P010,Bengaluru_WH,1438,846,8030,2021-01-01,None,None
INV000009,P010,Kolkata_WH,3261,1404,4023,2021-01-01,None,None
INV000010,P010,Hyderabad_WH,1171,2787,5439,2021-01-01,None,None
INV000011,P001,Delhi_WH,2155,5965,6820,2021-02-01,None,None
INV000012,P001,Mumbai_WH,2571,757,3057,2021-02-01,None,None
INV000013,P001,Bengaluru_WH,2312,2269,1374,2021-02-01,None,None
INV000014,P001,Kolkata_WH,4123,4004,6513,2021-02-01,None,None
INV000015,P001,Hyderabad_WH,696,6116,5637,2021-02-01,None,None
INV000016,P004,Delhi_WH,1344,9973,9538,2021-02-01,None,None
INV000017,P004,Mumbai_WH,4636,1716,2100,2021-02-01,None,None
INV000018,P004,Bengaluru_WH,2140,10344,9004,2021-02-01,None,None
INV000019,P004,Kolkata_WH,2106,5474,6873,2021-02-01,None,None
INV000020,P004,Hyderabad_WH,1166,1191,1410,2021-02-01,None,None
INV000021,P009,Delhi_WH,4266,9226,6497,2021-02-01,None,None
INV000022,P009,Mumbai_WH,4404,6517,7127,2021-02-01,None,None
INV000023,P009,Bengaluru_WH,3218,5442,2453,2021-02-01,None,None
INV000024,P009,Kolkata_WH,2740,552,4340,2021-02-01,None,None
INV000025,P009,Hyderabad_WH,1774,3084,4947,2021-02-01,None,None
INV000026,P010,Delhi_WH,2544,5354,4327,2021-02-01,None,None
INV000027,P010,Mumbai_WH,487,3463,5994,2021-02-01,None,None
INV000028,P010,Bengaluru_WH,2799,7466,6620,2021-02-01,None,None
INV000029,P010,Kolkata_WH,4307,478,3046,2021-02-01,None,None
INV000030,P010,Hyderabad_WH,2575,584,1013,2021-02-01,None,None
INV000031,P001,Delhi_WH,1317,220,2001,2021-03-01,None,None
INV000032,P001,Mumbai_WH,2882,941,8197,2021-03-01,None,None
INV000033,P001,Bengaluru_WH,1409,4380,6047,2021-03-01,None,None
INV000034,P001,Kolkata_WH,2684,2419,8470,2021-03-01,None,None
INV000035,P001,Hyderabad_WH,843,1528,726,2021-03-01,None,None
INV000036,P004,Delhi_WH,3895,4827,3753,2021-03-01,None,None
INV000037,P004,Mumbai_WH,3082,6299,6484,2021-03-01,None,None
INV000038,P004,Bengaluru_WH,2311,987,999,2021-03-01,None,None
INV000039,P004,Kolkata_WH,1423,3974,6223,2021-03-01,None,None
INV000040,P004,Hyderabad_WH,1777,4619,3895,2021-03-01,None,None
INV000041,P009,Delhi_WH,1877,3969,3805,2021-03-01,None,None
INV000042,P009,Mumbai_WH,4642,2967,6523,2021-03-01,None,None
INV000043,P009,Bengaluru_WH,777,1701,3658,2021-03-01,None,None
INV000044,P009,Kolkata_WH,2706,632,3086,2021-03-01,None,None
INV000045,P009,Hyderabad_WH,2477,232,3020,2021-03-01,None,None
INV000046,P010,Delhi_WH,4010,1534,6242,2021-03-01,None,None
INV000047,P010,Mumbai_WH,1550,2454,906,2021-03-01,None,None
INV000048,P010,Bengaluru_WH,1400,8453,8440,2021-03-01,None,None
INV000049,P010,Kolkata_WH,3973,11461,8530,2021-03-01,None,None
INV000050,P010,Hyderabad_WH,4166,13294,9648,2021-03-01,None,None
INV000051,P011,Delhi_WH,375,495,4952,2021-03-01,None,None
INV000052,P011,Mumbai_WH,4450,8830,8097,2021-03-01,None,None
INV000053,P011,Bengaluru_WH,4251,8846,4693,2021-03-01,None,None
INV000054,P011,Kolkata_WH,3424,8721,8096,2021-03-01,None,None
INV000055,P011,Hyderabad_WH,1059,363,2045,2021-03-01,None,None
INV000056,P001,Delhi_WH,1377,3824,4506,2021-04-01,None,None
INV000057,P001,Mumbai_WH,4630,4446,4417,2021-04-01,None,None
INV000058,P001,Bengaluru_WH,4956,8554,7367,2021-04-01,None,None
INV000059,P001,Kolkata_WH,1133,2593,4320,2021-04-01,None,None
INV000060,P001,Hyderabad_WH,4071,393,4090,2021-04-01,None,None
INV000061,P004,Delhi_WH,4303,3407,2581,2021-04-01,None,None
INV000062,P004,Mumbai_WH,612,5315,5034,2021-04-01,None,None
INV000063,P004,Bengaluru_WH,3584,2129,2168,2021-04-01,None,None
INV000064,P004,Kolkata_WH,2319,332,1681,2021-04-01,None,None
INV000065,P004,Hyderabad_WH,524,3742,3302,2021-04-01,None,None
INV000066,P009,Delhi_WH,1489,2068,816,2021-04-01,None,None
INV000067,P009,Mumbai_WH,236,2167,5832,2021-04-01,None,None
INV000068,P009,Bengaluru_WH,2562,3100,1400,2021-04-01,None,None
INV000069,P009,Kolkata_WH,4090,4285,2130,2021-04-01,None,None
INV000070,P009,Hyderabad_WH,4040,11258,8846,2021-04-01,None,None
INV000071,P010,Delhi_WH,3052,3661,2146,2021-04-01,None,None
INV000072,P010,Mumbai_WH,1490,2414,1084,2021-04-01,None,None
INV000073,P010,Bengaluru_WH,3693,11440,8509,2021-04-01,None,None
INV000074,P010,Kolkata_WH,273,3740,5984,2021-04-01,None,None
INV000075,P010,Hyderabad_WH,1337,208,4659,2021-04-01,None,None
INV000076,P011,Delhi_WH,1266,142,5877,2021-04-01,None,None
INV000077,P011,Mumbai_WH,1449,2601,7907,2021-04-01,None,None
INV000078,P011,Bengaluru_WH,2982,5795,5690,2021-04-01,None,None
INV000079,P011,Kolkata_WH,4054,10572,7232,2021-04-01,None,None
INV000080,P011,Hyderabad_WH,2762,5207,6907,2021-04-01,None,None
INV000081,P001,Delhi_WH,3932,5483,2893,2021-05-01,None,None
INV000082,P001,Mumbai_WH,2995,5239,7438,2021-05-01,None,None
INV000083,P001,Bengaluru_WH,3294,1546,2118,2021-05-01,None,None
INV000084,P001,Kolkata_WH,2834,5698,8694,2021-05-01,None,None
INV000085,P001,Hyderabad_WH,791,4650,5779,2021-05-01,None,None
INV000086,P004,Delhi_WH,3871,60,682,2021-05-01,None,None
INV000087,P004,Mumbai_WH,4786,12035,9163,2021-05-01,None,None
INV000088,P004,Bengaluru_WH,655,2857,3008,2021-05-01,None,None
INV000089,P004,Kolkata_WH,1844,1941,2922,2021-05-01,None,None
INV000090,P004,Hyderabad_WH,3988,4358,5643,2021-05-01,None,None
INV000091,P009,Delhi_WH,3117,6982,6994,2021-05-01,None,None
INV000092,P009,Mumbai_WH,1142,7369,7045,2021-05-01,None,None
INV000093,P009,Bengaluru_WH,2293,3362,4878,2021-05-01,None,None
INV000094,P009,Kolkata_WH,929,8901,9848,2021-05-01,None,None
INV000095,P009,Hyderabad_WH,1227,69,6583,2021-05-01,None,None
INV000096,P010,Delhi_WH,1312,637,8585,2021-05-01,None,None
INV000097,P010,Mumbai_WH,1785,1330,7526,2021-05-01,None,None
INV000098,P010,Bengaluru_WH,3174,6608,9413,2021-05-01,None,None
INV000099,P010,Kolkata_WH,2084,4640,9645,2021-05-01,None,None
INV000100,P010,Hyderabad_WH,1602,3854,4053,2021-05-01,None,None
INV000101,P011,Delhi_WH,903,1904,5358,2021-05-01,None,None
INV000102,P011,Mumbai_WH,4252,12420,8314,2021-05-01,None,None
INV000103,P011,Bengaluru_WH,419,1148,2039,2021-05-01,None,None
INV000104,P011,Kolkata_WH,1373,5514,5024,2021-05-01,None,None
INV000105,P011,Hyderabad_WH,4810,1996,2059,2021-05-01,None,None
INV000106,P012,Delhi_WH,3946,5718,7871,2021-05-01,None,None
INV000107,P012,Mumbai_WH,4579,5700,3073,2021-05-01,None,None
INV000108,P012,Bengaluru_WH,524,746,5003,2021-05-01,None,None
INV000109,P012,Kolkata_WH,3742,5457,5291,2021-05-01,None,None
INV000110,P012,Hyderabad_WH,159,4680,4860,2021-05-01,None,None
INV000111,P013,Delhi_WH,112,2155,3263,2021-05-01,None,None
INV000112,P013,Mumbai_WH,1971,2751,6350,2021-05-01,None,None
INV000113,P013,Bengaluru_WH,3010,3764,8657,2021-05-01,None,None
INV000114,P013,Kolkata_WH,660,1170,1361,2021-05-01,None,None
INV000115,P013,Hyderabad_WH,3312,819,6339,2021-05-01,None,None
INV000116,P001,Delhi_WH,1073,655,1045,2021-06-01,None,None
INV000117,P001,Mumbai_WH,2754,813,9294,2021-06-01,None,None
INV000118,P001,Bengaluru_WH,4088,606,876,2021-06-01,None,None
INV000119,P001,Kolkata_WH,4601,5283,7921,2021-06-01,None,None
INV000120,P001,Hyderabad_WH,2089,444,5830,2021-06-01,None,None
INV000121,P004,Delhi_WH,1938,6197,8156,2021-06-01,None,None
INV000122,P004,Mumbai_WH,2638,1705,2507,2021-06-01,None,None
INV000123,P004,Bengaluru_WH,1346,3893,7331,2021-06-01,None,None
INV000124,P004,Kolkata_WH,2887,2609,4851,2021-06-01,None,None
INV000125,P004,Hyderabad_WH,1464,1968,797,2021-06-01,None,None
INV000126,P007,Delhi_WH,622,495,5781,2021-06-01,None,None
INV000127,P007,Mumbai_WH,3937,3745,2756,2021-06-01,None,None
INV000128,P007,Bengaluru_WH,1760,3825,4776,2021-06-01,None,None
INV000129,P007,Kolkata_WH,3992,5164,1850,2021-06-01,None,None
INV000130,P007,Hyderabad_WH,1586,737,8500,2021-06-01,None,None
INV000131,P009,Delhi_WH,4793,7835,9908,2021-06-01,None,None
INV000132,P009,Mumbai_WH,4732,2261,4507,2021-06-01,None,None
INV000133,P009,Bengaluru_WH,4121,1678,5658,2021-06-01,None,None
INV000134,P009,Kolkata_WH,2459,1233,1609,2021-06-01,None,None
INV000135,P009,Hyderabad_WH,2400,2617,1035,2021-06-01,None,None
INV000136,P010,Delhi_WH,364,2527,4456,2021-06-01,None,None
INV000137,P010,Mumbai_WH,3071,4648,6111,2021-06-01,None,None
INV000138,P010,Bengaluru_WH,464,2725,2781,2021-06-01,None,None
INV000139,P010,Kolkata_WH,2803,1962,9712,2021-06-01,None,None
INV000140,P010,Hyderabad_WH,2588,9951,8903,2021-06-01,None,None
INV000141,P011,Delhi_WH,1669,5072,8681,2021-06-01,None,None
INV000142,P011,Mumbai_WH,1142,2357,7178,2021-06-01,None,None
INV000143,P011,Bengaluru_WH,4830,13340,8858,2021-06-01,None,None
INV000144,P011,Kolkata_WH,2037,4222,3119,2021-06-01,None,None
INV000145,P011,Hyderabad_WH,1832,3788,5511,2021-06-01,None,None
INV000146,P012,Delhi_WH,1834,5637,5251,2021-06-01,None,None
INV000147,P012,Mumbai_WH,1102,4160,3682,2021-06-01,None,None
INV000148,P012,Bengaluru_WH,2414,527,8575,2021-06-01,None,None
INV000149,P012,Kolkata_WH,4649,4542,1419,2021-06-01,None,None
INV000150,P012,Hyderabad_WH,4363,4986,6164,2021-06-01,None,None
INV000151,P013,Delhi_WH,1791,1294,3843,2021-06-01,None,None
INV000152,P013,Mumbai_WH,4816,8905,4938,2021-06-01,None,None
INV000153,P013,Bengaluru_WH,1002,4661,8024,2021-06-01,None,None
INV000154,P013,Kolkata_WH,4955,12159,8392,2021-06-01,None,None
INV000155,P013,Hyderabad_WH,3895,2287,8255,2021-06-01,None,None
INV000156,P001,Delhi_WH,860,1433,1741,2021-07-01,None,None
INV000157,P001,Mumbai_WH,1982,3275,3890,2021-07-01,None,None
INV000158,P001,Bengaluru_WH,3852,8522,7915,2021-07-01,None,None
INV000159,P001,Kolkata_WH,4710,7035,4951,2021-07-01,None,None
INV000160,P001,Hyderabad_WH,2939,8808,7530,2021-07-01,None,None
INV000161,P002,Delhi_WH,3534,8081,4564,2021-07-01,None,None
INV000162,P002,Mumbai_WH,818,7983,8907,2021-07-01,None,None
INV000163,P002,Bengaluru_WH,2141,14,504,2021-07-01,None,None
INV000164,P002,Kolkata_WH,3370,1251,7298,2021-07-01,None,None
INV000165,P002,Hyderabad_WH,4309,7925,7968,2021-07-01,None,None
INV000166,P004,Delhi_WH,2182,2838,1420,2021-07-01,None,None
INV000167,P004,Mumbai_WH,1380,5497,4247,2021-07-01,None,None
INV000168,P004,Bengaluru_WH,4754,6318,2427,2021-07-01,None,None
INV000169,P004,Kolkata_WH,2038,1386,9910,2021-07-01,None,None
INV000170,P004,Hyderabad_WH,4807,6732,2676,2021-07-01,None,None
INV000171,P007,Delhi_WH,3468,4052,7996,2021-07-01,None,None
INV000172,P007,Mumbai_WH,1157,3598,3974,2021-07-01,None,None
INV000173,P007,Bengaluru_WH,3945,5922,8525,2021-07-01,None,None
INV000174,P007,Kolkata_WH,3051,1634,3549,2021-07-01,None,None
INV000175,P007,Hyderabad_WH,1540,6525,5629,2021-07-01,None,None
INV000176,P009,Delhi_WH,4624,3506,5501,2021-07-01,None,None
INV000177,P009,Mumbai_WH,520,2135,3610,2021-07-01,None,None
INV000178,P009,Bengaluru_WH,3993,727,2799,2021-07-01,None,None
INV000179,P009,Kolkata_WH,2005,4582,4081,2021-07-01,None,None
INV000180,P009,Hyderabad_WH,769,1336,9477,2021-07-01,None,None
INV000181,P010,Delhi_WH,1931,3926,7561,2021-07-01,None,None
INV000182,P010,Mumbai_WH,2945,4602,3916,2021-07-01,None,None
INV000183,P010,Bengaluru_WH,4096,3562,2676,2021-07-01,None,None
INV000184,P010,Kolkata_WH,1310,744,2239,2021-07-01,None,None
INV000185,P010,Hyderabad_WH,3257,2504,1232,2021-07-01,None,None
INV000186,P011,Delhi_WH,323,4399,6969,2021-07-01,None,None
INV000187,P011,Mumbai_WH,2677,102,4051,2021-07-01,None,None
INV000188,P011,Bengaluru_WH,4352,7276,6477,2021-07-01,None,None
INV000189,P011,Kolkata_WH,3796,5230,6056,2021-07-01,None,None
INV000190,P011,Hyderabad_WH,1608,2591,4327,2021-07-01,None,None
INV000191,P012,Delhi_WH,1914,1365,2905,2021-07-01,None,None
INV000192,P012,Mumbai_WH,1428,6590,5576,2021-07-01,None,None
INV000193,P012,Bengaluru_WH,1526,4552,7865,2021-07-01,None,None
INV000194,P012,Kolkata_WH,1176,4573,5227,2021-07-01,None,None
INV000195,P012,Hyderabad_WH,3872,6136,7502,2021-07-01,None,None
INV000196,P013,Delhi_WH,1955,2859,4484,2021-07-01,None,None
INV000197,P013,Mumbai_WH,3889,5633,4460,2021-07-01,None,None
INV000198,P013,Bengaluru_WH,3758,2532,6029,2021-07-01,None,None
INV000199,P013,Kolkata_WH,4669,3500,3501,2021-07-01,None,None
INV000200,P013,Hyderabad_WH,4026,3632,2643,2021-07-01,None,None
INV000201,P014,Delhi_WH,4035,3644,4174,2021-07-01,None,None
INV000202,P014,Mumbai_WH,4143,7159,3669,2021-07-01,None,None
INV000203,P014,Bengaluru_WH,466,3197,8728,2021-07-01,None,None
INV000204,P014,Kolkata_WH,2126,4699,6043,2021-07-01,None,None
INV000205,P014,Hyderabad_WH,4736,1800,3192,2021-07-01,None,None
INV000206,P015,Delhi_WH,2722,8265,7056,2021-07-01,None,None
INV000207,P015,Mumbai_WH,3083,5726,3776,2021-07-01,None,None
INV000208,P015,Bengaluru_WH,3505,2977,809,2021-07-01,None,None
INV000209,P015,Kolkata_WH,3995,10192,7862,2021-07-01,None,None
INV000210,P015,Hyderabad_WH,4657,11674,9729,2021-07-01,None,None
INV000211,P001,Delhi_WH,4152,1417,3226,2021-08-01,None,None
INV000212,P001,Mumbai_WH,1268,650,1496,2021-08-01,None,None
INV000213,P001,Bengaluru_WH,2043,334,8416,2021-08-01,None,None
INV000214,P001,Kolkata_WH,1000,916,1414,2021-08-01,None,None
INV000215,P001,Hyderabad_WH,4749,5904,7564,2021-08-01,None,None
INV000216,P002,Delhi_WH,2432,3865,8210,2021-08-01,None,None
INV000217,P002,Mumbai_WH,4951,691,3333,2021-08-01,None,None
INV000218,P002,Bengaluru_WH,3711,2001,3996,2021-08-01,None,None
INV000219,P002,Kolkata_WH,1039,1494,1118,2021-08-01,None,None
INV000220,P002,Hyderabad_WH,4226,2590,523,2021-08-01,None,None
INV000221,P004,Delhi_WH,426,1003,2553,2021-08-01,None,None
INV000222,P004,Mumbai_WH,1822,794,3039,2021-08-01,None,None
INV000223,P004,Bengaluru_WH,4680,2273,5780,2021-08-01,None,None
INV000224,P004,Kolkata_WH,3215,10575,8502,2021-08-01,None,None
INV000225,P004,Hyderabad_WH,2752,8334,7981,2021-08-01,None,None
INV000226,P007,Delhi_WH,4269,2148,6120,2021-08-01,None,None
INV000227,P007,Mumbai_WH,958,2974,5929,2021-08-01,None,None
INV000228,P007,Bengaluru_WH,2479,668,1452,2021-08-01,None,None
INV000229,P007,Kolkata_WH,4473,2471,2436,2021-08-01,None,None
INV000230,P007,Hyderabad_WH,3028,9691,8620,2021-08-01,None,None
INV000231,P009,Delhi_WH,866,1175,4671,2021-08-01,None,None
INV000232,P009,Mumbai_WH,4056,5112,1454,2021-08-01,None,None
INV000233,P009,Bengaluru_WH,2932,8291,9813,2021-08-01,None,None
INV000234,P009,Kolkata_WH,4126,6064,5973,2021-08-01,None,None
INV000235,P009,Hyderabad_WH,3198,10223,7969,2021-08-01,None,None
INV000236,P010,Delhi_WH,3249,555,525,2021-08-01,None,None
INV000237,P010,Mumbai_WH,4261,6442,4004,2021-08-01,None,None
INV000238,P010,Bengaluru_WH,2854,7816,5912,2021-08-01,None,None
INV000239,P010,Kolkata_WH,4781,3988,8719,2021-08-01,None,None
INV000240,P010,Hyderabad_WH,2837,7302,4484,2021-08-01,None,None
INV000241,P011,Delhi_WH,4709,6891,8311,2021-08-01,None,None
INV000242,P011,Mumbai_WH,2720,3881,9012,2021-08-01,None,None
INV000243,P011,Bengaluru_WH,4320,11731,9461,2021-08-01,None,None
INV000244,P011,Kolkata_WH,2790,139,1330,2021-08-01,None,None
INV000245,P011,Hyderabad_WH,2822,1139,8131,2021-08-01,None,None
INV000246,P012,Delhi_WH,4056,1054,7542,2021-08-01,None,None
INV000247,P012,Mumbai_WH,514,203,7111,2021-08-01,None,None
INV000248,P012,Bengaluru_WH,2345,6633,9455,2021-08-01,None,None
INV000249,P012,Kolkata_WH,703,1820,4746,2021-08-01,None,None
INV000250,P012,Hyderabad_WH,3752,5695,8393,2021-08-01,None,None
INV000251,P013,Delhi_WH,1044,1856,1781,2021-08-01,None,None
INV000252,P013,Mumbai_WH,4295,7811,5285,2021-08-01,None,None
INV000253,P013,Bengaluru_WH,1261,835,1481,2021-08-01,None,None
INV000254,P013,Kolkata_WH,2897,622,7097,2021-08-01,None,None
INV000255,P013,Hyderabad_WH,3643,6054,3016,2021-08-01,None,None
INV000256,P014,Delhi_WH,4880,11060,6571,2021-08-01,None,None
INV000257,P014,Mumbai_WH,2528,2312,6331,2021-08-01,None,None
INV000258,P014,Bengaluru_WH,1230,2584,8338,2021-08-01,None,None
INV000259,P014,Kolkata_WH,3901,7066,9404,2021-08-01,None,None
INV000260,P014,Hyderabad_WH,3361,1627,648,2021-08-01,None,None
INV000261,P015,Delhi_WH,2963,3570,7845,2021-08-01,None,None
INV000262,P015,Mumbai_WH,4901,1951,4878,2021-08-01,None,None
INV000263,P015,Bengaluru_WH,4550,6192,1645,2021-08-01,None,None
INV000264,P015,Kolkata_WH,969,9097,8287,2021-08-01,None,None
INV000265,P015,Hyderabad_WH,2230,3012,2193,2021-08-01,None,None
INV000266,P001,Delhi_WH,4570,7161,6028,2021-09-01,None,None
INV000267,P001,Mumbai_WH,4610,10003,9526,2021-09-01,None,None
INV000268,P001,Bengaluru_WH,4529,5827,2330,2021-09-01,None,None
INV000269,P001,Kolkata_WH,2343,6612,7877,2021-09-01,None,None
INV000270,P001,Hyderabad_WH,1367,1621,6900,2021-09-01,None,None
INV000271,P002,Delhi_WH,3931,7113,9282,2021-09-01,None,None
INV000272,P002,Mumbai_WH,4010,2837,9544,2021-09-01,None,None
INV000273,P002,Bengaluru_WH,3814,4167,6225,2021-09-01,None,None
INV000274,P002,Kolkata_WH,4942,3052,1947,2021-09-01,None,None
INV000275,P002,Hyderabad_WH,3402,6579,4472,2021-09-01,None,None
INV000276,P004,Delhi_WH,1404,246,6388,2021-09-01,None,None
INV000277,P004,Mumbai_WH,428,4602,4342,2021-09-01,None,None
INV000278,P004,Bengaluru_WH,148,4855,8022,2021-09-01,None,None
INV000279,P004,Kolkata_WH,3860,7546,7350,2021-09-01,None,None
INV000280,P004,Hyderabad_WH,1699,4442,3747,2021-09-01,None,None
INV000281,P005,Delhi_WH,3408,5660,2400,2021-09-01,None,None
INV000282,P005,Mumbai_WH,554,355,4382,2021-09-01,None,None
INV000283,P005,Bengaluru_WH,2882,4946,6386,2021-09-01,None,None
INV000284,P005,Kolkata_WH,1080,451,3599,2021-09-01,None,None
INV000285,P005,Hyderabad_WH,3173,8128,5085,2021-09-01,None,None
INV000286,P007,Delhi_WH,1871,4359,8566,2021-09-01,None,None
INV000287,P007,Mumbai_WH,105,1711,3842,2021-09-01,None,None
INV000288,P007,Bengaluru_WH,3789,5573,6919,2021-09-01,None,None
INV000289,P007,Kolkata_WH,489,1217,1510,2021-09-01,None,None
INV000290,P007,Hyderabad_WH,4189,3763,978,2021-09-01,None,None
INV000291,P009,Delhi_WH,547,1829,1782,2021-09-01,None,None
INV000292,P009,Mumbai_WH,2966,2322,1416,2021-09-01,None,None
INV000293,P009,Bengaluru_WH,1583,8254,9378,2021-09-01,None,None
INV000294,P009,Kolkata_WH,3724,3690,557,2021-09-01,None,None
INV000295,P009,Hyderabad_WH,2532,404,3558,2021-09-01,None,None
INV000296,P010,Delhi_WH,3421,9292,9426,2021-09-01,None,None
INV000297,P010,Mumbai_WH,4904,11578,7309,2021-09-01,None,None
INV000298,P010,Bengaluru_WH,3604,4356,2207,2021-09-01,None,None
INV000299,P010,Kolkata_WH,2663,6168,6967,2021-09-01,None,None
INV000300,P010,Hyderabad_WH,2734,10173,8483,2021-09-01,None,None
INV000301,P011,Delhi_WH,4796,4309,4223,2021-09-01,None,None
INV000302,P011,Mumbai_WH,1683,1370,6818,2021-09-01,None,None
INV000303,P011,Bengaluru_WH,2822,4717,3885,2021-09-01,None,None
INV000304,P011,Kolkata_WH,1047,3978,3915,2021-09-01,None,None
INV000305,P011,Hyderabad_WH,3517,402,807,2021-09-01,None,None
INV000306,P012,Delhi_WH,1786,6651,6218,2021-09-01,None,None
INV000307,P012,Mumbai_WH,938,1934,9019,2021-09-01,None,None
INV000308,P012,Bengaluru_WH,580,1847,3384,2021-09-01,None,None
INV000309,P012,Kolkata_WH,2878,3824,4963,2021-09-01,None,None
INV000310,P012,Hyderabad_WH,773,3444,4305,2021-09-01,None,None
INV000311,P013,Delhi_WH,4895,3595,6916,2021-09-01,None,None
INV000312,P013,Mumbai_WH,848,579,8218,2021-09-01,None,None
INV000313,P013,Bengaluru_WH,4397,10850,6694,2021-09-01,None,None
INV000314,P013,Kolkata_WH,1827,426,2360,2021-09-01,None,None
INV000315,P013,Hyderabad_WH,1396,7246,7587,2021-09-01,None,None
INV000316,P014,Delhi_WH,4355,5018,8728,2021-09-01,None,None
INV000317,P014,Mumbai_WH,2494,7475,7614,2021-09-01,None,None
INV000318,P014,Bengaluru_WH,4835,7391,9992,2021-09-01,None,None
INV000319,P014,Kolkata_WH,2797,5825,4912,2021-09-01,None,None
INV000320,P014,Hyderabad_WH,2812,5526,4034,2021-09-01,None,None
INV000321,P015,Delhi_WH,1811,4324,9821,2021-09-01,None,None
INV000322,P015,Mumbai_WH,507,7294,9922,2021-09-01,None,None
INV000323,P015,Bengaluru_WH,1170,4616,8220,2021-09-01,None,None
INV000324,P015,Kolkata_WH,3705,62,1795,2021-09-01,None,None
INV000325,P015,Hyderabad_WH,2752,2690,605,2021-09-01,None,None
INV000326,P001,Delhi_WH,4601,4289,3814,2021-10-01,None,None
INV000327,P001,Mumbai_WH,1063,5446,7468,2021-10-01,None,None
INV000328,P001,Bengaluru_WH,1582,6180,5418,2021-10-01,None,None
INV000329,P001,Kolkata_WH,256,2110,5700,2021-10-01,None,None
INV000330,P001,Hyderabad_WH,2842,2887,4166,2021-10-01,None,None
INV000331,P002,Delhi_WH,3356,5851,3038,2021-10-01,None,None
INV000332,P002,Mumbai_WH,2296,283,712,2021-10-01,None,None
INV000333,P002,Bengaluru_WH,3201,3937,8015,2021-10-01,None,None
INV000334,P002,Kolkata_WH,991,372,1405,2021-10-01,None,None
INV000335,P002,Hyderabad_WH,2164,9388,9442,2021-10-01,None,None
INV000336,P004,Delhi_WH,3042,1857,2632,2021-10-01,None,None
INV000337,P004,Mumbai_WH,3156,2785,2289,2021-10-01,None,None
INV000338,P004,Bengaluru_WH,3669,181,3121,2021-10-01,None,None
INV000339,P004,Kolkata_WH,2550,3275,3071,2021-10-01,None,None
INV000340,P004,Hyderabad_WH,1556,1483,2703,2021-10-01,None,None
INV000341,P005,Delhi_WH,1870,709,6020,2021-10-01,None,None
INV000342,P005,Mumbai_WH,1326,994,8172,2021-10-01,None,None
INV000343,P005,Bengaluru_WH,1060,1550,9905,2021-10-01,None,None
INV000344,P005,Kolkata_WH,2517,352,7573,2021-10-01,None,None
INV000345,P005,Hyderabad_WH,241,1148,1006,2021-10-01,None,None
INV000346,P007,Delhi_WH,343,9348,9041,2021-10-01,None,None
INV000347,P007,Mumbai_WH,2736,5418,4344,2021-10-01,None,None
INV000348,P007,Bengaluru_WH,2962,4564,7630,2021-10-01,None,None
INV000349,P007,Kolkata_WH,2952,6035,5462,2021-10-01,None,None
INV000350,P007,Hyderabad_WH,1817,8561,7523,2021-10-01,None,None
INV000351,P009,Delhi_WH,4549,737,1390,2021-10-01,None,None
INV000352,P009,Mumbai_WH,4936,1178,3145,2021-10-01,None,None
INV000353,P009,Bengaluru_WH,3692,2379,5395,2021-10-01,None,None
INV000354,P009,Kolkata_WH,3377,9009,6637,2021-10-01,None,None
INV000355,P009,Hyderabad_WH,1868,1333,7049,2021-10-01,None,None
INV000356,P010,Delhi_WH,2948,1241,6160,2021-10-01,None,None
INV000357,P010,Mumbai_WH,2650,6314,9501,2021-10-01,None,None
INV000358,P010,Bengaluru_WH,1386,2928,5167,2021-10-01,None,None
INV000359,P010,Kolkata_WH,445,1470,1504,2021-10-01,None,None
INV000360,P010,Hyderabad_WH,599,921,4440,2021-10-01,None,None
INV000361,P011,Delhi_WH,3506,3689,6480,2021-10-01,None,None
INV000362,P011,Mumbai_WH,2029,302,1261,2021-10-01,None,None
INV000363,P011,Bengaluru_WH,991,2849,5886,2021-10-01,None,None
INV000364,P011,Kolkata_WH,443,4502,4858,2021-10-01,None,None
INV000365,P011,Hyderabad_WH,3798,10704,8380,2021-10-01,None,None
INV000366,P012,Delhi_WH,190,3849,5579,2021-10-01,None,None
INV000367,P012,Mumbai_WH,385,2446,7337,2021-10-01,None,None
INV000368,P012,Bengaluru_WH,128,820,6525,2021-10-01,None,None
INV000369,P012,Kolkata_WH,2779,7689,6779,2021-10-01,None,None
INV000370,P012,Hyderabad_WH,4839,9035,5495,2021-10-01,None,None
INV000371,P013,Delhi_WH,2887,4713,5982,2021-10-01,None,None
INV000372,P013,Mumbai_WH,4419,11,5946,2021-10-01,None,None
INV000373,P013,Bengaluru_WH,618,6897,7265,2021-10-01,None,None
INV000374,P013,Kolkata_WH,2406,1134,8733,2021-10-01,None,None
INV000375,P013,Hyderabad_WH,2256,402,1977,2021-10-01,None,None
INV000376,P014,Delhi_WH,4136,3395,6179,2021-10-01,None,None
INV000377,P014,Mumbai_WH,618,2075,3305,2021-10-01,None,None
INV000378,P014,Bengaluru_WH,2154,1206,1156,2021-10-01,None,None
INV000379,P014,Kolkata_WH,1508,1098,1501,2021-10-01,None,None
INV000380,P014,Hyderabad_WH,2003,2526,8135,2021-10-01,None,None
INV000381,P015,Delhi_WH,1469,1377,9677,2021-10-01,None,None
INV000382,P015,Mumbai_WH,524,5660,8572,2021-10-01,None,None
INV000383,P015,Bengaluru_WH,1707,6386,6971,2021-10-01,None,None
INV000384,P015,Kolkata_WH,3571,4859,1944,2021-10-01,None,None
INV000385,P015,Hyderabad_WH,3264,1922,4276,2021-10-01,None,None
INV000386,P017,Delhi_WH,3188,9174,9834,2021-10-01,None,None
INV000387,P017,Mumbai_WH,2499,408,1286,2021-10-01,None,None
INV000388,P017,Bengaluru_WH,4759,10017,5359,2021-10-01,None,None
INV000389,P017,Kolkata_WH,357,1392,6363,2021-10-01,None,None
INV000390,P017,Hyderabad_WH,3334,846,1612,2021-10-01,None,None
INV000391,P001,Delhi_WH,3480,8598,6215,2021-11-01,None,None
INV000392,P001,Mumbai_WH,695,2138,4744,2021-11-01,None,None
INV000393,P001,Bengaluru_WH,3619,1552,967,2021-11-01,None,None
INV000394,P001,Kolkata_WH,196,2045,3414,2021-11-01,None,None
INV000395,P001,Hyderabad_WH,2096,1540,587,2021-11-01,None,None
INV000396,P002,Delhi_WH,721,510,2245,2021-11-01,None,None
INV000397,P002,Mumbai_WH,590,626,1213,2021-11-01,None,None
INV000398,P002,Bengaluru_WH,678,2836,7035,2021-11-01,None,None
INV000399,P002,Kolkata_WH,117,3931,8875,2021-11-01,None,None
INV000400,P002,Hyderabad_WH,699,4601,5688,2021-11-01,None,None
INV000401,P004,Delhi_WH,3961,9482,9554,2021-11-01,None,None
INV000402,P004,Mumbai_WH,2841,11241,9311,2021-11-01,None,None
INV000403,P004,Bengaluru_WH,681,7025,7805,2021-11-01,None,None
INV000404,P004,Kolkata_WH,3438,871,6294,2021-11-01,None,None
INV000405,P004,Hyderabad_WH,2712,1697,5809,2021-11-01,None,None
INV000406,P005,Delhi_WH,2441,4591,3057,2021-11-01,None,None
INV000407,P005,Mumbai_WH,4977,3218,6312,2021-11-01,None,None
INV000408,P005,Bengaluru_WH,965,1792,1864,2021-11-01,None,None
INV000409,P005,Kolkata_WH,3609,2246,937,2021-11-01,None,None
INV000410,P005,Hyderabad_WH,2498,468,1061,2021-11-01,None,None
INV000411,P007,Delhi_WH,3826,4278,7819,2021-11-01,None,None
INV000412,P007,Mumbai_WH,3420,9926,9750,2021-11-01,None,None
INV000413,P007,Bengaluru_WH,4526,3041,4967,2021-11-01,None,None
INV000414,P007,Kolkata_WH,2234,3132,4104,2021-11-01,None,None
INV000415,P007,Hyderabad_WH,654,471,3661,2021-11-01,None,None
INV000416,P009,Delhi_WH,2748,7110,4650,2021-11-01,None,None
INV000417,P009,Mumbai_WH,3587,9463,8577,2021-11-01,None,None
INV000418,P009,Bengaluru_WH,2218,828,9905,2021-11-01,None,None
INV000419,P009,Kolkata_WH,2533,4706,7674,2021-11-01,None,None
INV000420,P009,Hyderabad_WH,1534,3573,8750,2021-11-01,None,None
INV000421,P010,Delhi_WH,3852,46,2277,2021-11-01,None,None
INV000422,P010,Mumbai_WH,4601,2849,822,2021-11-01,None,None
INV000423,P010,Bengaluru_WH,4101,2094,1620,2021-11-01,None,None
INV000424,P010,Kolkata_WH,3382,2476,3312,2021-11-01,None,None
INV000425,P010,Hyderabad_WH,2312,6836,5089,2021-11-01,None,None
INV000426,P011,Delhi_WH,4647,2281,4223,2021-11-01,None,None
INV000427,P011,Mumbai_WH,1708,1827,3609,2021-11-01,None,None
INV000428,P011,Bengaluru_WH,3755,7711,4158,2021-11-01,None,None
INV000429,P011,Kolkata_WH,1871,3893,8161,2021-11-01,None,None
INV000430,P011,Hyderabad_WH,403,3377,9388,2021-11-01,None,None
INV000431,P012,Delhi_WH,4225,7833,8493,2021-11-01,None,None
INV000432,P012,Mumbai_WH,1705,484,2648,2021-11-01,None,None
INV000433,P012,Bengaluru_WH,2739,3346,6893,2021-11-01,None,None
INV000434,P012,Kolkata_WH,3097,7931,9061,2021-11-01,None,None
INV000435,P012,Hyderabad_WH,2381,4810,9517,2021-11-01,None,None
INV000436,P013,Delhi_WH,900,1473,2932,2021-11-01,None,None
INV000437,P013,Mumbai_WH,1670,7775,6549,2021-11-01,None,None
INV000438,P013,Bengaluru_WH,4424,5043,6045,2021-11-01,None,None
INV000439,P013,Kolkata_WH,1701,5983,4505,2021-11-01,None,None
INV000440,P013,Hyderabad_WH,3705,2064,3546,2021-11-01,None,None
INV000441,P014,Delhi_WH,1850,3014,7405,2021-11-01,None,None
INV000442,P014,Mumbai_WH,3022,11289,9379,2021-11-01,None,None
INV000443,P014,Bengaluru_WH,4487,3986,884,2021-11-01,None,None
INV000444,P014,Kolkata_WH,2474,2001,886,2021-11-01,None,None
INV000445,P014,Hyderabad_WH,1989,3909,6246,2021-11-01,None,None
INV000446,P015,Delhi_WH,3308,7418,8563,2021-11-01,None,None
INV000447,P015,Mumbai_WH,4651,71,5249,2021-11-01,None,None
INV000448,P015,Bengaluru_WH,1589,5237,9557,2021-11-01,None,None
INV000449,P015,Kolkata_WH,2328,1730,6793,2021-11-01,None,None
INV000450,P015,Hyderabad_WH,1896,5542,6678,2021-11-01,None,None
INV000451,P017,Delhi_WH,2340,8530,8178,2021-11-01,None,None
INV000452,P017,Mumbai_WH,1083,2887,2819,2021-11-01,None,None
INV000453,P017,Bengaluru_WH,1737,3797,9117,2021-11-01,None,None
INV000454,P017,Kolkata_WH,2988,10639,8085,2021-11-01,None,None
INV000455,P017,Hyderabad_WH,2974,4982,2583,2021-11-01,None,None
INV000456,P001,Delhi_WH,2344,7585,9339,2021-12-01,None,None
INV000457,P001,Mumbai_WH,3361,8003,7268,2021-12-01,None,None
INV000458,P001,Bengaluru_WH,1107,5045,6034,2021-12-01,None,None
INV000459,P001,Kolkata_WH,973,1949,4098,2021-12-01,None,None
INV000460,P001,Hyderabad_WH,4833,8163,8397,2021-12-01,None,None
INV000461,P002,Delhi_WH,4025,1860,1909,2021-12-01,None,None
INV000462,P002,Mumbai_WH,1257,3028,2082,2021-12-01,None,None
INV000463,P002,Bengaluru_WH,2269,8380,6543,2021-12-01,None,None
INV000464,P002,Kolkata_WH,4357,5073,7581,2021-12-01,None,None
INV000465,P002,Hyderabad_WH,742,1183,2967,2021-12-01,None,None
INV000466,P004,Delhi_WH,874,936,1176,2021-12-01,None,None
INV000467,P004,Mumbai_WH,607,5549,7788,2021-12-01,None,None
INV000468,P004,Bengaluru_WH,132,5190,6889,2021-12-01,None,None
INV000469,P004,Kolkata_WH,4026,96,1611,2021-12-01,None,None
INV000470,P004,Hyderabad_WH,3865,4754,8971,2021-12-01,None,None
INV000471,P005,Delhi_WH,2028,518,4684,2021-12-01,None,None
INV000472,P005,Mumbai_WH,271,4127,7342,2021-12-01,None,None
INV000473,P005,Bengaluru_WH,4841,9817,8007,2021-12-01,None,None
INV000474,P005,Kolkata_WH,2563,3774,7032,2021-12-01,None,None
INV000475,P005,Hyderabad_WH,395,1110,1104,2021-12-01,None,None
INV000476,P007,Delhi_WH,1643,2957,5410,2021-12-01,None,None
INV000477,P007,Mumbai_WH,156,475,1703,2021-12-01,None,None
INV000478,P007,Bengaluru_WH,4101,3521,5625,2021-12-01,None,None
INV000479,P007,Kolkata_WH,394,1020,859,2021-12-01,None,None
INV000480,P007,Hyderabad_WH,2726,7674,7645,2021-12-01,None,None
INV000481,P008,Delhi_WH,947,4459,8495,2021-12-01,None,None
INV000482,P008,Mumbai_WH,3344,1844,1827,2021-12-01,None,None
INV000483,P008,Bengaluru_WH,1158,4423,8514,2021-12-01,None,None
INV000484,P008,Kolkata_WH,3480,828,4655,2021-12-01,None,None
INV000485,P008,Hyderabad_WH,1974,4862,7290,2021-12-01,None,None
INV000486,P009,Delhi_WH,1075,3766,7743,2021-12-01,None,None
INV000487,P009,Mumbai_WH,3618,1270,2713,2021-12-01,None,None
INV000488,P009,Bengaluru_WH,4298,4507,5299,2021-12-01,None,None
INV000489,P009,Kolkata_WH,4179,5590,7053,2021-12-01,None,None
INV000490,P009,Hyderabad_WH,3655,3600,2538,2021-12-01,None,None
INV000491,P010,Delhi_WH,4888,5541,9237,2021-12-01,None,None
INV000492,P010,Mumbai_WH,2076,3582,4249,2021-12-01,None,None
INV000493,P010,Bengaluru_WH,595,908,582,2021-12-01,None,None
INV000494,P010,Kolkata_WH,1804,4553,8805,2021-12-01,None,None
INV000495,P010,Hyderabad_WH,3894,2958,1961,2021-12-01,None,None
INV000496,P011,Delhi_WH,489,8372,8949,2021-12-01,None,None
INV000497,P011,Mumbai_WH,4066,7119,5388,2021-12-01,None,None
INV000498,P011,Bengaluru_WH,4684,10746,6239,2021-12-01,None,None
INV000499,P011,Kolkata_WH,2314,2437,566,2021-12-01,None,None
INV000500,P011,Hyderabad_WH,448,7997,9013,2021-12-01,None,None
INV000501,P012,Delhi_WH,4564,1543,6614,2021-12-01,None,None
INV000502,P012,Mumbai_WH,2231,2092,2151,2021-12-01,None,None
INV000503,P012,Bengaluru_WH,2160,1337,1177,2021-12-01,None,None
INV000504,P012,Kolkata_WH,2649,1416,1425,2021-12-01,None,None
INV000505,P012,Hyderabad_WH,2271,2172,2480,2021-12-01,None,None
INV000506,P013,Delhi_WH,4562,4833,8967,2021-12-01,None,None
INV000507,P013,Mumbai_WH,4035,2688,2280,2021-12-01,None,None
INV000508,P013,Bengaluru_WH,2492,7026,7607,2021-12-01,None,None
INV000509,P013,Kolkata_WH,2664,1325,2023,2021-12-01,None,None
INV000510,P013,Hyderabad_WH,2776,2244,3936,2021-12-01,None,None
INV000511,P014,Delhi_WH,2045,6273,6191,2021-12-01,None,None
INV000512,P014,Mumbai_WH,2633,3745,3353,2021-12-01,None,None
INV000513,P014,Bengaluru_WH,1481,2169,2319,2021-12-01,None,None
INV000514,P014,Kolkata_WH,3918,1658,5222,2021-12-01,None,None
INV000515,P014,Hyderabad_WH,460,4655,4916,2021-12-01,None,None
INV000516,P015,Delhi_WH,584,896,1343,2021-12-01,None,None
INV000517,P015,Mumbai_WH,4351,13306,9953,2021-12-01,None,None
INV000518,P015,Bengaluru_WH,4418,673,2127,2021-12-01,None,None
INV000519,P015,Kolkata_WH,921,520,2727,2021-12-01,None,None
INV000520,P015,Hyderabad_WH,1668,474,5000,2021-12-01,None,None
INV000521,P017,Delhi_WH,3895,4002,7262,2021-12-01,None,None
INV000522,P017,Mumbai_WH,1769,2853,4660,2021-12-01,None,None
INV000523,P017,Bengaluru_WH,1443,5149,5002,2021-12-01,None,None
INV000524,P017,Kolkata_WH,2199,6245,9504,2021-12-01,None,None
INV000525,P017,Hyderabad_WH,851,2979,5150,2021-12-01,None,None
INV000526,P001,Delhi_WH,522,4908,6258,2022-01-01,None,None
INV000527,P001,Mumbai_WH,2257,2263,2029,2022-01-01,None,None
INV000528,P001,Bengaluru_WH,3397,516,1618,2022-01-01,None,None
INV000529,P001,Kolkata_WH,3712,4512,2917,2022-01-01,None,None
INV000530,P001,Hyderabad_WH,4414,648,1559,2022-01-01,None,None
INV000531,P002,Delhi_WH,989,1553,800,2022-01-01,None,None
INV000532,P002,Mumbai_WH,4525,8275,4084,2022-01-01,None,None
INV000533,P002,Bengaluru_WH,3959,3205,580,2022-01-01,None,None
INV000534,P002,Kolkata_WH,600,5866,6965,2022-01-01,None,None
INV000535,P002,Hyderabad_WH,1543,2533,7754,2022-01-01,None,None
INV000536,P004,Delhi_WH,396,3174,7432,2022-01-01,None,None
INV000537,P004,Mumbai_WH,1061,4549,3513,2022-01-01,None,None
INV000538,P004,Bengaluru_WH,4723,4009,8708,2022-01-01,None,None
INV000539,P004,Kolkata_WH,4838,6542,3566,2022-01-01,None,None
INV000540,P004,Hyderabad_WH,4696,4359,9025,2022-01-01,None,None
INV000541,P005,Delhi_WH,1583,9250,8586,2022-01-01,None,None
INV000542,P005,Mumbai_WH,1982,7197,5578,2022-01-01,None,None
INV000543,P005,Bengaluru_WH,864,3292,9319,2022-01-01,None,None
INV000544,P005,Kolkata_WH,755,5452,8794,2022-01-01,None,None
INV000545,P005,Hyderabad_WH,3624,6371,2915,2022-01-01,None,None
INV000546,P007,Delhi_WH,3203,5332,3693,2022-01-01,None,None
INV000547,P007,Mumbai_WH,994,9248,8508,2022-01-01,None,None
INV000548,P007,Bengaluru_WH,3319,6097,3580,2022-01-01,None,None
INV000549,P007,Kolkata_WH,4822,2753,1666,2022-01-01,None,None
INV000550,P007,Hyderabad_WH,2294,3119,5255,2022-01-01,None,None
INV000551,P008,Delhi_WH,970,2342,9685,2022-01-01,None,None
INV000552,P008,Mumbai_WH,931,3217,4826,2022-01-01,None,None
INV000553,P008,Bengaluru_WH,245,144,1825,2022-01-01,None,None
INV000554,P008,Kolkata_WH,309,2460,2251,2022-01-01,None,None
INV000555,P008,Hyderabad_WH,2460,7746,8560,2022-01-01,None,None
INV000556,P009,Delhi_WH,1251,7856,8294,2022-01-01,None,None
INV000557,P009,Mumbai_WH,384,2417,5467,2022-01-01,None,None
INV000558,P009,Bengaluru_WH,1873,1354,7673,2022-01-01,None,None
INV000559,P009,Kolkata_WH,4925,1113,4568,2022-01-01,None,None
INV000560,P009,Hyderabad_WH,2960,4790,6332,2022-01-01,None,None
INV000561,P010,Delhi_WH,1558,1936,5375,2022-01-01,None,None
INV000562,P010,Mumbai_WH,1620,1074,3626,2022-01-01,None,None
INV000563,P010,Bengaluru_WH,582,599,509,2022-01-01,None,None
INV000564,P010,Kolkata_WH,4975,8362,9735,2022-01-01,None,None
INV000565,P010,Hyderabad_WH,728,4251,8991,2022-01-01,None,None
INV000566,P011,Delhi_WH,4236,2428,2657,2022-01-01,None,None
INV000567,P011,Mumbai_WH,3600,1355,3500,2022-01-01,None,None
INV000568,P011,Bengaluru_WH,2571,434,6751,2022-01-01,None,None
INV000569,P011,Kolkata_WH,3311,1843,3215,2022-01-01,None,None
INV000570,P011,Hyderabad_WH,2180,1633,6048,2022-01-01,None,None
INV000571,P012,Delhi_WH,156,1557,3611,2022-01-01,None,None
INV000572,P012,Mumbai_WH,1803,2286,3790,2022-01-01,None,None
INV000573,P012,Bengaluru_WH,4673,10081,9635,2022-01-01,None,None
INV000574,P012,Kolkata_WH,1336,13,2444,2022-01-01,None,None
INV000575,P012,Hyderabad_WH,104,3494,4252,2022-01-01,None,None
INV000576,P013,Delhi_WH,1939,8292,6605,2022-01-01,None,None
INV000577,P013,Mumbai_WH,2934,8755,6886,2022-01-01,None,None
INV000578,P013,Bengaluru_WH,4208,10711,7408,2022-01-01,None,None
INV000579,P013,Kolkata_WH,2880,1414,3869,2022-01-01,None,None
INV000580,P013,Hyderabad_WH,3032,7295,7042,2022-01-01,None,None
INV000581,P014,Delhi_WH,377,6460,8049,2022-01-01,None,None
INV000582,P014,Mumbai_WH,995,1331,3470,2022-01-01,None,None
INV000583,P014,Bengaluru_WH,2160,2185,5061,2022-01-01,None,None
INV000584,P014,Kolkata_WH,3998,4563,9857,2022-01-01,None,None
INV000585,P014,Hyderabad_WH,2285,3276,1980,2022-01-01,None,None
INV000586,P015,Delhi_WH,2288,6829,5088,2022-01-01,None,None
INV000587,P015,Mumbai_WH,3464,3807,2215,2022-01-01,None,None
INV000588,P015,Bengaluru_WH,2942,2998,8311,2022-01-01,None,None
INV000589,P015,Kolkata_WH,3230,2742,2268,2022-01-01,None,None
INV000590,P015,Hyderabad_WH,2032,1782,9122,2022-01-01,None,None
INV000591,P017,Delhi_WH,3071,10506,9815,2022-01-01,None,None
INV000592,P017,Mumbai_WH,4611,1482,9325,2022-01-01,None,None
INV000593,P017,Bengaluru_WH,580,6951,9805,2022-01-01,None,None
INV000594,P017,Kolkata_WH,1937,789,1862,2022-01-01,None,None
INV000595,P017,Hyderabad_WH,4087,3555,4354,2022-01-01,None,None
INV000596,P001,Delhi_WH,12,6,70,2022-02-01,Supply Chain Delay,Global chip shortage causing laptop inventory drops
INV000597,P001,Mumbai_WH,34,5,78,2022-02-01,Supply Chain Delay,Global chip shortage causing laptop inventory drops
INV000598,P001,Bengaluru_WH,39,6,78,2022-02-01,Supply Chain Delay,Global chip shortage causing laptop inventory drops
INV000599,P001,Kolkata_WH,31,7,44,2022-02-01,Supply Chain Delay,Global chip shortage causing laptop inventory drops
INV000600,P001,Hyderabad_WH,36,7,12,2022-02-01,Supply Chain Delay,Global chip shortage causing laptop inventory drops
INV000601,P002,Delhi_WH,40,7,84,2022-02-01,Supply Chain Delay,Global chip shortage causing laptop inventory drops
INV000602,P002,Mumbai_WH,27,0,37,2022-02-01,Supply Chain Delay,Global chip shortage causing laptop inventory drops
INV000603,P002,Bengaluru_WH,9,4,61,2022-02-01,Supply Chain Delay,Global chip shortage causing laptop inventory drops
INV000604,P002,Kolkata_WH,19,5,61,2022-02-01,Supply Chain Delay,Global chip shortage causing laptop inventory drops
INV000605,P002,Hyderabad_WH,44,2,78,2022-02-01,Supply Chain Delay,Global chip shortage causing laptop inventory drops
INV000606,P004,Delhi_WH,3472,2105,7441,2022-02-01,None,None
INV000607,P004,Mumbai_WH,1774,3977,8631,2022-02-01,None,None
INV000608,P004,Bengaluru_WH,1875,525,2105,2022-02-01,None,None
INV000609,P004,Kolkata_WH,2895,137,6618,2022-02-01,None,None
INV000610,P004,Hyderabad_WH,2189,5735,8011,2022-02-01,None,None
INV000611,P005,Delhi_WH,1555,3422,3578,2022-02-01,None,None
INV000612,P005,Mumbai_WH,621,5354,6209,2022-02-01,None,None
INV000613,P005,Bengaluru_WH,3241,5526,2370,2022-02-01,None,None
INV000614,P005,Kolkata_WH,216,668,4352,2022-02-01,None,None
INV000615,P005,Hyderabad_WH,1879,5844,4749,2022-02-01,None,None
INV000616,P007,Delhi_WH,556,1267,894,2022-02-01,None,None
INV000617,P007,Mumbai_WH,2927,6244,4600,2022-02-01,None,None
INV000618,P007,Bengaluru_WH,366,297,8642,2022-02-01,None,None
INV000619,P007,Kolkata_WH,4854,10989,9688,2022-02-01,None,None
INV000620,P007,Hyderabad_WH,3285,10463,9014,2022-02-01,None,None
INV000621,P008,Delhi_WH,4404,5849,3572,2022-02-01,None,None
INV000622,P008,Mumbai_WH,3299,8192,6378,2022-02-01,None,None
INV000623,P008,Bengaluru_WH,355,6204,7768,2022-02-01,None,None
INV000624,P008,Kolkata_WH,2964,195,8664,2022-02-01,None,None
INV000625,P008,Hyderabad_WH,3479,5755,4766,2022-02-01,None,None
INV000626,P009,Delhi_WH,2018,180,9467,2022-02-01,None,None
INV000627,P009,Mumbai_WH,1363,5128,7136,2022-02-01,None,None
INV000628,P009,Bengaluru_WH,887,2668,3345,2022-02-01,None,None
INV000629,P009,Kolkata_WH,2476,2938,905,2022-02-01,None,None
INV000630,P009,Hyderabad_WH,2461,5466,5654,2022-02-01,None,None
INV000631,P010,Delhi_WH,2295,8541,8387,2022-02-01,None,None
INV000632,P010,Mumbai_WH,1008,3343,4741,2022-02-01,None,None
INV000633,P010,Bengaluru_WH,4109,4350,6531,2022-02-01,None,None
INV000634,P010,Kolkata_WH,1214,2613,6238,2022-02-01,None,None
INV000635,P010,Hyderabad_WH,4034,9495,5554,2022-02-01,None,None
INV000636,P011,Delhi_WH,4256,1465,8646,2022-02-01,None,None
INV000637,P011,Mumbai_WH,4400,285,1444,2022-02-01,None,None
INV000638,P011,Bengaluru_WH,3806,3962,3736,2022-02-01,None,None
INV000639,P011,Kolkata_WH,4521,11054,8581,2022-02-01,None,None
INV000640,P011,Hyderabad_WH,2749,7816,9994,2022-02-01,None,None
INV000641,P012,Delhi_WH,424,2498,3659,2022-02-01,None,None
INV000642,P012,Mumbai_WH,459,3200,3692,2022-02-01,None,None
INV000643,P012,Bengaluru_WH,835,5133,9739,2022-02-01,None,None
INV000644,P012,Kolkata_WH,1583,2309,2445,2022-02-01,None,None
INV000645,P012,Hyderabad_WH,233,132,7718,2022-02-01,None,None
INV000646,P013,Delhi_WH,2269,6411,4610,2022-02-01,None,None
INV000647,P013,Mumbai_WH,3534,3252,8188,2022-02-01,None,None
INV000648,P013,Bengaluru_WH,2908,918,5259,2022-02-01,None,None
INV000649,P013,Kolkata_WH,2995,2841,7463,2022-02-01,None,None
INV000650,P013,Hyderabad_WH,434,7000,7819,2022-02-01,None,None
INV000651,P014,Delhi_WH,859,7418,6690,2022-02-01,None,None
INV000652,P014,Mumbai_WH,3347,865,5526,2022-02-01,None,None
INV000653,P014,Bengaluru_WH,2550,5713,6136,2022-02-01,None,None
INV000654,P014,Kolkata_WH,3403,4752,5864,2022-02-01,None,None
INV000655,P014,Hyderabad_WH,1122,4320,7617,2022-02-01,None,None
INV000656,P015,Delhi_WH,675,3531,7877,2022-02-01,None,None
INV000657,P015,Mumbai_WH,2868,152,7566,2022-02-01,None,None
INV000658,P015,Bengaluru_WH,2925,1757,7914,2022-02-01,None,None
INV000659,P015,Kolkata_WH,1760,1973,782,2022-02-01,None,None
INV000660,P015,Hyderabad_WH,4722,9228,4932,2022-02-01,None,None
INV000661,P016,Delhi_WH,4572,3794,5871,2022-02-01,None,None
INV000662,P016,Mumbai_WH,4138,11692,9451,2022-02-01,None,None
INV000663,P016,Bengaluru_WH,685,7336,7794,2022-02-01,None,None
INV000664,P016,Kolkata_WH,3652,4063,6141,2022-02-01,None,None
INV000665,P016,Hyderabad_WH,4452,4158,4445,2022-02-01,None,None
INV000666,P017,Delhi_WH,1211,3968,6829,2022-02-01,None,None
INV000667,P017,Mumbai_WH,411,8475,8392,2022-02-01,None,None
INV000668,P017,Bengaluru_WH,3687,560,4321,2022-02-01,None,None
INV000669,P017,Kolkata_WH,4365,6053,4163,2022-02-01,None,None
INV000670,P017,Hyderabad_WH,2117,502,1363,2022-02-01,None,None
INV000671,P001,Delhi_WH,3328,12433,9478,2022-03-01,None,None
INV000672,P001,Mumbai_WH,1695,3573,4738,2022-03-01,None,None
INV000673,P001,Bengaluru_WH,2327,236,4415,2022-03-01,None,None
INV000674,P001,Kolkata_WH,4001,4347,2269,2022-03-01,None,None
INV000675,P001,Hyderabad_WH,4039,3195,7161,2022-03-01,None,None
INV000676,P002,Delhi_WH,4156,4105,2652,2022-03-01,None,None
INV000677,P002,Mumbai_WH,3288,4101,1281,2022-03-01,None,None
INV000678,P002,Bengaluru_WH,3869,3891,5134,2022-03-01,None,None
INV000679,P002,Kolkata_WH,4753,5798,3084,2022-03-01,None,None
INV000680,P002,Hyderabad_WH,868,4440,7732,2022-03-01,None,None
INV000681,P004,Delhi_WH,4847,814,647,2022-03-01,None,None
INV000682,P004,Mumbai_WH,2435,7028,5839,2022-03-01,None,None
INV000683,P004,Bengaluru_WH,3912,5276,5248,2022-03-01,None,None
INV000684,P004,Kolkata_WH,2696,2162,1093,2022-03-01,None,None
INV000685,P004,Hyderabad_WH,854,4569,5617,2022-03-01,None,None
INV000686,P005,Delhi_WH,332,5990,5992,2022-03-01,None,None
INV000687,P005,Mumbai_WH,2277,163,1608,2022-03-01,None,None
INV000688,P005,Bengaluru_WH,1907,4860,8970,2022-03-01,None,None
INV000689,P005,Kolkata_WH,501,8043,7750,2022-03-01,None,None
INV000690,P005,Hyderabad_WH,2082,1548,4930,2022-03-01,None,None
INV000691,P007,Delhi_WH,3275,1865,6139,2022-03-01,None,None
INV000692,P007,Mumbai_WH,106,1158,1668,2022-03-01,None,None
INV000693,P007,Bengaluru_WH,901,1200,8049,2022-03-01,None,None
INV000694,P007,Kolkata_WH,4206,4255,3545,2022-03-01,None,None
INV000695,P007,Hyderabad_WH,1241,5527,7586,2022-03-01,None,None
INV000696,P008,Delhi_WH,723,2110,6677,2022-03-01,None,None
INV000697,P008,Mumbai_WH,3446,7061,4688,2022-03-01,None,None
INV000698,P008,Bengaluru_WH,3374,1702,3733,2022-03-01,None,None
INV000699,P008,Kolkata_WH,927,665,767,2022-03-01,None,None
INV000700,P008,Hyderabad_WH,4672,1149,6996,2022-03-01,None,None
INV000701,P009,Delhi_WH,4296,609,5660,2022-03-01,None,None
INV000702,P009,Mumbai_WH,235,3675,9507,2022-03-01,None,None
INV000703,P009,Bengaluru_WH,197,6505,6770,2022-03-01,None,None
INV000704,P009,Kolkata_WH,1359,1453,1269,2022-03-01,None,None
INV000705,P009,Hyderabad_WH,1247,4706,5477,2022-03-01,None,None
INV000706,P010,Delhi_WH,1051,794,1091,2022-03-01,None,None
INV000707,P010,Mumbai_WH,3280,10030,7756,2022-03-01,None,None
INV000708,P010,Bengaluru_WH,1231,5826,6938,2022-03-01,None,None
INV000709,P010,Kolkata_WH,4115,3631,4772,2022-03-01,None,None
INV000710,P010,Hyderabad_WH,3612,10566,7219,2022-03-01,None,None
INV000711,P011,Delhi_WH,3730,7542,7123,2022-03-01,None,None
INV000712,P011,Mumbai_WH,817,618,4074,2022-03-01,None,None
INV000713,P011,Bengaluru_WH,3498,1306,822,2022-03-01,None,None
INV000714,P011,Kolkata_WH,4189,2087,7060,2022-03-01,None,None
INV000715,P011,Hyderabad_WH,332,3530,6273,2022-03-01,None,None
INV000716,P012,Delhi_WH,2497,12145,9982,2022-03-01,None,None
INV000717,P012,Mumbai_WH,2697,3092,3451,2022-03-01,None,None
INV000718,P012,Bengaluru_WH,3093,10170,9968,2022-03-01,None,None
INV000719,P012,Kolkata_WH,4494,2485,9544,2022-03-01,None,None
INV000720,P012,Hyderabad_WH,3195,1718,6474,2022-03-01,None,None
INV000721,P013,Delhi_WH,1347,2199,2536,2022-03-01,None,None
INV000722,P013,Mumbai_WH,4706,138,2436,2022-03-01,None,None
INV000723,P013,Bengaluru_WH,2153,4036,9693,2022-03-01,None,None
INV000724,P013,Kolkata_WH,186,660,8744,2022-03-01,None,None
INV000725,P013,Hyderabad_WH,4285,8228,8600,2022-03-01,None,None
INV000726,P014,Delhi_WH,3711,8510,7959,2022-03-01,None,None
INV000727,P014,Mumbai_WH,809,2117,1409,2022-03-01,None,None
INV000728,P014,Bengaluru_WH,2934,10242,8793,2022-03-01,None,None
INV000729,P014,Kolkata_WH,4349,7812,7761,2022-03-01,None,None
INV000730,P014,Hyderabad_WH,342,2184,3647,2022-03-01,None,None
INV000731,P015,Delhi_WH,4059,5762,3136,2022-03-01,None,None
INV000732,P015,Mumbai_WH,2498,413,6490,2022-03-01,None,None
INV000733,P015,Bengaluru_WH,4353,3512,1299,2022-03-01,None,None
INV000734,P015,Kolkata_WH,2375,1639,2210,2022-03-01,None,None
INV000735,P015,Hyderabad_WH,624,9865,9730,2022-03-01,None,None
INV000736,P016,Delhi_WH,3016,5571,8443,2022-03-01,None,None
INV000737,P016,Mumbai_WH,129,924,8980,2022-03-01,None,None
INV000738,P016,Bengaluru_WH,3903,6295,3751,2022-03-01,None,None
INV000739,P016,Kolkata_WH,1903,2242,960,2022-03-01,None,None
INV000740,P016,Hyderabad_WH,4651,3892,2059,2022-03-01,None,None
INV000741,P017,Delhi_WH,2131,2677,6610,2022-03-01,None,None
INV000742,P017,Mumbai_WH,4428,3721,5954,2022-03-01,None,None
INV000743,P017,Bengaluru_WH,2085,2734,6533,2022-03-01,None,None
INV000744,P017,Kolkata_WH,3293,1188,2465,2022-03-01,None,None
INV000745,P017,Hyderabad_WH,293,2103,5498,2022-03-01,None,None
INV000746,P018,Delhi_WH,296,3151,2956,2022-03-01,None,None
INV000747,P018,Mumbai_WH,1854,142,4403,2022-03-01,None,None
INV000748,P018,Bengaluru_WH,801,105,9805,2022-03-01,None,None
INV000749,P018,Kolkata_WH,3277,2825,6917,2022-03-01,None,None
INV000750,P018,Hyderabad_WH,4854,5040,8734,2022-03-01,None,None
INV000751,P001,Delhi_WH,3943,12541,8855,2022-04-01,None,None
INV000752,P001,Mumbai_WH,3243,1881,539,2022-04-01,None,None
INV000753,P001,Bengaluru_WH,2674,2675,3343,2022-04-01,None,None
INV000754,P001,Kolkata_WH,3960,1414,4452,2022-04-01,None,None
INV000755,P001,Hyderabad_WH,4082,1486,6557,2022-04-01,None,None
INV000756,P002,Delhi_WH,1263,1803,1231,2022-04-01,None,None
INV000757,P002,Mumbai_WH,2781,8938,6594,2022-04-01,None,None
INV000758,P002,Bengaluru_WH,4437,6852,6005,2022-04-01,None,None
INV000759,P002,Kolkata_WH,1738,462,3061,2022-04-01,None,None
INV000760,P002,Hyderabad_WH,165,8494,8371,2022-04-01,None,None
INV000761,P003,Delhi_WH,4305,3800,2009,2022-04-01,None,None
INV000762,P003,Mumbai_WH,1126,3756,2859,2022-04-01,None,None
INV000763,P003,Bengaluru_WH,4234,2120,7867,2022-04-01,None,None
INV000764,P003,Kolkata_WH,3368,6994,8651,2022-04-01,None,None
INV000765,P003,Hyderabad_WH,109,1209,8189,2022-04-01,None,None
INV000766,P004,Delhi_WH,970,754,539,2022-04-01,None,None
INV000767,P004,Mumbai_WH,1409,2729,4242,2022-04-01,None,None
INV000768,P004,Bengaluru_WH,4638,3021,9077,2022-04-01,None,None
INV000769,P004,Kolkata_WH,3365,8047,7513,2022-04-01,None,None
INV000770,P004,Hyderabad_WH,508,8386,8456,2022-04-01,None,None
INV000771,P005,Delhi_WH,2460,4512,4199,2022-04-01,None,None
INV000772,P005,Mumbai_WH,2488,3620,1968,2022-04-01,None,None
INV000773,P005,Bengaluru_WH,3047,6415,3981,2022-04-01,None,None
INV000774,P005,Kolkata_WH,3579,41,761,2022-04-01,None,None
INV000775,P005,Hyderabad_WH,2586,6289,4036,2022-04-01,None,None
INV000776,P007,Delhi_WH,4914,2064,3167,2022-04-01,None,None
INV000777,P007,Mumbai_WH,584,344,1394,2022-04-01,None,None
INV000778,P007,Bengaluru_WH,2641,665,5222,2022-04-01,None,None
INV000779,P007,Kolkata_WH,2042,193,4927,2022-04-01,None,None
INV000780,P007,Hyderabad_WH,3335,5664,2329,2022-04-01,None,None
INV000781,P008,Delhi_WH,1000,1903,930,2022-04-01,None,None
INV000782,P008,Mumbai_WH,402,3947,4135,2022-04-01,None,None
INV000783,P008,Bengaluru_WH,4574,1800,2086,2022-04-01,None,None
INV000784,P008,Kolkata_WH,2089,8194,6367,2022-04-01,None,None
INV000785,P008,Hyderabad_WH,3390,5155,8639,2022-04-01,None,None
INV000786,P009,Delhi_WH,1933,5309,4339,2022-04-01,None,None
INV000787,P009,Mumbai_WH,101,1528,2492,2022-04-01,None,None
INV000788,P009,Bengaluru_WH,1137,2652,3767,2022-04-01,None,None
INV000789,P009,Kolkata_WH,3094,2931,7049,2022-04-01,None,None
INV000790,P009,Hyderabad_WH,3918,1973,3505,2022-04-01,None,None
INV000791,P010,Delhi_WH,1797,2112,7245,2022-04-01,None,None
INV000792,P010,Mumbai_WH,3156,1105,1345,2022-04-01,None,None
INV000793,P010,Bengaluru_WH,3929,1522,9233,2022-04-01,None,None
INV000794,P010,Kolkata_WH,3519,7867,5191,2022-04-01,None,None
INV000795,P010,Hyderabad_WH,2497,2951,6021,2022-04-01,None,None
INV000796,P011,Delhi_WH,2943,3934,6223,2022-04-01,None,None
INV000797,P011,Mumbai_WH,2679,1105,9159,2022-04-01,None,None
INV000798,P011,Bengaluru_WH,1390,988,2729,2022-04-01,None,None
INV000799,P011,Kolkata_WH,873,4027,6660,2022-04-01,None,None
INV000800,P011,Hyderabad_WH,1119,5323,4984,2022-04-01,None,None
INV000801,P012,Delhi_WH,1119,4273,3876,2022-04-01,None,None
INV000802,P012,Mumbai_WH,4419,10183,8884,2022-04-01,None,None
INV000803,P012,Bengaluru_WH,1136,240,1349,2022-04-01,None,None
INV000804,P012,Kolkata_WH,2697,4990,6480,2022-04-01,None,None
INV000805,P012,Hyderabad_WH,973,7377,7508,2022-04-01,None,None
INV000806,P013,Delhi_WH,4157,11704,9498,2022-04-01,None,None
INV000807,P013,Mumbai_WH,3808,6586,6094,2022-04-01,None,None
INV000808,P013,Bengaluru_WH,2050,1143,2176,2022-04-01,None,None
INV000809,P013,Kolkata_WH,1415,1258,3367,2022-04-01,None,None
INV000810,P013,Hyderabad_WH,1228,4257,6871,2022-04-01,None,None
INV000811,P014,Delhi_WH,478,1735,1759,2022-04-01,None,None
INV000812,P014,Mumbai_WH,1577,6353,8863,2022-04-01,None,None
INV000813,P014,Bengaluru_WH,2091,1271,7555,2022-04-01,None,None
INV000814,P014,Kolkata_WH,4646,6802,9035,2022-04-01,None,None
INV000815,P014,Hyderabad_WH,282,1369,2734,2022-04-01,None,None
INV000816,P015,Delhi_WH,823,2059,2761,2022-04-01,None,None
INV000817,P015,Mumbai_WH,881,6957,6817,2022-04-01,None,None
INV000818,P015,Bengaluru_WH,3583,230,3928,2022-04-01,None,None
INV000819,P015,Kolkata_WH,4199,5559,4693,2022-04-01,None,None
INV000820,P015,Hyderabad_WH,2738,3078,1283,2022-04-01,None,None
INV000821,P016,Delhi_WH,283,6179,7006,2022-04-01,None,None
INV000822,P016,Mumbai_WH,3266,3111,1407,2022-04-01,None,None
INV000823,P016,Bengaluru_WH,463,1489,6528,2022-04-01,None,None
INV000824,P016,Kolkata_WH,1319,2348,2065,2022-04-01,None,None
INV000825,P016,Hyderabad_WH,640,129,5197,2022-04-01,None,None
INV000826,P017,Delhi_WH,640,3402,9693,2022-04-01,None,None
INV000827,P017,Mumbai_WH,2851,1371,4163,2022-04-01,None,None
INV000828,P017,Bengaluru_WH,1106,438,7246,2022-04-01,None,None
INV000829,P017,Kolkata_WH,822,4758,8156,2022-04-01,None,None
INV000830,P017,Hyderabad_WH,4157,1132,5351,2022-04-01,None,None
INV000831,P018,Delhi_WH,3897,1598,3273,2022-04-01,None,None
INV000832,P018,Mumbai_WH,3490,10855,7709,2022-04-01,None,None
INV000833,P018,Bengaluru_WH,4064,2441,9008,2022-04-01,None,None
INV000834,P018,Kolkata_WH,3337,6466,4751,2022-04-01,None,None
INV000835,P018,Hyderabad_WH,3536,5664,5946,2022-04-01,None,None
INV000836,P001,Delhi_WH,4780,5507,1149,2022-05-01,None,None
INV000837,P001,Mumbai_WH,302,7647,9828,2022-05-01,None,None
INV000838,P001,Bengaluru_WH,3111,8596,6657,2022-05-01,None,None
INV000839,P001,Kolkata_WH,3137,3513,1520,2022-05-01,None,None
INV000840,P001,Hyderabad_WH,997,3427,7533,2022-05-01,None,None
INV000841,P002,Delhi_WH,2258,3370,7957,2022-05-01,None,None
INV000842,P002,Mumbai_WH,4990,3663,7802,2022-05-01,None,None
INV000843,P002,Bengaluru_WH,3821,7195,6621,2022-05-01,None,None
INV000844,P002,Kolkata_WH,1678,2174,2261,2022-05-01,None,None
INV000845,P002,Hyderabad_WH,4025,1410,8511,2022-05-01,None,None
INV000846,P003,Delhi_WH,4199,3312,7989,2022-05-01,None,None
INV000847,P003,Mumbai_WH,4331,5749,6541,2022-05-01,None,None
INV000848,P003,Bengaluru_WH,4204,9430,5320,2022-05-01,None,None
INV000849,P003,Kolkata_WH,2813,1730,4230,2022-05-01,None,None
INV000850,P003,Hyderabad_WH,4114,2052,4542,2022-05-01,None,None
INV000851,P004,Delhi_WH,3114,2808,2819,2022-05-01,None,None
INV000852,P004,Mumbai_WH,2380,364,532,2022-05-01,None,None
INV000853,P004,Bengaluru_WH,151,4042,4302,2022-05-01,None,None
INV000854,P004,Kolkata_WH,3116,4096,4216,2022-05-01,None,None
INV000855,P004,Hyderabad_WH,1085,5684,5339,2022-05-01,None,None
INV000856,P005,Delhi_WH,374,3916,4546,2022-05-01,None,None
INV000857,P005,Mumbai_WH,173,6480,7649,2022-05-01,None,None
INV000858,P005,Bengaluru_WH,2708,3731,2277,2022-05-01,None,None
INV000859,P005,Kolkata_WH,4585,5881,4518,2022-05-01,None,None
INV000860,P005,Hyderabad_WH,3233,8485,6454,2022-05-01,None,None
INV000861,P007,Delhi_WH,4460,3561,939,2022-05-01,None,None
INV000862,P007,Mumbai_WH,4643,3059,8743,2022-05-01,None,None
INV000863,P007,Bengaluru_WH,4928,10399,8639,2022-05-01,None,None
INV000864,P007,Kolkata_WH,1137,541,1305,2022-05-01,None,None
INV000865,P007,Hyderabad_WH,3404,1951,5559,2022-05-01,None,None
INV000866,P008,Delhi_WH,243,2134,7526,2022-05-01,None,None
INV000867,P008,Mumbai_WH,3675,6544,5312,2022-05-01,None,None
INV000868,P008,Bengaluru_WH,3942,5383,6254,2022-05-01,None,None
INV000869,P008,Kolkata_WH,3842,298,2473,2022-05-01,None,None
INV000870,P008,Hyderabad_WH,4885,721,665,2022-05-01,None,None
INV000871,P009,Delhi_WH,198,6567,8469,2022-05-01,None,None
INV000872,P009,Mumbai_WH,659,1320,712,2022-05-01,None,None
INV000873,P009,Bengaluru_WH,3608,395,4739,2022-05-01,None,None
INV000874,P009,Kolkata_WH,1953,280,6330,2022-05-01,None,None
INV000875,P009,Hyderabad_WH,2423,562,1568,2022-05-01,None,None
INV000876,P010,Delhi_WH,959,1262,2787,2022-05-01,None,None
INV000877,P010,Mumbai_WH,4839,3778,1739,2022-05-01,None,None
INV000878,P010,Bengaluru_WH,214,4892,6276,2022-05-01,None,None
INV000879,P010,Kolkata_WH,3089,2915,9242,2022-05-01,None,None
INV000880,P010,Hyderabad_WH,4703,6199,3512,2022-05-01,None,None
INV000881,P011,Delhi_WH,691,2705,4288,2022-05-01,None,None
INV000882,P011,Mumbai_WH,4420,9625,5224,2022-05-01,None,None
INV000883,P011,Bengaluru_WH,4263,8176,4745,2022-05-01,None,None
INV000884,P011,Kolkata_WH,2248,3149,4794,2022-05-01,None,None
INV000885,P011,Hyderabad_WH,2607,3611,3581,2022-05-01,None,None
INV000886,P012,Delhi_WH,4175,5756,8286,2022-05-01,None,None
INV000887,P012,Mumbai_WH,1877,5107,5215,2022-05-01,None,None
INV000888,P012,Bengaluru_WH,1638,7679,6571,2022-05-01,None,None
INV000889,P012,Kolkata_WH,2767,1300,723,2022-05-01,None,None
INV000890,P012,Hyderabad_WH,3205,3744,3162,2022-05-01,None,None
INV000891,P013,Delhi_WH,3358,1749,5777,2022-05-01,None,None
INV000892,P013,Mumbai_WH,4320,2446,887,2022-05-01,None,None
INV000893,P013,Bengaluru_WH,505,978,639,2022-05-01,None,None
INV000894,P013,Kolkata_WH,4657,1848,4610,2022-05-01,None,None
INV000895,P013,Hyderabad_WH,4043,667,754,2022-05-01,None,None
INV000896,P014,Delhi_WH,1279,9462,8198,2022-05-01,None,None
INV000897,P014,Mumbai_WH,1289,3408,8345,2022-05-01,None,None
INV000898,P014,Bengaluru_WH,3467,888,1278,2022-05-01,None,None
INV000899,P014,Kolkata_WH,3516,103,9905,2022-05-01,None,None
INV000900,P014,Hyderabad_WH,3972,373,5265,2022-05-01,None,None
INV000901,P015,Delhi_WH,458,164,561,2022-05-01,None,None
INV000902,P015,Mumbai_WH,3916,1032,1224,2022-05-01,None,None
INV000903,P015,Bengaluru_WH,4338,467,4549,2022-05-01,None,None
INV000904,P015,Kolkata_WH,912,2243,6723,2022-05-01,None,None
INV000905,P015,Hyderabad_WH,4742,12058,8062,2022-05-01,None,None
INV000906,P016,Delhi_WH,505,776,3994,2022-05-01,None,None
INV000907,P016,Mumbai_WH,2163,1913,3817,2022-05-01,None,None
INV000908,P016,Bengaluru_WH,3333,2342,1111,2022-05-01,None,None
INV000909,P016,Kolkata_WH,3892,5978,2857,2022-05-01,None,None
INV000910,P016,Hyderabad_WH,4075,1184,984,2022-05-01,None,None
INV000911,P017,Delhi_WH,225,2548,9840,2022-05-01,None,None
INV000912,P017,Mumbai_WH,1657,1273,9289,2022-05-01,None,None
INV000913,P017,Bengaluru_WH,2552,6786,7521,2022-05-01,None,None
INV000914,P017,Kolkata_WH,3815,3757,818,2022-05-01,None,None
INV000915,P017,Hyderabad_WH,4747,5759,8299,2022-05-01,None,None
INV000916,P018,Delhi_WH,2944,1107,7132,2022-05-01,None,None
INV000917,P018,Mumbai_WH,3278,2298,7298,2022-05-01,None,None
INV000918,P018,Bengaluru_WH,1472,3789,8217,2022-05-01,None,None
INV000919,P018,Kolkata_WH,4302,1414,8202,2022-05-01,None,None
INV000920,P018,Hyderabad_WH,4461,561,1374,2022-05-01,None,None
INV000921,P001,Delhi_WH,2351,4576,4037,2022-06-01,None,None
INV000922,P001,Mumbai_WH,1723,2155,8464,2022-06-01,None,None
INV000923,P001,Bengaluru_WH,2759,3575,3035,2022-06-01,None,None
INV000924,P001,Kolkata_WH,4712,12104,9080,2022-06-01,None,None
INV000925,P001,Hyderabad_WH,1836,9779,9800,2022-06-01,None,None
INV000926,P002,Delhi_WH,1606,1403,6867,2022-06-01,None,None
INV000927,P002,Mumbai_WH,2797,6613,4452,2022-06-01,None,None
INV000928,P002,Bengaluru_WH,1076,7783,9433,2022-06-01,None,None
INV000929,P002,Kolkata_WH,3300,2644,2081,2022-06-01,None,None
INV000930,P002,Hyderabad_WH,3989,10490,8652,2022-06-01,None,None
INV000931,P003,Delhi_WH,4206,761,1494,2022-06-01,None,None
INV000932,P003,Mumbai_WH,3320,2284,7793,2022-06-01,None,None
INV000933,P003,Bengaluru_WH,3550,2263,8127,2022-06-01,None,None
INV000934,P003,Kolkata_WH,1181,5693,9922,2022-06-01,None,None
INV000935,P003,Hyderabad_WH,3010,352,1517,2022-06-01,None,None
INV000936,P004,Delhi_WH,4431,1420,3638,2022-06-01,None,None
INV000937,P004,Mumbai_WH,3417,4805,5647,2022-06-01,None,None
INV000938,P004,Bengaluru_WH,1719,3245,4367,2022-06-01,None,None
INV000939,P004,Kolkata_WH,2417,4826,5370,2022-06-01,None,None
INV000940,P004,Hyderabad_WH,2767,2550,882,2022-06-01,None,None
INV000941,P005,Delhi_WH,4073,7890,5508,2022-06-01,None,None
INV000942,P005,Mumbai_WH,2547,5176,6669,2022-06-01,None,None
INV000943,P005,Bengaluru_WH,4470,3239,2202,2022-06-01,None,None
INV000944,P005,Kolkata_WH,151,593,6641,2022-06-01,None,None
INV000945,P005,Hyderabad_WH,2889,3247,2784,2022-06-01,None,None
INV000946,P007,Delhi_WH,4449,1250,4085,2022-06-01,None,None
INV000947,P007,Mumbai_WH,2785,1268,6367,2022-06-01,None,None
INV000948,P007,Bengaluru_WH,3221,505,4149,2022-06-01,None,None
INV000949,P007,Kolkata_WH,4791,4866,2893,2022-06-01,None,None
INV000950,P007,Hyderabad_WH,4228,4948,8349,2022-06-01,None,None
INV000951,P008,Delhi_WH,649,722,2622,2022-06-01,None,None
INV000952,P008,Mumbai_WH,563,1902,1993,2022-06-01,None,None
INV000953,P008,Bengaluru_WH,1043,4478,5350,2022-06-01,None,None
INV000954,P008,Kolkata_WH,4623,5904,4397,2022-06-01,None,None
INV000955,P008,Hyderabad_WH,2405,835,4791,2022-06-01,None,None
INV000956,P009,Delhi_WH,992,5982,8862,2022-06-01,None,None
INV000957,P009,Mumbai_WH,2470,552,1513,2022-06-01,None,None
INV000958,P009,Bengaluru_WH,2598,5242,6430,2022-06-01,None,None
INV000959,P009,Kolkata_WH,2054,2363,720,2022-06-01,None,None
INV000960,P009,Hyderabad_WH,322,7286,9602,2022-06-01,None,None
INV000961,P010,Delhi_WH,2528,6524,4289,2022-06-01,None,None
INV000962,P010,Mumbai_WH,2383,9159,7836,2022-06-01,None,None
INV000963,P010,Bengaluru_WH,707,1841,3846,2022-06-01,None,None
INV000964,P010,Kolkata_WH,4202,5125,4003,2022-06-01,None,None
INV000965,P010,Hyderabad_WH,1143,890,4374,2022-06-01,None,None
INV000966,P011,Delhi_WH,508,1088,2469,2022-06-01,None,None
INV000967,P011,Mumbai_WH,1286,2068,4285,2022-06-01,None,None
INV000968,P011,Bengaluru_WH,3862,234,2091,2022-06-01,None,None
INV000969,P011,Kolkata_WH,4599,8631,7671,2022-06-01,None,None
INV000970,P011,Hyderabad_WH,1132,1247,4153,2022-06-01,None,None
INV000971,P012,Delhi_WH,4873,4541,5485,2022-06-01,None,None
INV000972,P012,Mumbai_WH,2171,9088,7999,2022-06-01,None,None
INV000973,P012,Bengaluru_WH,1874,1411,8448,2022-06-01,None,None
INV000974,P012,Kolkata_WH,1064,3578,3626,2022-06-01,None,None
INV000975,P012,Hyderabad_WH,130,3878,7668,2022-06-01,None,None
INV000976,P013,Delhi_WH,4384,1500,2305,2022-06-01,None,None
INV000977,P013,Mumbai_WH,4890,9668,9699,2022-06-01,None,None
INV000978,P013,Bengaluru_WH,4160,3423,1790,2022-06-01,None,None
INV000979,P013,Kolkata_WH,2121,5685,8435,2022-06-01,None,None
INV000980,P013,Hyderabad_WH,2168,5210,7376,2022-06-01,None,None
INV000981,P014,Delhi_WH,702,134,571,2022-06-01,None,None
INV000982,P014,Mumbai_WH,3275,6784,4103,2022-06-01,None,None
INV000983,P014,Bengaluru_WH,3242,9216,6928,2022-06-01,None,None
INV000984,P014,Kolkata_WH,3665,3688,5801,2022-06-01,None,None
INV000985,P014,Hyderabad_WH,737,5434,5568,2022-06-01,None,None
INV000986,P015,Delhi_WH,2253,4090,8249,2022-06-01,None,None
INV000987,P015,Mumbai_WH,3110,1569,6555,2022-06-01,None,None
INV000988,P015,Bengaluru_WH,1867,1680,4756,2022-06-01,None,None
INV000989,P015,Kolkata_WH,541,1215,5293,2022-06-01,None,None
INV000990,P015,Hyderabad_WH,417,516,3916,2022-06-01,None,None
INV000991,P016,Delhi_WH,2945,2880,4656,2022-06-01,None,None
INV000992,P016,Mumbai_WH,1141,342,8892,2022-06-01,None,None
INV000993,P016,Bengaluru_WH,4762,1089,2161,2022-06-01,None,None
INV000994,P016,Kolkata_WH,4004,2289,7091,2022-06-01,None,None
INV000995,P016,Hyderabad_WH,325,526,1969,2022-06-01,None,None
INV000996,P017,Delhi_WH,3070,4529,5582,2022-06-01,None,None
INV000997,P017,Mumbai_WH,2489,11051,9450,2022-06-01,None,None
INV000998,P017,Bengaluru_WH,2003,1322,2194,2022-06-01,None,None
INV000999,P017,Kolkata_WH,597,1588,3863,2022-06-01,None,None
INV001000,P017,Hyderabad_WH,941,6523,5843,2022-06-01,None,None
INV001001,P018,Delhi_WH,2845,2038,9707,2022-06-01,None,None
INV001002,P018,Mumbai_WH,258,7496,8962,2022-06-01,None,None
INV001003,P018,Bengaluru_WH,3828,8874,6833,2022-06-01,None,None
INV001004,P018,Kolkata_WH,4226,1052,3602,2022-06-01,None,None
INV001005,P018,Hyderabad_WH,1610,5703,7539,2022-06-01,None,None
INV001006,P001,Delhi_WH,4720,6797,6121,2022-07-01,None,None
INV001007,P001,Mumbai_WH,2329,4201,6966,2022-07-01,None,None
INV001008,P001,Bengaluru_WH,1842,4061,2223,2022-07-01,None,None
INV001009,P001,Kolkata_WH,3678,1175,3662,2022-07-01,None,None
INV001010,P001,Hyderabad_WH,3259,9830,9935,2022-07-01,None,None
INV001011,P002,Delhi_WH,4965,7709,6914,2022-07-01,None,None
INV001012,P002,Mumbai_WH,2090,5688,4791,2022-07-01,None,None
INV001013,P002,Bengaluru_WH,2439,849,766,2022-07-01,None,None
INV001014,P002,Kolkata_WH,1433,4768,7380,2022-07-01,None,None
INV001015,P002,Hyderabad_WH,1724,1707,1442,2022-07-01,None,None
INV001016,P003,Delhi_WH,3616,2944,2653,2022-07-01,None,None
INV001017,P003,Mumbai_WH,1206,2925,6853,2022-07-01,None,None
INV001018,P003,Bengaluru_WH,600,5590,8853,2022-07-01,None,None
INV001019,P003,Kolkata_WH,3224,7604,8354,2022-07-01,None,None
INV001020,P003,Hyderabad_WH,3839,636,6406,2022-07-01,None,None
INV001021,P004,Delhi_WH,1301,1267,1748,2022-07-01,None,None
INV001022,P004,Mumbai_WH,3346,12552,9438,2022-07-01,None,None
INV001023,P004,Bengaluru_WH,2013,2291,5519,2022-07-01,None,None
INV001024,P004,Kolkata_WH,4423,12356,8500,2022-07-01,None,None
INV001025,P004,Hyderabad_WH,4655,864,3500,2022-07-01,None,None
INV001026,P005,Delhi_WH,2469,5844,4211,2022-07-01,None,None
INV001027,P005,Mumbai_WH,3315,1821,2138,2022-07-01,None,None
INV001028,P005,Bengaluru_WH,4838,982,2037,2022-07-01,None,None
INV001029,P005,Kolkata_WH,3747,5426,8769,2022-07-01,None,None
INV001030,P005,Hyderabad_WH,2420,5440,3930,2022-07-01,None,None
INV001031,P007,Delhi_WH,3529,1416,7693,2022-07-01,None,None
INV001032,P007,Mumbai_WH,2553,3309,2227,2022-07-01,None,None
INV001033,P007,Bengaluru_WH,1824,4339,2586,2022-07-01,None,None
INV001034,P007,Kolkata_WH,2378,6572,5021,2022-07-01,None,None
INV001035,P007,Hyderabad_WH,2056,8761,8945,2022-07-01,None,None
INV001036,P008,Delhi_WH,2645,8158,9477,2022-07-01,None,None
INV001037,P008,Mumbai_WH,2304,3247,2201,2022-07-01,None,None
INV001038,P008,Bengaluru_WH,370,5536,5718,2022-07-01,None,None
INV001039,P008,Kolkata_WH,259,4338,9002,2022-07-01,None,None
INV001040,P008,Hyderabad_WH,3668,2503,5749,2022-07-01,None,None
INV001041,P009,Delhi_WH,3140,1398,1502,2022-07-01,None,None
INV001042,P009,Mumbai_WH,3886,3195,4692,2022-07-01,None,None
INV001043,P009,Bengaluru_WH,1054,600,7333,2022-07-01,None,None
INV001044,P009,Kolkata_WH,3943,687,3567,2022-07-01,None,None
INV001045,P009,Hyderabad_WH,4925,6483,8134,2022-07-01,None,None
INV001046,P010,Delhi_WH,1773,5402,5972,2022-07-01,None,None
INV001047,P010,Mumbai_WH,3365,2605,9000,2022-07-01,None,None
INV001048,P010,Bengaluru_WH,4488,5871,9055,2022-07-01,None,None
INV001049,P010,Kolkata_WH,1428,929,9664,2022-07-01,None,None
INV001050,P010,Hyderabad_WH,3269,12724,9842,2022-07-01,None,None
INV001051,P011,Delhi_WH,112,322,1848,2022-07-01,None,None
INV001052,P011,Mumbai_WH,165,791,1457,2022-07-01,None,None
INV001053,P011,Bengaluru_WH,3439,5246,4009,2022-07-01,None,None
INV001054,P011,Kolkata_WH,3635,4785,6214,2022-07-01,None,None
INV001055,P011,Hyderabad_WH,511,3144,9614,2022-07-01,None,None
INV001056,P012,Delhi_WH,1260,376,5404,2022-07-01,None,None
INV001057,P012,Mumbai_WH,372,3028,3212,2022-07-01,None,None
INV001058,P012,Bengaluru_WH,2807,6384,6245,2022-07-01,None,None
INV001059,P012,Kolkata_WH,3713,491,1201,2022-07-01,None,None
INV001060,P012,Hyderabad_WH,640,8261,8609,2022-07-01,None,None
INV001061,P013,Delhi_WH,4279,565,2217,2022-07-01,None,None
INV001062,P013,Mumbai_WH,2454,11030,8595,2022-07-01,None,None
INV001063,P013,Bengaluru_WH,4669,11566,7277,2022-07-01,None,None
INV001064,P013,Kolkata_WH,4770,5197,9525,2022-07-01,None,None
INV001065,P013,Hyderabad_WH,2505,3246,9039,2022-07-01,None,None
INV001066,P014,Delhi_WH,4768,1026,5772,2022-07-01,None,None
INV001067,P014,Mumbai_WH,2002,7884,7419,2022-07-01,None,None
INV001068,P014,Bengaluru_WH,3896,3485,1096,2022-07-01,None,None
INV001069,P014,Kolkata_WH,1858,5942,8324,2022-07-01,None,None
INV001070,P014,Hyderabad_WH,3199,232,3432,2022-07-01,None,None
INV001071,P015,Delhi_WH,2985,2148,987,2022-07-01,None,None
INV001072,P015,Mumbai_WH,3537,2912,5376,2022-07-01,None,None
INV001073,P015,Bengaluru_WH,1861,4756,8605,2022-07-01,None,None
INV001074,P015,Kolkata_WH,1464,4555,6556,2022-07-01,None,None
INV001075,P015,Hyderabad_WH,4115,2226,9921,2022-07-01,None,None
INV001076,P016,Delhi_WH,249,577,3318,2022-07-01,None,None
INV001077,P016,Mumbai_WH,3109,1708,1494,2022-07-01,None,None
INV001078,P016,Bengaluru_WH,2495,1171,1354,2022-07-01,None,None
INV001079,P016,Kolkata_WH,2500,4052,2810,2022-07-01,None,None
INV001080,P016,Hyderabad_WH,2765,2457,1104,2022-07-01,None,None
INV001081,P017,Delhi_WH,3912,2005,5946,2022-07-01,None,None
INV001082,P017,Mumbai_WH,3792,8377,5444,2022-07-01,None,None
INV001083,P017,Bengaluru_WH,1544,1967,4507,2022-07-01,None,None
INV001084,P017,Kolkata_WH,972,1449,7824,2022-07-01,None,None
INV001085,P017,Hyderabad_WH,633,6552,6828,2022-07-01,None,None
INV001086,P018,Delhi_WH,3306,5478,4761,2022-07-01,None,None
INV001087,P018,Mumbai_WH,2014,2209,3067,2022-07-01,None,None
INV001088,P018,Bengaluru_WH,4668,2820,4502,2022-07-01,None,None
INV001089,P018,Kolkata_WH,4963,7973,3843,2022-07-01,None,None
INV001090,P018,Hyderabad_WH,3865,4295,6937,2022-07-01,None,None
INV001091,P001,Delhi_WH,3626,1911,3640,2022-08-01,None,None
INV001092,P001,Mumbai_WH,3900,4596,7238,2022-08-01,None,None
INV001093,P001,Bengaluru_WH,1056,6389,7963,2022-08-01,None,None
INV001094,P001,Kolkata_WH,1761,3474,1984,2022-08-01,None,None
INV001095,P001,Hyderabad_WH,2360,2858,6324,2022-08-01,None,None
INV001096,P002,Delhi_WH,2444,5868,7260,2022-08-01,None,None
INV001097,P002,Mumbai_WH,3091,2904,1883,2022-08-01,None,None
INV001098,P002,Bengaluru_WH,4322,2093,3108,2022-08-01,None,None
INV001099,P002,Kolkata_WH,796,554,9980,2022-08-01,None,None
INV001100,P002,Hyderabad_WH,2950,8500,6808,2022-08-01,None,None
INV001101,P003,Delhi_WH,4836,6298,4606,2022-08-01,None,None
INV001102,P003,Mumbai_WH,1274,2299,6040,2022-08-01,None,None
INV001103,P003,Bengaluru_WH,4461,10035,6075,2022-08-01,None,None
INV001104,P003,Kolkata_WH,1978,5141,8464,2022-08-01,None,None
INV001105,P003,Hyderabad_WH,2920,4244,1426,2022-08-01,None,None
INV001106,P004,Delhi_WH,2412,9166,7288,2022-08-01,None,None
INV001107,P004,Mumbai_WH,280,211,1241,2022-08-01,None,None
INV001108,P004,Bengaluru_WH,3270,5222,2277,2022-08-01,None,None
INV001109,P004,Kolkata_WH,239,737,9299,2022-08-01,None,None
INV001110,P004,Hyderabad_WH,3104,2231,1593,2022-08-01,None,None
INV001111,P005,Delhi_WH,4435,1938,1786,2022-08-01,None,None
INV001112,P005,Mumbai_WH,4327,10086,7113,2022-08-01,None,None
INV001113,P005,Bengaluru_WH,3009,5815,9110,2022-08-01,None,None
INV001114,P005,Kolkata_WH,4168,3266,3018,2022-08-01,None,None
INV001115,P005,Hyderabad_WH,4276,8875,7143,2022-08-01,None,None
INV001116,P007,Delhi_WH,3315,2817,3283,2022-08-01,None,None
INV001117,P007,Mumbai_WH,1706,3693,3121,2022-08-01,None,None
INV001118,P007,Bengaluru_WH,2780,2414,9900,2022-08-01,None,None
INV001119,P007,Kolkata_WH,1990,2100,6794,2022-08-01,None,None
INV001120,P007,Hyderabad_WH,1362,5286,4419,2022-08-01,None,None
INV001121,P008,Delhi_WH,2141,1657,7393,2022-08-01,None,None
INV001122,P008,Mumbai_WH,3353,8850,5948,2022-08-01,None,None
INV001123,P008,Bengaluru_WH,2690,3740,1928,2022-08-01,None,None
INV001124,P008,Kolkata_WH,3367,6243,3803,2022-08-01,None,None
INV001125,P008,Hyderabad_WH,1820,6722,6633,2022-08-01,None,None
INV001126,P009,Delhi_WH,1490,1990,1935,2022-08-01,None,None
INV001127,P009,Mumbai_WH,3466,1067,4191,2022-08-01,None,None
INV001128,P009,Bengaluru_WH,2502,1389,2993,2022-08-01,None,None
INV001129,P009,Kolkata_WH,1283,550,1605,2022-08-01,None,None
INV001130,P009,Hyderabad_WH,2367,2862,6035,2022-08-01,None,None
INV001131,P010,Delhi_WH,2200,6813,5380,2022-08-01,None,None
INV001132,P010,Mumbai_WH,576,2367,4149,2022-08-01,None,None
INV001133,P010,Bengaluru_WH,741,1319,1161,2022-08-01,None,None
INV001134,P010,Kolkata_WH,2462,1827,1081,2022-08-01,None,None
INV001135,P010,Hyderabad_WH,422,230,3077,2022-08-01,None,None
INV001136,P011,Delhi_WH,1894,993,1813,2022-08-01,None,None
INV001137,P011,Mumbai_WH,3844,4980,6320,2022-08-01,None,None
INV001138,P011,Bengaluru_WH,4144,9607,6547,2022-08-01,None,None
INV001139,P011,Kolkata_WH,2743,1115,6615,2022-08-01,None,None
INV001140,P011,Hyderabad_WH,4501,2834,1165,2022-08-01,None,None
INV001141,P012,Delhi_WH,1894,4268,3695,2022-08-01,None,None
INV001142,P012,Mumbai_WH,4083,3156,796,2022-08-01,None,None
INV001143,P012,Bengaluru_WH,4667,142,619,2022-08-01,None,None
INV001144,P012,Kolkata_WH,4295,1312,5180,2022-08-01,None,None
INV001145,P012,Hyderabad_WH,941,1731,7664,2022-08-01,None,None
INV001146,P013,Delhi_WH,3914,5867,2677,2022-08-01,None,None
INV001147,P013,Mumbai_WH,1883,1090,9006,2022-08-01,None,None
INV001148,P013,Bengaluru_WH,3396,3684,1968,2022-08-01,None,None
INV001149,P013,Kolkata_WH,1047,1464,1490,2022-08-01,None,None
INV001150,P013,Hyderabad_WH,415,2837,8605,2022-08-01,None,None
INV001151,P014,Delhi_WH,3198,8639,7073,2022-08-01,None,None
INV001152,P014,Mumbai_WH,4334,1617,8381,2022-08-01,None,None
INV001153,P014,Bengaluru_WH,3654,4346,2584,2022-08-01,None,None
INV001154,P014,Kolkata_WH,3375,1174,869,2022-08-01,None,None
INV001155,P014,Hyderabad_WH,3451,708,4058,2022-08-01,None,None
INV001156,P015,Delhi_WH,2929,3546,5546,2022-08-01,None,None
INV001157,P015,Mumbai_WH,1974,8107,6345,2022-08-01,None,None
INV001158,P015,Bengaluru_WH,1907,2614,2358,2022-08-01,None,None
INV001159,P015,Kolkata_WH,254,4197,9387,2022-08-01,None,None
INV001160,P015,Hyderabad_WH,1789,1358,1587,2022-08-01,None,None
INV001161,P016,Delhi_WH,2567,9247,6842,2022-08-01,None,None
INV001162,P016,Mumbai_WH,2327,3352,2471,2022-08-01,None,None
INV001163,P016,Bengaluru_WH,1817,4829,7186,2022-08-01,None,None
INV001164,P016,Kolkata_WH,4536,9512,4998,2022-08-01,None,None
INV001165,P016,Hyderabad_WH,225,4397,9823,2022-08-01,None,None
INV001166,P017,Delhi_WH,1815,418,3065,2022-08-01,None,None
INV001167,P017,Mumbai_WH,2187,4408,7205,2022-08-01,None,None
INV001168,P017,Bengaluru_WH,3402,4640,5021,2022-08-01,None,None
INV001169,P017,Kolkata_WH,1006,3462,5922,2022-08-01,None,None
INV001170,P017,Hyderabad_WH,3534,1843,8579,2022-08-01,None,None
INV001171,P018,Delhi_WH,3552,5578,9978,2022-08-01,None,None
INV001172,P018,Mumbai_WH,1132,8631,9402,2022-08-01,None,None
INV001173,P018,Bengaluru_WH,802,1405,1138,2022-08-01,None,None
INV001174,P018,Kolkata_WH,3282,10416,9178,2022-08-01,None,None
INV001175,P018,Hyderabad_WH,3171,1027,3404,2022-08-01,None,None
INV001176,P001,Delhi_WH,3214,5414,7010,2022-09-01,None,None
INV001177,P001,Mumbai_WH,1000,7148,8853,2022-09-01,None,None
INV001178,P001,Bengaluru_WH,356,1198,3212,2022-09-01,None,None
INV001179,P001,Kolkata_WH,2313,1558,3211,2022-09-01,None,None
INV001180,P001,Hyderabad_WH,417,1984,5079,2022-09-01,None,None
INV001181,P002,Delhi_WH,2610,11414,9865,2022-09-01,None,None
INV001182,P002,Mumbai_WH,2488,4461,5262,2022-09-01,None,None
INV001183,P002,Bengaluru_WH,1674,5695,4439,2022-09-01,None,None
INV001184,P002,Kolkata_WH,3761,3216,8088,2022-09-01,None,None
INV001185,P002,Hyderabad_WH,4005,3664,2193,2022-09-01,None,None
INV001186,P003,Delhi_WH,2918,145,9871,2022-09-01,None,None
INV001187,P003,Mumbai_WH,307,534,3641,2022-09-01,None,None
INV001188,P003,Bengaluru_WH,3090,4058,6516,2022-09-01,None,None
INV001189,P003,Kolkata_WH,4605,823,2627,2022-09-01,None,None
INV001190,P003,Hyderabad_WH,1752,3051,7978,2022-09-01,None,None
INV001191,P004,Delhi_WH,768,2692,2430,2022-09-01,None,None
INV001192,P004,Mumbai_WH,4837,10979,8284,2022-09-01,None,None
INV001193,P004,Bengaluru_WH,3341,3964,2734,2022-09-01,None,None
INV001194,P004,Kolkata_WH,3193,3704,2321,2022-09-01,None,None
INV001195,P004,Hyderabad_WH,1511,3135,5615,2022-09-01,None,None
INV001196,P005,Delhi_WH,793,4190,4623,2022-09-01,None,None
INV001197,P005,Mumbai_WH,3452,3033,794,2022-09-01,None,None
INV001198,P005,Bengaluru_WH,2323,1524,1013,2022-09-01,None,None
INV001199,P005,Kolkata_WH,4501,6947,5707,2022-09-01,None,None
INV001200,P005,Hyderabad_WH,1407,3092,4573,2022-09-01,None,None
INV001201,P007,Delhi_WH,870,1313,2085,2022-09-01,None,None
INV001202,P007,Mumbai_WH,367,276,8368,2022-09-01,None,None
INV001203,P007,Bengaluru_WH,581,794,9570,2022-09-01,None,None
INV001204,P007,Kolkata_WH,3368,5383,8740,2022-09-01,None,None
INV001205,P007,Hyderabad_WH,1579,2357,3671,2022-09-01,None,None
INV001206,P008,Delhi_WH,3185,1365,4093,2022-09-01,None,None
INV001207,P008,Mumbai_WH,183,514,5732,2022-09-01,None,None
INV001208,P008,Bengaluru_WH,2223,2506,5942,2022-09-01,None,None
INV001209,P008,Kolkata_WH,1987,3019,1543,2022-09-01,None,None
INV001210,P008,Hyderabad_WH,3796,12277,9397,2022-09-01,None,None
INV001211,P009,Delhi_WH,4014,3022,1910,2022-09-01,None,None
INV001212,P009,Mumbai_WH,101,999,7832,2022-09-01,None,None
INV001213,P009,Bengaluru_WH,3748,2271,566,2022-09-01,None,None
INV001214,P009,Kolkata_WH,1955,4166,7474,2022-09-01,None,None
INV001215,P009,Hyderabad_WH,4443,2682,6124,2022-09-01,None,None
INV001216,P010,Delhi_WH,2829,4066,6607,2022-09-01,None,None
INV001217,P010,Mumbai_WH,4488,2245,6232,2022-09-01,None,None
INV001218,P010,Bengaluru_WH,1806,1048,9007,2022-09-01,None,None
INV001219,P010,Kolkata_WH,535,5914,5907,2022-09-01,None,None
INV001220,P010,Hyderabad_WH,315,527,508,2022-09-01,None,None
INV001221,P011,Delhi_WH,2008,5043,3191,2022-09-01,None,None
INV001222,P011,Mumbai_WH,1258,2575,5405,2022-09-01,None,None
INV001223,P011,Bengaluru_WH,2302,6026,9650,2022-09-01,None,None
INV001224,P011,Kolkata_WH,2443,3489,2725,2022-09-01,None,None
INV001225,P011,Hyderabad_WH,2348,9681,9388,2022-09-01,None,None
INV001226,P012,Delhi_WH,417,3139,5151,2022-09-01,None,None
INV001227,P012,Mumbai_WH,3806,3064,734,2022-09-01,None,None
INV001228,P012,Bengaluru_WH,1109,3625,4285,2022-09-01,None,None
INV001229,P012,Kolkata_WH,4671,8954,5917,2022-09-01,None,None
INV001230,P012,Hyderabad_WH,2301,4280,7146,2022-09-01,None,None
INV001231,P013,Delhi_WH,2323,1423,4281,2022-09-01,None,None
INV001232,P013,Mumbai_WH,1837,7592,5773,2022-09-01,None,None
INV001233,P013,Bengaluru_WH,1893,923,4328,2022-09-01,None,None
INV001234,P013,Kolkata_WH,4248,2863,1979,2022-09-01,None,None
INV001235,P013,Hyderabad_WH,3459,4293,6898,2022-09-01,None,None
INV001236,P014,Delhi_WH,3986,6072,2520,2022-09-01,None,None
INV001237,P014,Mumbai_WH,685,2513,4164,2022-09-01,None,None
INV001238,P014,Bengaluru_WH,2494,1367,1797,2022-09-01,None,None
INV001239,P014,Kolkata_WH,4660,6168,1692,2022-09-01,None,None
INV001240,P014,Hyderabad_WH,4883,9173,9629,2022-09-01,None,None
INV001241,P015,Delhi_WH,3285,4664,7720,2022-09-01,None,None
INV001242,P015,Mumbai_WH,565,2268,2629,2022-09-01,None,None
INV001243,P015,Bengaluru_WH,4556,3468,4726,2022-09-01,None,None
INV001244,P015,Kolkata_WH,4555,3910,8731,2022-09-01,None,None
INV001245,P015,Hyderabad_WH,2859,3343,9601,2022-09-01,None,None
INV001246,P016,Delhi_WH,4788,3037,2542,2022-09-01,None,None
INV001247,P016,Mumbai_WH,938,434,2506,2022-09-01,None,None
INV001248,P016,Bengaluru_WH,2232,5809,4816,2022-09-01,None,None
INV001249,P016,Kolkata_WH,4294,5648,6712,2022-09-01,None,None
INV001250,P016,Hyderabad_WH,2729,2087,3600,2022-09-01,None,None
INV001251,P017,Delhi_WH,183,1998,8221,2022-09-01,None,None
INV001252,P017,Mumbai_WH,3374,1916,1072,2022-09-01,None,None
INV001253,P017,Bengaluru_WH,3750,2716,9155,2022-09-01,None,None
INV001254,P017,Kolkata_WH,1389,1037,2916,2022-09-01,None,None
INV001255,P017,Hyderabad_WH,2300,1471,3070,2022-09-01,None,None
INV001256,P018,Delhi_WH,3252,1977,5861,2022-09-01,None,None
INV001257,P018,Mumbai_WH,4129,283,2619,2022-09-01,None,None
INV001258,P018,Bengaluru_WH,3389,8546,6040,2022-09-01,None,None
INV001259,P018,Kolkata_WH,5000,9768,5285,2022-09-01,None,None
INV001260,P018,Hyderabad_WH,283,5135,6071,2022-09-01,None,None
INV001261,P001,Delhi_WH,704,6052,5754,2022-10-01,None,None
INV001262,P001,Mumbai_WH,4973,1027,4872,2022-10-01,None,None
INV001263,P001,Bengaluru_WH,4257,1377,3575,2022-10-01,None,None
INV001264,P001,Kolkata_WH,354,1359,1705,2022-10-01,None,None
INV001265,P001,Hyderabad_WH,1027,1190,7676,2022-10-01,None,None
INV001266,P002,Delhi_WH,1194,600,3310,2022-10-01,None,None
INV001267,P002,Mumbai_WH,423,3562,8930,2022-10-01,None,None
INV001268,P002,Bengaluru_WH,3316,537,5881,2022-10-01,None,None
INV001269,P002,Kolkata_WH,4909,6237,7937,2022-10-01,None,None
INV001270,P002,Hyderabad_WH,2252,3093,4210,2022-10-01,None,None
INV001271,P003,Delhi_WH,4301,12203,9099,2022-10-01,None,None
INV001272,P003,Mumbai_WH,4330,4665,3884,2022-10-01,None,None
INV001273,P003,Bengaluru_WH,2702,991,3540,2022-10-01,None,None
INV001274,P003,Kolkata_WH,1327,492,5239,2022-10-01,None,None
INV001275,P003,Hyderabad_WH,2343,2666,664,2022-10-01,None,None
INV001276,P004,Delhi_WH,233,1271,7727,2022-10-01,None,None
INV001277,P004,Mumbai_WH,3026,3258,1018,2022-10-01,None,None
INV001278,P004,Bengaluru_WH,4842,5588,2565,2022-10-01,None,None
INV001279,P004,Kolkata_WH,3004,2565,1266,2022-10-01,None,None
INV001280,P004,Hyderabad_WH,1665,5792,8208,2022-10-01,None,None
INV001281,P005,Delhi_WH,4818,4325,5672,2022-10-01,None,None
INV001282,P005,Mumbai_WH,2785,1834,2168,2022-10-01,None,None
INV001283,P005,Bengaluru_WH,1214,3186,4482,2022-10-01,None,None
INV001284,P005,Kolkata_WH,1090,4826,9271,2022-10-01,None,None
INV001285,P005,Hyderabad_WH,2152,5901,5502,2022-10-01,None,None
INV001286,P007,Delhi_WH,2506,682,1019,2022-10-01,None,None
INV001287,P007,Mumbai_WH,3344,2969,5500,2022-10-01,None,None
INV001288,P007,Bengaluru_WH,4333,6905,3148,2022-10-01,None,None
INV001289,P007,Kolkata_WH,1615,1848,4391,2022-10-01,None,None
INV001290,P007,Hyderabad_WH,4907,1099,4416,2022-10-01,None,None
INV001291,P008,Delhi_WH,4277,953,7358,2022-10-01,None,None
INV001292,P008,Mumbai_WH,2242,755,805,2022-10-01,None,None
INV001293,P008,Bengaluru_WH,4144,6587,3480,2022-10-01,None,None
INV001294,P008,Kolkata_WH,3670,2928,2063,2022-10-01,None,None
INV001295,P008,Hyderabad_WH,456,4075,8645,2022-10-01,None,None
INV001296,P009,Delhi_WH,2608,637,6720,2022-10-01,None,None
INV001297,P009,Mumbai_WH,4988,5682,9919,2022-10-01,None,None
INV001298,P009,Bengaluru_WH,482,4132,4151,2022-10-01,None,None
INV001299,P009,Kolkata_WH,672,873,1544,2022-10-01,None,None
INV001300,P009,Hyderabad_WH,2130,10836,8869,2022-10-01,None,None
INV001301,P010,Delhi_WH,1144,988,8575,2022-10-01,None,None
INV001302,P010,Mumbai_WH,427,2099,2376,2022-10-01,None,None
INV001303,P010,Bengaluru_WH,670,2722,8341,2022-10-01,None,None
INV001304,P010,Kolkata_WH,3070,2073,9333,2022-10-01,None,None
INV001305,P010,Hyderabad_WH,4645,5268,1659,2022-10-01,None,None
INV001306,P011,Delhi_WH,1022,987,5828,2022-10-01,None,None
INV001307,P011,Mumbai_WH,1319,1098,7596,2022-10-01,None,None
INV001308,P011,Bengaluru_WH,1026,4667,3662,2022-10-01,None,None
INV001309,P011,Kolkata_WH,1769,5562,7990,2022-10-01,None,None
INV001310,P011,Hyderabad_WH,4262,10338,6712,2022-10-01,None,None
INV001311,P012,Delhi_WH,930,8837,8883,2022-10-01,None,None
INV001312,P012,Mumbai_WH,4199,9753,9278,2022-10-01,None,None
INV001313,P012,Bengaluru_WH,772,59,1362,2022-10-01,None,None
INV001314,P012,Kolkata_WH,2659,5834,5834,2022-10-01,None,None
INV001315,P012,Hyderabad_WH,3365,4408,1413,2022-10-01,None,None
INV001316,P013,Delhi_WH,2465,1904,2223,2022-10-01,None,None
INV001317,P013,Mumbai_WH,3480,6133,7574,2022-10-01,None,None
INV001318,P013,Bengaluru_WH,1439,1878,2951,2022-10-01,None,None
INV001319,P013,Kolkata_WH,1742,4621,5326,2022-10-01,None,None
INV001320,P013,Hyderabad_WH,3476,4461,2716,2022-10-01,None,None
INV001321,P014,Delhi_WH,4198,6220,4360,2022-10-01,None,None
INV001322,P014,Mumbai_WH,2771,5107,9214,2022-10-01,None,None
INV001323,P014,Bengaluru_WH,1533,297,9278,2022-10-01,None,None
INV001324,P014,Kolkata_WH,1977,5977,4521,2022-10-01,None,None
INV001325,P014,Hyderabad_WH,1715,3736,5181,2022-10-01,None,None
INV001326,P015,Delhi_WH,325,3165,7106,2022-10-01,None,None
INV001327,P015,Mumbai_WH,2500,11283,9250,2022-10-01,None,None
INV001328,P015,Bengaluru_WH,3496,354,2743,2022-10-01,None,None
INV001329,P015,Kolkata_WH,4730,4516,4191,2022-10-01,None,None
INV001330,P015,Hyderabad_WH,3240,8954,9012,2022-10-01,None,None
INV001331,P016,Delhi_WH,2861,3489,7764,2022-10-01,None,None
INV001332,P016,Mumbai_WH,161,4986,8695,2022-10-01,None,None
INV001333,P016,Bengaluru_WH,4153,155,748,2022-10-01,None,None
INV001334,P016,Kolkata_WH,1062,3490,8348,2022-10-01,None,None
INV001335,P016,Hyderabad_WH,4780,8461,5693,2022-10-01,None,None
INV001336,P017,Delhi_WH,2906,2516,8009,2022-10-01,None,None
INV001337,P017,Mumbai_WH,3039,10583,9979,2022-10-01,None,None
INV001338,P017,Bengaluru_WH,4321,5930,6251,2022-10-01,None,None
INV001339,P017,Kolkata_WH,2719,2005,2280,2022-10-01,None,None
INV001340,P017,Hyderabad_WH,392,3076,6508,2022-10-01,None,None
INV001341,P018,Delhi_WH,3402,4239,4198,2022-10-01,None,None
INV001342,P018,Mumbai_WH,614,446,1132,2022-10-01,None,None
INV001343,P018,Bengaluru_WH,3180,6682,4564,2022-10-01,None,None
INV001344,P018,Kolkata_WH,3691,1072,7352,2022-10-01,None,None
INV001345,P018,Hyderabad_WH,3446,8963,7721,2022-10-01,None,None
INV001346,P001,Delhi_WH,634,268,2424,2022-11-01,None,None
INV001347,P001,Mumbai_WH,3242,1283,9698,2022-11-01,None,None
INV001348,P001,Bengaluru_WH,2005,7638,9179,2022-11-01,None,None
INV001349,P001,Kolkata_WH,4009,1266,7629,2022-11-01,None,None
INV001350,P001,Hyderabad_WH,2486,5466,6920,2022-11-01,None,None
INV001351,P002,Delhi_WH,805,4275,9465,2022-11-01,None,None
INV001352,P002,Mumbai_WH,4030,1578,2054,2022-11-01,None,None
INV001353,P002,Bengaluru_WH,416,3514,3140,2022-11-01,None,None
INV001354,P002,Kolkata_WH,1876,1761,3179,2022-11-01,None,None
INV001355,P002,Hyderabad_WH,1997,2114,7433,2022-11-01,None,None
INV001356,P003,Delhi_WH,682,4116,5852,2022-11-01,None,None
INV001357,P003,Mumbai_WH,4704,5456,3422,2022-11-01,None,None
INV001358,P003,Bengaluru_WH,4286,1880,6351,2022-11-01,None,None
INV001359,P003,Kolkata_WH,4193,4843,2313,2022-11-01,None,None
INV001360,P003,Hyderabad_WH,4118,1648,4068,2022-11-01,None,None
INV001361,P004,Delhi_WH,438,281,1759,2022-11-01,None,None
INV001362,P004,Mumbai_WH,3909,897,5074,2022-11-01,None,None
INV001363,P004,Bengaluru_WH,2930,2153,5194,2022-11-01,None,None
INV001364,P004,Kolkata_WH,1020,3683,4816,2022-11-01,None,None
INV001365,P004,Hyderabad_WH,3226,2487,3268,2022-11-01,None,None
INV001366,P005,Delhi_WH,459,104,4079,2022-11-01,None,None
INV001367,P005,Mumbai_WH,2155,3052,5488,2022-11-01,None,None
INV001368,P005,Bengaluru_WH,1557,6586,7777,2022-11-01,None,None
INV001369,P005,Kolkata_WH,615,26,702,2022-11-01,None,None
INV001370,P005,Hyderabad_WH,1988,2115,1029,2022-11-01,None,None
INV001371,P006,Delhi_WH,3026,710,945,2022-11-01,None,None
INV001372,P006,Mumbai_WH,2185,602,1465,2022-11-01,None,None
INV001373,P006,Bengaluru_WH,2178,3552,2426,2022-11-01,None,None
INV001374,P006,Kolkata_WH,1505,9318,9095,2022-11-01,None,None
INV001375,P006,Hyderabad_WH,3381,1357,4158,2022-11-01,None,None
INV001376,P007,Delhi_WH,732,336,1739,2022-11-01,None,None
INV001377,P007,Mumbai_WH,2772,3196,2611,2022-11-01,None,None
INV001378,P007,Bengaluru_WH,4857,9577,5336,2022-11-01,None,None
INV001379,P007,Kolkata_WH,2775,745,829,2022-11-01,None,None
INV001380,P007,Hyderabad_WH,304,4813,5647,2022-11-01,None,None
INV001381,P008,Delhi_WH,605,3221,7739,2022-11-01,None,None
INV001382,P008,Mumbai_WH,759,5242,8314,2022-11-01,None,None
INV001383,P008,Bengaluru_WH,4096,11346,8939,2022-11-01,None,None
INV001384,P008,Kolkata_WH,3888,8571,6584,2022-11-01,None,None
INV001385,P008,Hyderabad_WH,2705,2370,4860,2022-11-01,None,None
INV001386,P009,Delhi_WH,4554,2773,3345,2022-11-01,None,None
INV001387,P009,Mumbai_WH,865,1099,3564,2022-11-01,None,None
INV001388,P009,Bengaluru_WH,2684,1593,9952,2022-11-01,None,None
INV001389,P009,Kolkata_WH,4994,12773,8507,2022-11-01,None,None
INV001390,P009,Hyderabad_WH,3216,5332,7476,2022-11-01,None,None
INV001391,P010,Delhi_WH,4793,7003,8243,2022-11-01,None,None
INV001392,P010,Mumbai_WH,653,350,5886,2022-11-01,None,None
INV001393,P010,Bengaluru_WH,3653,6357,8348,2022-11-01,None,None
INV001394,P010,Kolkata_WH,2036,9114,8377,2022-11-01,None,None
INV001395,P010,Hyderabad_WH,1571,92,7855,2022-11-01,None,None
INV001396,P011,Delhi_WH,1823,1232,5966,2022-11-01,None,None
INV001397,P011,Mumbai_WH,3907,9722,6074,2022-11-01,None,None
INV001398,P011,Bengaluru_WH,1882,6899,6517,2022-11-01,None,None
INV001399,P011,Kolkata_WH,347,1869,6243,2022-11-01,None,None
INV001400,P011,Hyderabad_WH,4320,10420,7095,2022-11-01,None,None
INV001401,P012,Delhi_WH,4699,297,5636,2022-11-01,None,None
INV001402,P012,Mumbai_WH,3686,5392,4217,2022-11-01,None,None
INV001403,P012,Bengaluru_WH,3844,5057,4056,2022-11-01,None,None
INV001404,P012,Kolkata_WH,3663,3066,2463,2022-11-01,None,None
INV001405,P012,Hyderabad_WH,2115,5266,7555,2022-11-01,None,None
INV001406,P013,Delhi_WH,4207,4205,666,2022-11-01,None,None
INV001407,P013,Mumbai_WH,678,5128,9347,2022-11-01,None,None
INV001408,P013,Bengaluru_WH,3234,3335,1143,2022-11-01,None,None
INV001409,P013,Kolkata_WH,946,5019,6147,2022-11-01,None,None
INV001410,P013,Hyderabad_WH,2534,6160,7206,2022-11-01,None,None
INV001411,P014,Delhi_WH,2809,2718,2034,2022-11-01,None,None
INV001412,P014,Mumbai_WH,3365,4607,2281,2022-11-01,None,None
INV001413,P014,Bengaluru_WH,4426,6684,6155,2022-11-01,None,None
INV001414,P014,Kolkata_WH,2761,10861,9952,2022-11-01,None,None
INV001415,P014,Hyderabad_WH,1658,3595,9273,2022-11-01,None,None
INV001416,P015,Delhi_WH,1793,1293,8095,2022-11-01,None,None
INV001417,P015,Mumbai_WH,2932,1292,6343,2022-11-01,None,None
INV001418,P015,Bengaluru_WH,2138,4412,2927,2022-11-01,None,None
INV001419,P015,Kolkata_WH,3922,1891,8394,2022-11-01,None,None
INV001420,P015,Hyderabad_WH,2539,8440,8001,2022-11-01,None,None
INV001421,P016,Delhi_WH,3573,6250,4418,2022-11-01,None,None
INV001422,P016,Mumbai_WH,1673,2018,1368,2022-11-01,None,None
INV001423,P016,Bengaluru_WH,4494,2072,2012,2022-11-01,None,None
INV001424,P016,Kolkata_WH,2231,4611,4498,2022-11-01,None,None
INV001425,P016,Hyderabad_WH,134,5893,6421,2022-11-01,None,None
INV001426,P017,Delhi_WH,570,214,3753,2022-11-01,None,None
INV001427,P017,Mumbai_WH,4502,6410,4421,2022-11-01,None,None
INV001428,P017,Bengaluru_WH,4130,2117,6646,2022-11-01,None,None
INV001429,P017,Kolkata_WH,1271,5166,6279,2022-11-01,None,None
INV001430,P017,Hyderabad_WH,4704,4885,7247,2022-11-01,None,None
INV001431,P018,Delhi_WH,1483,4245,9991,2022-11-01,None,None
INV001432,P018,Mumbai_WH,4981,1753,7008,2022-11-01,None,None
INV001433,P018,Bengaluru_WH,2039,2521,3839,2022-11-01,None,None
INV001434,P018,Kolkata_WH,4023,6748,5257,2022-11-01,None,None
INV001435,P018,Hyderabad_WH,3153,1166,2356,2022-11-01,None,None
INV001436,P001,Delhi_WH,3841,8107,4700,2022-12-01,None,None
INV001437,P001,Mumbai_WH,902,2741,5146,2022-12-01,None,None
INV001438,P001,Bengaluru_WH,916,2666,2045,2022-12-01,None,None
INV001439,P001,Kolkata_WH,2166,3305,2028,2022-12-01,None,None
INV001440,P001,Hyderabad_WH,2004,3306,4237,2022-12-01,None,None
INV001441,P002,Delhi_WH,1068,6746,8295,2022-12-01,None,None
INV001442,P002,Mumbai_WH,3732,8062,6264,2022-12-01,None,None
INV001443,P002,Bengaluru_WH,1260,1078,2635,2022-12-01,None,None
INV001444,P002,Kolkata_WH,3174,10747,8183,2022-12-01,None,None
INV001445,P002,Hyderabad_WH,3151,6842,4588,2022-12-01,None,None
INV001446,P003,Delhi_WH,4760,4719,9032,2022-12-01,None,None
INV001447,P003,Mumbai_WH,3250,2133,6456,2022-12-01,None,None
INV001448,P003,Bengaluru_WH,2485,2358,5686,2022-12-01,None,None
INV001449,P003,Kolkata_WH,3621,4565,9485,2022-12-01,None,None
INV001450,P003,Hyderabad_WH,2149,10607,9751,2022-12-01,None,None
INV001451,P004,Delhi_WH,3119,7690,8828,2022-12-01,None,None
INV001452,P004,Mumbai_WH,3705,2699,1302,2022-12-01,None,None
INV001453,P004,Bengaluru_WH,2758,7374,6437,2022-12-01,None,None
INV001454,P004,Kolkata_WH,1578,8249,9479,2022-12-01,None,None
INV001455,P004,Hyderabad_WH,1092,2259,3759,2022-12-01,None,None
INV001456,P005,Delhi_WH,3460,9049,8882,2022-12-01,None,None
INV001457,P005,Mumbai_WH,1492,690,3992,2022-12-01,None,None
INV001458,P005,Bengaluru_WH,1869,1251,1847,2022-12-01,None,None
INV001459,P005,Kolkata_WH,3773,7886,7940,2022-12-01,None,None
INV001460,P005,Hyderabad_WH,1670,4103,5231,2022-12-01,None,None
INV001461,P006,Delhi_WH,2399,7142,9407,2022-12-01,None,None
INV001462,P006,Mumbai_WH,3548,5273,3375,2022-12-01,None,None
INV001463,P006,Bengaluru_WH,2266,502,2500,2022-12-01,None,None
INV001464,P006,Kolkata_WH,4758,1678,4212,2022-12-01,None,None
INV001465,P006,Hyderabad_WH,2922,8090,9222,2022-12-01,None,None
INV001466,P007,Delhi_WH,2761,1880,536,2022-12-01,None,None
INV001467,P007,Mumbai_WH,4813,5682,1410,2022-12-01,None,None
INV001468,P007,Bengaluru_WH,4325,613,3490,2022-12-01,None,None
INV001469,P007,Kolkata_WH,1327,1687,1788,2022-12-01,None,None
INV001470,P007,Hyderabad_WH,4169,1219,3965,2022-12-01,None,None
INV001471,P008,Delhi_WH,700,6262,7779,2022-12-01,None,None
INV001472,P008,Mumbai_WH,1418,2176,5459,2022-12-01,None,None
INV001473,P008,Bengaluru_WH,1733,2080,5220,2022-12-01,None,None
INV001474,P008,Kolkata_WH,2967,1636,5067,2022-12-01,None,None
INV001475,P008,Hyderabad_WH,4687,5866,1226,2022-12-01,None,None
INV001476,P009,Delhi_WH,268,2613,6108,2022-12-01,None,None
INV001477,P009,Mumbai_WH,3069,1075,8522,2022-12-01,None,None
INV001478,P009,Bengaluru_WH,3892,9372,9368,2022-12-01,None,None
INV001479,P009,Kolkata_WH,3747,1421,1613,2022-12-01,None,None
INV001480,P009,Hyderabad_WH,2294,3704,7523,2022-12-01,None,None
INV001481,P010,Delhi_WH,3576,3631,4274,2022-12-01,None,None
INV001482,P010,Mumbai_WH,4203,10645,9571,2022-12-01,None,None
INV001483,P010,Bengaluru_WH,2778,2878,4466,2022-12-01,None,None
INV001484,P010,Kolkata_WH,3513,3698,1192,2022-12-01,None,None
INV001485,P010,Hyderabad_WH,3224,98,729,2022-12-01,None,None
INV001486,P011,Delhi_WH,2216,1341,895,2022-12-01,None,None
INV001487,P011,Mumbai_WH,537,205,5740,2022-12-01,None,None
INV001488,P011,Bengaluru_WH,4141,5286,3587,2022-12-01,None,None
INV001489,P011,Kolkata_WH,2511,2312,1489,2022-12-01,None,None
INV001490,P011,Hyderabad_WH,3449,285,6106,2022-12-01,None,None
INV001491,P012,Delhi_WH,231,8270,8650,2022-12-01,None,None
INV001492,P012,Mumbai_WH,2715,4056,2759,2022-12-01,None,None
INV001493,P012,Bengaluru_WH,4394,6106,5624,2022-12-01,None,None
INV001494,P012,Kolkata_WH,910,1839,2180,2022-12-01,None,None
INV001495,P012,Hyderabad_WH,4924,7399,4291,2022-12-01,None,None
INV001496,P013,Delhi_WH,4477,5662,2289,2022-12-01,None,None
INV001497,P013,Mumbai_WH,659,5886,9928,2022-12-01,None,None
INV001498,P013,Bengaluru_WH,2929,1838,4941,2022-12-01,None,None
INV001499,P013,Kolkata_WH,460,240,1251,2022-12-01,None,None
INV001500,P013,Hyderabad_WH,3975,641,652,2022-12-01,None,None
INV001501,P014,Delhi_WH,1757,8882,7630,2022-12-01,None,None
INV001502,P014,Mumbai_WH,1034,57,2945,2022-12-01,None,None
INV001503,P014,Bengaluru_WH,426,4312,4757,2022-12-01,None,None
INV001504,P014,Kolkata_WH,3467,2872,5089,2022-12-01,None,None
INV001505,P014,Hyderabad_WH,2512,2331,1185,2022-12-01,None,None
INV001506,P015,Delhi_WH,1134,4550,7404,2022-12-01,None,None
INV001507,P015,Mumbai_WH,1254,1162,1077,2022-12-01,None,None
INV001508,P015,Bengaluru_WH,712,168,8683,2022-12-01,None,None
INV001509,P015,Kolkata_WH,2048,4514,4676,2022-12-01,None,None
INV001510,P015,Hyderabad_WH,3028,1270,5606,2022-12-01,None,None
INV001511,P016,Delhi_WH,4833,5798,2564,2022-12-01,None,None
INV001512,P016,Mumbai_WH,264,2212,9285,2022-12-01,None,None
INV001513,P016,Bengaluru_WH,2981,6828,5614,2022-12-01,None,None
INV001514,P016,Kolkata_WH,4298,10737,7104,2022-12-01,None,None
INV001515,P016,Hyderabad_WH,809,6231,7337,2022-12-01,None,None
INV001516,P017,Delhi_WH,1842,7177,9945,2022-12-01,None,None
INV001517,P017,Mumbai_WH,1285,2402,3644,2022-12-01,None,None
INV001518,P017,Bengaluru_WH,2465,7020,5495,2022-12-01,None,None
INV001519,P017,Kolkata_WH,1519,5898,5487,2022-12-01,None,None
INV001520,P017,Hyderabad_WH,1267,829,5764,2022-12-01,None,None
INV001521,P018,Delhi_WH,4041,2643,2575,2022-12-01,None,None
INV001522,P018,Mumbai_WH,1050,5982,7257,2022-12-01,None,None
INV001523,P018,Bengaluru_WH,1864,3596,2521,2022-12-01,None,None
INV001524,P018,Kolkata_WH,2999,5260,7397,2022-12-01,None,None
INV001525,P018,Hyderabad_WH,2854,6594,7312,2022-12-01,None,None
INV001526,P001,Delhi_WH,4136,4709,3760,2023-01-01,None,None
INV001527,P001,Mumbai_WH,1983,260,6565,2023-01-01,None,None
INV001528,P001,Bengaluru_WH,3451,8722,9197,2023-01-01,None,None
INV001529,P001,Kolkata_WH,1027,91,5659,2023-01-01,None,None
INV001530,P001,Hyderabad_WH,3847,5166,5475,2023-01-01,None,None
INV001531,P002,Delhi_WH,1160,3273,2255,2023-01-01,None,None
INV001532,P002,Mumbai_WH,4433,2306,786,2023-01-01,None,None
INV001533,P002,Bengaluru_WH,4766,1518,2393,2023-01-01,None,None
INV001534,P002,Kolkata_WH,900,1379,7302,2023-01-01,None,None
INV001535,P002,Hyderabad_WH,1279,7158,9181,2023-01-01,None,None
INV001536,P003,Delhi_WH,997,6312,8796,2023-01-01,None,None
INV001537,P003,Mumbai_WH,3435,5274,5561,2023-01-01,None,None
INV001538,P003,Bengaluru_WH,2794,3787,1748,2023-01-01,None,None
INV001539,P003,Kolkata_WH,1247,636,1508,2023-01-01,None,None
INV001540,P003,Hyderabad_WH,1666,854,6544,2023-01-01,None,None
INV001541,P004,Delhi_WH,4740,1269,626,2023-01-01,None,None
INV001542,P004,Mumbai_WH,725,1407,878,2023-01-01,None,None
INV001543,P004,Bengaluru_WH,2593,952,3494,2023-01-01,None,None
INV001544,P004,Kolkata_WH,1898,3526,9289,2023-01-01,None,None
INV001545,P004,Hyderabad_WH,3355,6053,2785,2023-01-01,None,None
INV001546,P005,Delhi_WH,4050,9509,8544,2023-01-01,None,None
INV001547,P005,Mumbai_WH,3854,4912,5791,2023-01-01,None,None
INV001548,P005,Bengaluru_WH,2876,217,8365,2023-01-01,None,None
INV001549,P005,Kolkata_WH,2595,647,3485,2023-01-01,None,None
INV001550,P005,Hyderabad_WH,4801,4448,5012,2023-01-01,None,None
INV001551,P006,Delhi_WH,802,3949,4172,2023-01-01,None,None
INV001552,P006,Mumbai_WH,2416,4166,6298,2023-01-01,None,None
INV001553,P006,Bengaluru_WH,2347,5262,3370,2023-01-01,None,None
INV001554,P006,Kolkata_WH,1095,1449,1867,2023-01-01,None,None
INV001555,P006,Hyderabad_WH,335,40,4727,2023-01-01,None,None
INV001556,P007,Delhi_WH,1929,3062,1698,2023-01-01,None,None
INV001557,P007,Mumbai_WH,1754,2658,9508,2023-01-01,None,None
INV001558,P007,Bengaluru_WH,4624,1507,516,2023-01-01,None,None
INV001559,P007,Kolkata_WH,4665,11105,9235,2023-01-01,None,None
INV001560,P007,Hyderabad_WH,4373,3812,9377,2023-01-01,None,None
INV001561,P008,Delhi_WH,2934,1575,964,2023-01-01,None,None
INV001562,P008,Mumbai_WH,3104,173,3299,2023-01-01,None,None
INV001563,P008,Bengaluru_WH,2115,1066,8527,2023-01-01,None,None
INV001564,P008,Kolkata_WH,2669,809,6980,2023-01-01,None,None
INV001565,P008,Hyderabad_WH,1856,2419,9851,2023-01-01,None,None
INV001566,P009,Delhi_WH,1736,4866,4630,2023-01-01,None,None
INV001567,P009,Mumbai_WH,4192,3208,4640,2023-01-01,None,None
INV001568,P009,Bengaluru_WH,2390,7077,6294,2023-01-01,None,None
INV001569,P009,Kolkata_WH,4797,3521,1250,2023-01-01,None,None
INV001570,P009,Hyderabad_WH,648,8922,9408,2023-01-01,None,None
INV001571,P010,Delhi_WH,1565,1635,1538,2023-01-01,None,None
INV001572,P010,Mumbai_WH,374,730,3729,2023-01-01,None,None
INV001573,P010,Bengaluru_WH,3874,956,2870,2023-01-01,None,None
INV001574,P010,Kolkata_WH,156,6682,8695,2023-01-01,None,None
INV001575,P010,Hyderabad_WH,3622,6438,8328,2023-01-01,None,None
INV001576,P011,Delhi_WH,4567,3521,672,2023-01-01,None,None
INV001577,P011,Mumbai_WH,4039,2748,1184,2023-01-01,None,None
INV001578,P011,Bengaluru_WH,4574,3844,5134,2023-01-01,None,None
INV001579,P011,Kolkata_WH,3303,4522,4407,2023-01-01,None,None
INV001580,P011,Hyderabad_WH,882,8640,9783,2023-01-01,None,None
INV001581,P012,Delhi_WH,4047,5577,2789,2023-01-01,None,None
INV001582,P012,Mumbai_WH,1433,7087,8473,2023-01-01,None,None
INV001583,P012,Bengaluru_WH,2251,557,1658,2023-01-01,None,None
INV001584,P012,Kolkata_WH,370,343,8702,2023-01-01,None,None
INV001585,P012,Hyderabad_WH,3398,7751,9132,2023-01-01,None,None
INV001586,P013,Delhi_WH,3382,11217,8241,2023-01-01,None,None
INV001587,P013,Mumbai_WH,2675,546,845,2023-01-01,None,None
INV001588,P013,Bengaluru_WH,1353,5095,4024,2023-01-01,None,None
INV001589,P013,Kolkata_WH,3826,6876,5395,2023-01-01,None,None
INV001590,P013,Hyderabad_WH,1729,1103,6279,2023-01-01,None,None
INV001591,P014,Delhi_WH,4890,3633,1527,2023-01-01,None,None
INV001592,P014,Mumbai_WH,4305,7060,7921,2023-01-01,None,None
INV001593,P014,Bengaluru_WH,1199,598,3014,2023-01-01,None,None
INV001594,P014,Kolkata_WH,2710,2353,1614,2023-01-01,None,None
INV001595,P014,Hyderabad_WH,972,3050,3687,2023-01-01,None,None
INV001596,P015,Delhi_WH,4333,5652,1774,2023-01-01,None,None
INV001597,P015,Mumbai_WH,4376,6009,2497,2023-01-01,None,None
INV001598,P015,Bengaluru_WH,547,4511,5607,2023-01-01,None,None
INV001599,P015,Kolkata_WH,1187,2055,9247,2023-01-01,None,None
INV001600,P015,Hyderabad_WH,779,3932,7595,2023-01-01,None,None
INV001601,P016,Delhi_WH,4512,3242,4968,2023-01-01,None,None
INV001602,P016,Mumbai_WH,2138,5973,5016,2023-01-01,None,None
INV001603,P016,Bengaluru_WH,1170,3606,2636,2023-01-01,None,None
INV001604,P016,Kolkata_WH,4410,8547,6288,2023-01-01,None,None
INV001605,P016,Hyderabad_WH,284,743,1755,2023-01-01,None,None
INV001606,P017,Delhi_WH,547,1616,3872,2023-01-01,None,None
INV001607,P017,Mumbai_WH,1373,5592,8946,2023-01-01,None,None
INV001608,P017,Bengaluru_WH,4602,14199,9758,2023-01-01,None,None
INV001609,P017,Kolkata_WH,4068,4569,554,2023-01-01,None,None
INV001610,P017,Hyderabad_WH,3304,2311,5288,2023-01-01,None,None
INV001611,P018,Delhi_WH,4497,7423,2952,2023-01-01,None,None
INV001612,P018,Mumbai_WH,4000,2839,2247,2023-01-01,None,None
INV001613,P018,Bengaluru_WH,4698,1413,6688,2023-01-01,None,None
INV001614,P018,Kolkata_WH,453,2028,2789,2023-01-01,None,None
INV001615,P018,Hyderabad_WH,3050,8990,8662,2023-01-01,None,None
INV001616,P001,Delhi_WH,2951,1082,824,2023-02-01,None,None
INV001617,P001,Mumbai_WH,1986,4971,4521,2023-02-01,None,None
INV001618,P001,Bengaluru_WH,578,1937,7773,2023-02-01,None,None
INV001619,P001,Kolkata_WH,4536,2196,8256,2023-02-01,None,None
INV001620,P001,Hyderabad_WH,1532,8249,7224,2023-02-01,None,None
INV001621,P002,Delhi_WH,213,2408,8752,2023-02-01,None,None
INV001622,P002,Mumbai_WH,3839,245,2599,2023-02-01,None,None
INV001623,P002,Bengaluru_WH,3405,8101,4883,2023-02-01,None,None
INV001624,P002,Kolkata_WH,3220,2524,8052,2023-02-01,None,None
INV001625,P002,Hyderabad_WH,4159,3131,9581,2023-02-01,None,None
INV001626,P003,Delhi_WH,1162,1762,901,2023-02-01,None,None
INV001627,P003,Mumbai_WH,505,102,3466,2023-02-01,None,None
INV001628,P003,Bengaluru_WH,4369,3391,2366,2023-02-01,None,None
INV001629,P003,Kolkata_WH,3711,3579,2379,2023-02-01,None,None
INV001630,P003,Hyderabad_WH,3129,10776,7811,2023-02-01,None,None
INV001631,P004,Delhi_WH,4895,1276,3282,2023-02-01,None,None
INV001632,P004,Mumbai_WH,4332,1714,5103,2023-02-01,None,None
INV001633,P004,Bengaluru_WH,2272,1055,5259,2023-02-01,None,None
INV001634,P004,Kolkata_WH,2224,6792,9603,2023-02-01,None,None
INV001635,P004,Hyderabad_WH,4622,4550,2654,2023-02-01,None,None
INV001636,P005,Delhi_WH,1320,991,2678,2023-02-01,None,None
INV001637,P005,Mumbai_WH,2844,5678,3361,2023-02-01,None,None
INV001638,P005,Bengaluru_WH,4984,2478,6271,2023-02-01,None,None
INV001639,P005,Kolkata_WH,1778,2027,1741,2023-02-01,None,None
INV001640,P005,Hyderabad_WH,386,453,829,2023-02-01,None,None
INV001641,P006,Delhi_WH,3935,115,7402,2023-02-01,None,None
INV001642,P006,Mumbai_WH,516,6621,7348,2023-02-01,None,None
INV001643,P006,Bengaluru_WH,1320,3826,5122,2023-02-01,None,None
INV001644,P006,Kolkata_WH,388,8000,9546,2023-02-01,None,None
INV001645,P006,Hyderabad_WH,2624,964,5277,2023-02-01,None,None
INV001646,P007,Delhi_WH,1418,2893,2465,2023-02-01,None,None
INV001647,P007,Mumbai_WH,4473,5698,5562,2023-02-01,None,None
INV001648,P007,Bengaluru_WH,1460,5198,4669,2023-02-01,None,None
INV001649,P007,Kolkata_WH,3845,7594,4847,2023-02-01,None,None
INV001650,P007,Hyderabad_WH,780,1584,6477,2023-02-01,None,None
INV001651,P008,Delhi_WH,2299,2067,2001,2023-02-01,None,None
INV001652,P008,Mumbai_WH,3991,281,977,2023-02-01,None,None
INV001653,P008,Bengaluru_WH,2065,1710,6823,2023-02-01,None,None
INV001654,P008,Kolkata_WH,1657,6892,6314,2023-02-01,None,None
INV001655,P008,Hyderabad_WH,1566,2161,3302,2023-02-01,None,None
INV001656,P009,Delhi_WH,4357,8031,4593,2023-02-01,None,None
INV001657,P009,Mumbai_WH,2366,4002,6681,2023-02-01,None,None
INV001658,P009,Bengaluru_WH,3742,4207,1227,2023-02-01,None,None
INV001659,P009,Kolkata_WH,1802,3316,5964,2023-02-01,None,None
INV001660,P009,Hyderabad_WH,2376,11228,9356,2023-02-01,None,None
INV001661,P010,Delhi_WH,2855,626,1301,2023-02-01,None,None
INV001662,P010,Mumbai_WH,3962,2005,4097,2023-02-01,None,None
INV001663,P010,Bengaluru_WH,493,2171,2528,2023-02-01,None,None
INV001664,P010,Kolkata_WH,910,5554,9921,2023-02-01,None,None
INV001665,P010,Hyderabad_WH,3309,6383,6732,2023-02-01,None,None
INV001666,P011,Delhi_WH,2104,5197,7007,2023-02-01,None,None
INV001667,P011,Mumbai_WH,134,6269,8355,2023-02-01,None,None
INV001668,P011,Bengaluru_WH,374,3064,3710,2023-02-01,None,None
INV001669,P011,Kolkata_WH,4902,4704,2019,2023-02-01,None,None
INV001670,P011,Hyderabad_WH,927,4630,9443,2023-02-01,None,None
INV001671,P012,Delhi_WH,4551,648,7593,2023-02-01,None,None
INV001672,P012,Mumbai_WH,3752,3931,1470,2023-02-01,None,None
INV001673,P012,Bengaluru_WH,4680,2334,1234,2023-02-01,None,None
INV001674,P012,Kolkata_WH,3138,573,6297,2023-02-01,None,None
INV001675,P012,Hyderabad_WH,1437,4646,6792,2023-02-01,None,None
INV001676,P013,Delhi_WH,4093,3719,4665,2023-02-01,None,None
INV001677,P013,Mumbai_WH,2594,7111,9354,2023-02-01,None,None
INV001678,P013,Bengaluru_WH,2824,1366,1910,2023-02-01,None,None
INV001679,P013,Kolkata_WH,4185,877,1798,2023-02-01,None,None
INV001680,P013,Hyderabad_WH,1367,2254,4753,2023-02-01,None,None
INV001681,P014,Delhi_WH,3514,3826,5697,2023-02-01,None,None
INV001682,P014,Mumbai_WH,2868,7268,8241,2023-02-01,None,None
INV001683,P014,Bengaluru_WH,2699,110,3533,2023-02-01,None,None
INV001684,P014,Kolkata_WH,285,1367,1810,2023-02-01,None,None
INV001685,P014,Hyderabad_WH,2043,6113,6922,2023-02-01,None,None
INV001686,P015,Delhi_WH,4045,4117,1984,2023-02-01,None,None
INV001687,P015,Mumbai_WH,4648,2415,848,2023-02-01,None,None
INV001688,P015,Bengaluru_WH,1543,185,4557,2023-02-01,None,None
INV001689,P015,Kolkata_WH,2828,1303,534,2023-02-01,None,None
INV001690,P015,Hyderabad_WH,1496,7399,6470,2023-02-01,None,None
INV001691,P016,Delhi_WH,906,5339,8402,2023-02-01,None,None
INV001692,P016,Mumbai_WH,4894,182,1319,2023-02-01,None,None
INV001693,P016,Bengaluru_WH,833,124,2110,2023-02-01,None,None
INV001694,P016,Kolkata_WH,4471,11679,9211,2023-02-01,None,None
INV001695,P016,Hyderabad_WH,2780,5433,4176,2023-02-01,None,None
INV001696,P017,Delhi_WH,4465,5250,936,2023-02-01,None,None
INV001697,P017,Mumbai_WH,3732,1494,3072,2023-02-01,None,None
INV001698,P017,Bengaluru_WH,1120,6206,6582,2023-02-01,None,None
INV001699,P017,Kolkata_WH,4001,2369,5122,2023-02-01,None,None
INV001700,P017,Hyderabad_WH,4775,3232,1195,2023-02-01,None,None
INV001701,P018,Delhi_WH,4235,5104,5690,2023-02-01,None,None
INV001702,P018,Mumbai_WH,3537,4739,8834,2023-02-01,None,None
INV001703,P018,Bengaluru_WH,2773,4303,2856,2023-02-01,None,None
INV001704,P018,Kolkata_WH,863,3106,6969,2023-02-01,None,None
INV001705,P018,Hyderabad_WH,3386,4912,3104,2023-02-01,None,None
INV001706,P001,Delhi_WH,4007,4014,8769,2023-03-01,None,None
INV001707,P001,Mumbai_WH,3026,5855,6460,2023-03-01,None,None
INV001708,P001,Bengaluru_WH,625,720,1333,2023-03-01,None,None
INV001709,P001,Kolkata_WH,3350,936,2618,2023-03-01,None,None
INV001710,P001,Hyderabad_WH,4078,8415,5900,2023-03-01,None,None
INV001711,P002,Delhi_WH,2456,3142,697,2023-03-01,None,None
INV001712,P002,Mumbai_WH,2597,1626,4591,2023-03-01,None,None
INV001713,P002,Bengaluru_WH,1788,444,3389,2023-03-01,None,None
INV001714,P002,Kolkata_WH,2115,34,817,2023-03-01,None,None
INV001715,P002,Hyderabad_WH,3683,4271,3510,2023-03-01,None,None
INV001716,P003,Delhi_WH,4329,9299,8074,2023-03-01,None,None
INV001717,P003,Mumbai_WH,4673,3634,3542,2023-03-01,None,None
INV001718,P003,Bengaluru_WH,1397,1507,9927,2023-03-01,None,None
INV001719,P003,Kolkata_WH,2783,12229,9988,2023-03-01,None,None
INV001720,P003,Hyderabad_WH,2832,5177,6159,2023-03-01,None,None
INV001721,P004,Delhi_WH,1696,1086,1816,2023-03-01,None,None
INV001722,P004,Mumbai_WH,1092,3927,7357,2023-03-01,None,None
INV001723,P004,Bengaluru_WH,761,4827,4349,2023-03-01,None,None
INV001724,P004,Kolkata_WH,2791,11963,9898,2023-03-01,None,None
INV001725,P004,Hyderabad_WH,2077,2366,5533,2023-03-01,None,None
INV001726,P005,Delhi_WH,2029,5283,3323,2023-03-01,None,None
INV001727,P005,Mumbai_WH,145,5104,8850,2023-03-01,None,None
INV001728,P005,Bengaluru_WH,4537,114,5763,2023-03-01,None,None
INV001729,P005,Kolkata_WH,3658,10055,7886,2023-03-01,None,None
INV001730,P005,Hyderabad_WH,1401,725,2031,2023-03-01,None,None
INV001731,P006,Delhi_WH,1286,1167,3930,2023-03-01,None,None
INV001732,P006,Mumbai_WH,2762,819,6315,2023-03-01,None,None
INV001733,P006,Bengaluru_WH,4393,158,5018,2023-03-01,None,None
INV001734,P006,Kolkata_WH,3529,5772,6515,2023-03-01,None,None
INV001735,P006,Hyderabad_WH,4979,8496,6289,2023-03-01,None,None
INV001736,P007,Delhi_WH,3350,3185,5495,2023-03-01,None,None
INV001737,P007,Mumbai_WH,1905,1118,7754,2023-03-01,None,None
INV001738,P007,Bengaluru_WH,2451,4064,6548,2023-03-01,None,None
INV001739,P007,Kolkata_WH,682,831,3638,2023-03-01,None,None
INV001740,P007,Hyderabad_WH,1628,5111,3968,2023-03-01,None,None
INV001741,P008,Delhi_WH,3501,9150,7337,2023-03-01,None,None
INV001742,P008,Mumbai_WH,1312,8850,8982,2023-03-01,None,None
INV001743,P008,Bengaluru_WH,2299,4315,2084,2023-03-01,None,None
INV001744,P008,Kolkata_WH,812,9323,8784,2023-03-01,None,None
INV001745,P008,Hyderabad_WH,4171,7803,6867,2023-03-01,None,None
INV001746,P009,Delhi_WH,3963,12357,9227,2023-03-01,None,None
INV001747,P009,Mumbai_WH,3881,3142,1004,2023-03-01,None,None
INV001748,P009,Bengaluru_WH,4871,6700,3688,2023-03-01,None,None
INV001749,P009,Kolkata_WH,630,1358,977,2023-03-01,None,None
INV001750,P009,Hyderabad_WH,4800,5467,1118,2023-03-01,None,None
INV001751,P010,Delhi_WH,624,2581,8894,2023-03-01,None,None
INV001752,P010,Mumbai_WH,158,1379,1411,2023-03-01,None,None
INV001753,P010,Bengaluru_WH,2309,362,4378,2023-03-01,None,None
INV001754,P010,Kolkata_WH,4336,5433,6212,2023-03-01,None,None
INV001755,P010,Hyderabad_WH,4938,8428,7153,2023-03-01,None,None
INV001756,P011,Delhi_WH,2613,9235,9450,2023-03-01,None,None
INV001757,P011,Mumbai_WH,455,4196,8137,2023-03-01,None,None
INV001758,P011,Bengaluru_WH,4840,11421,7416,2023-03-01,None,None
INV001759,P011,Kolkata_WH,1490,5606,4429,2023-03-01,None,None
INV001760,P011,Hyderabad_WH,3937,12283,9075,2023-03-01,None,None
INV001761,P012,Delhi_WH,3263,2888,9382,2023-03-01,None,None
INV001762,P012,Mumbai_WH,3989,7401,4530,2023-03-01,None,None
INV001763,P012,Bengaluru_WH,1677,2923,8297,2023-03-01,None,None
INV001764,P012,Kolkata_WH,4172,1005,9708,2023-03-01,None,None
INV001765,P012,Hyderabad_WH,465,1445,1086,2023-03-01,None,None
INV001766,P013,Delhi_WH,1067,5633,8664,2023-03-01,None,None
INV001767,P013,Mumbai_WH,971,5295,9514,2023-03-01,None,None
INV001768,P013,Bengaluru_WH,4392,10782,8744,2023-03-01,None,None
INV001769,P013,Kolkata_WH,1621,40,1529,2023-03-01,None,None
INV001770,P013,Hyderabad_WH,2749,2434,1491,2023-03-01,None,None
INV001771,P014,Delhi_WH,1867,4548,9564,2023-03-01,None,None
INV001772,P014,Mumbai_WH,4368,10285,7933,2023-03-01,None,None
INV001773,P014,Bengaluru_WH,343,513,1348,2023-03-01,None,None
INV001774,P014,Kolkata_WH,3148,3920,5704,2023-03-01,None,None
INV001775,P014,Hyderabad_WH,4045,4251,9331,2023-03-01,None,None
INV001776,P015,Delhi_WH,4375,2706,810,2023-03-01,None,None
INV001777,P015,Mumbai_WH,1093,1133,1025,2023-03-01,None,None
INV001778,P015,Bengaluru_WH,827,3612,3950,2023-03-01,None,None
INV001779,P015,Kolkata_WH,610,588,1468,2023-03-01,None,None
INV001780,P015,Hyderabad_WH,3133,8110,7983,2023-03-01,None,None
INV001781,P016,Delhi_WH,3457,2618,1719,2023-03-01,None,None
INV001782,P016,Mumbai_WH,4263,4567,1950,2023-03-01,None,None
INV001783,P016,Bengaluru_WH,3569,8030,7345,2023-03-01,None,None
INV001784,P016,Kolkata_WH,3478,723,3872,2023-03-01,None,None
INV001785,P016,Hyderabad_WH,3109,10005,9509,2023-03-01,None,None
INV001786,P017,Delhi_WH,4593,5366,2400,2023-03-01,None,None
INV001787,P017,Mumbai_WH,4300,6631,2657,2023-03-01,None,None
INV001788,P017,Bengaluru_WH,2942,1959,9136,2023-03-01,None,None
INV001789,P017,Kolkata_WH,3521,4017,1997,2023-03-01,None,None
INV001790,P017,Hyderabad_WH,2077,705,4467,2023-03-01,None,None
INV001791,P018,Delhi_WH,984,4017,5158,2023-03-01,None,None
INV001792,P018,Mumbai_WH,4527,10668,9682,2023-03-01,None,None
INV001793,P018,Bengaluru_WH,3240,531,1292,2023-03-01,None,None
INV001794,P018,Kolkata_WH,3234,714,1363,2023-03-01,None,None
INV001795,P018,Hyderabad_WH,3251,4902,3729,2023-03-01,None,None
INV001796,P001,Delhi_WH,387,1629,4059,2023-04-01,None,None
INV001797,P001,Mumbai_WH,451,2311,2514,2023-04-01,None,None
INV001798,P001,Bengaluru_WH,3058,5975,5441,2023-04-01,None,None
INV001799,P001,Kolkata_WH,2373,4531,5064,2023-04-01,None,None
INV001800,P001,Hyderabad_WH,2153,6694,7422,2023-04-01,None,None
INV001801,P002,Delhi_WH,1842,2124,1449,2023-04-01,None,None
INV001802,P002,Mumbai_WH,4174,4144,4428,2023-04-01,None,None
INV001803,P002,Bengaluru_WH,3223,2082,3449,2023-04-01,None,None
INV001804,P002,Kolkata_WH,3708,5582,9935,2023-04-01,None,None
INV001805,P002,Hyderabad_WH,4111,10501,9506,2023-04-01,None,None
INV001806,P003,Delhi_WH,2764,2260,5985,2023-04-01,None,None
INV001807,P003,Mumbai_WH,352,3620,5377,2023-04-01,None,None
INV001808,P003,Bengaluru_WH,1074,1813,8175,2023-04-01,None,None
INV001809,P003,Kolkata_WH,4491,3180,6806,2023-04-01,None,None
INV001810,P003,Hyderabad_WH,3732,11364,9521,2023-04-01,None,None
INV001811,P004,Delhi_WH,4823,1131,8303,2023-04-01,None,None
INV001812,P004,Mumbai_WH,4689,1632,2563,2023-04-01,None,None
INV001813,P004,Bengaluru_WH,4663,3313,9473,2023-04-01,None,None
INV001814,P004,Kolkata_WH,3957,1967,894,2023-04-01,None,None
INV001815,P004,Hyderabad_WH,2795,92,961,2023-04-01,None,None
INV001816,P005,Delhi_WH,4674,6735,9504,2023-04-01,None,None
INV001817,P005,Mumbai_WH,2774,2504,1456,2023-04-01,None,None
INV001818,P005,Bengaluru_WH,2952,2389,1484,2023-04-01,None,None
INV001819,P005,Kolkata_WH,3478,3899,4836,2023-04-01,None,None
INV001820,P005,Hyderabad_WH,3983,2837,2556,2023-04-01,None,None
INV001821,P006,Delhi_WH,1048,4162,9124,2023-04-01,None,None
INV001822,P006,Mumbai_WH,2035,3756,6184,2023-04-01,None,None
INV001823,P006,Bengaluru_WH,3632,1654,8592,2023-04-01,None,None
INV001824,P006,Kolkata_WH,3827,6793,7214,2023-04-01,None,None
INV001825,P006,Hyderabad_WH,4324,4284,2275,2023-04-01,None,None
INV001826,P007,Delhi_WH,1390,5880,8107,2023-04-01,None,None
INV001827,P007,Mumbai_WH,3183,2465,1335,2023-04-01,None,None
INV001828,P007,Bengaluru_WH,2878,7179,6882,2023-04-01,None,None
INV001829,P007,Kolkata_WH,2257,317,7709,2023-04-01,None,None
INV001830,P007,Hyderabad_WH,4817,3681,2523,2023-04-01,None,None
INV001831,P008,Delhi_WH,1311,5558,4429,2023-04-01,None,None
INV001832,P008,Mumbai_WH,4623,3332,9549,2023-04-01,None,None
INV001833,P008,Bengaluru_WH,850,858,8210,2023-04-01,None,None
INV001834,P008,Kolkata_WH,111,865,2792,2023-04-01,None,None
INV001835,P008,Hyderabad_WH,3631,7470,7943,2023-04-01,None,None
INV001836,P009,Delhi_WH,4768,3914,1505,2023-04-01,None,None
INV001837,P009,Mumbai_WH,2153,4051,6668,2023-04-01,None,None
INV001838,P009,Bengaluru_WH,2012,3931,8919,2023-04-01,None,None
INV001839,P009,Kolkata_WH,1884,7006,6256,2023-04-01,None,None
INV001840,P009,Hyderabad_WH,4612,11867,9948,2023-04-01,None,None
INV001841,P010,Delhi_WH,307,2679,6507,2023-04-01,None,None
INV001842,P010,Mumbai_WH,690,2196,7623,2023-04-01,None,None
INV001843,P010,Bengaluru_WH,1512,146,1611,2023-04-01,None,None
INV001844,P010,Kolkata_WH,578,1144,4110,2023-04-01,None,None
INV001845,P010,Hyderabad_WH,3853,3080,7163,2023-04-01,None,None
INV001846,P011,Delhi_WH,3015,5057,4644,2023-04-01,None,None
INV001847,P011,Mumbai_WH,2337,8576,8882,2023-04-01,None,None
INV001848,P011,Bengaluru_WH,4836,3395,4605,2023-04-01,None,None
INV001849,P011,Kolkata_WH,279,1504,2085,2023-04-01,None,None
INV001850,P011,Hyderabad_WH,2361,3617,1744,2023-04-01,None,None
INV001851,P012,Delhi_WH,378,1998,4950,2023-04-01,None,None
INV001852,P012,Mumbai_WH,2799,331,8631,2023-04-01,None,None
INV001853,P012,Bengaluru_WH,3932,8692,8053,2023-04-01,None,None
INV001854,P012,Kolkata_WH,3685,3138,7477,2023-04-01,None,None
INV001855,P012,Hyderabad_WH,4106,5378,4456,2023-04-01,None,None
INV001856,P013,Delhi_WH,295,175,658,2023-04-01,None,None
INV001857,P013,Mumbai_WH,2695,1871,3235,2023-04-01,None,None
INV001858,P013,Bengaluru_WH,4510,2274,5856,2023-04-01,None,None
INV001859,P013,Kolkata_WH,2464,7975,6240,2023-04-01,None,None
INV001860,P013,Hyderabad_WH,1157,5747,6692,2023-04-01,None,None
INV001861,P014,Delhi_WH,3077,5234,9510,2023-04-01,None,None
INV001862,P014,Mumbai_WH,620,2710,3667,2023-04-01,None,None
INV001863,P014,Bengaluru_WH,292,2743,4945,2023-04-01,None,None
INV001864,P014,Kolkata_WH,2180,2335,9473,2023-04-01,None,None
INV001865,P014,Hyderabad_WH,3914,3740,4919,2023-04-01,None,None
INV001866,P015,Delhi_WH,796,5843,6821,2023-04-01,None,None
INV001867,P015,Mumbai_WH,2816,874,3406,2023-04-01,None,None
INV001868,P015,Bengaluru_WH,4179,929,593,2023-04-01,None,None
INV001869,P015,Kolkata_WH,3444,1691,7494,2023-04-01,None,None
INV001870,P015,Hyderabad_WH,383,2144,7547,2023-04-01,None,None
INV001871,P016,Delhi_WH,147,4729,9193,2023-04-01,None,None
INV001872,P016,Mumbai_WH,3543,1961,1420,2023-04-01,None,None
INV001873,P016,Bengaluru_WH,2823,2861,1008,2023-04-01,None,None
INV001874,P016,Kolkata_WH,3587,8733,5910,2023-04-01,None,None
INV001875,P016,Hyderabad_WH,2683,9597,6991,2023-04-01,None,None
INV001876,P017,Delhi_WH,3776,10066,8222,2023-04-01,None,None
INV001877,P017,Mumbai_WH,4769,70,2133,2023-04-01,None,None
INV001878,P017,Bengaluru_WH,3233,6258,3589,2023-04-01,None,None
INV001879,P017,Kolkata_WH,875,9343,8735,2023-04-01,None,None
INV001880,P017,Hyderabad_WH,828,5881,6488,2023-04-01,None,None
INV001881,P018,Delhi_WH,2999,2598,2041,2023-04-01,None,None
INV001882,P018,Mumbai_WH,2794,2111,6039,2023-04-01,None,None
INV001883,P018,Bengaluru_WH,5000,2815,3041,2023-04-01,None,None
INV001884,P018,Kolkata_WH,3072,3066,9297,2023-04-01,None,None
INV001885,P018,Hyderabad_WH,587,1551,1482,2023-04-01,None,None
INV001886,P001,Delhi_WH,3666,1512,3182,2023-05-01,None,None
INV001887,P001,Mumbai_WH,4797,6753,4674,2023-05-01,None,None
INV001888,P001,Bengaluru_WH,4547,4970,9667,2023-05-01,None,None
INV001889,P001,Kolkata_WH,4827,1675,3698,2023-05-01,None,None
INV001890,P001,Hyderabad_WH,4715,9461,4861,2023-05-01,None,None
INV001891,P002,Delhi_WH,1595,1880,5034,2023-05-01,None,None
INV001892,P002,Mumbai_WH,1650,2526,1070,2023-05-01,None,None
INV001893,P002,Bengaluru_WH,454,2059,1630,2023-05-01,None,None
INV001894,P002,Kolkata_WH,631,926,3757,2023-05-01,None,None
INV001895,P002,Hyderabad_WH,1622,1519,1216,2023-05-01,None,None
INV001896,P003,Delhi_WH,3965,956,1383,2023-05-01,None,None
INV001897,P003,Mumbai_WH,1772,1490,1773,2023-05-01,None,None
INV001898,P003,Bengaluru_WH,829,4134,3915,2023-05-01,None,None
INV001899,P003,Kolkata_WH,3714,3224,4072,2023-05-01,None,None
INV001900,P003,Hyderabad_WH,739,973,1740,2023-05-01,None,None
INV001901,P004,Delhi_WH,3139,1196,6595,2023-05-01,None,None
INV001902,P004,Mumbai_WH,1708,2690,7299,2023-05-01,None,None
INV001903,P004,Bengaluru_WH,2017,2901,3478,2023-05-01,None,None
INV001904,P004,Kolkata_WH,1850,6516,9927,2023-05-01,None,None
INV001905,P004,Hyderabad_WH,3378,320,4991,2023-05-01,None,None
INV001906,P005,Delhi_WH,3538,11420,8275,2023-05-01,None,None
INV001907,P005,Mumbai_WH,194,359,8083,2023-05-01,None,None
INV001908,P005,Bengaluru_WH,4625,2682,3043,2023-05-01,None,None
INV001909,P005,Kolkata_WH,5000,2131,3191,2023-05-01,None,None
INV001910,P005,Hyderabad_WH,3594,981,9481,2023-05-01,None,None
INV001911,P006,Delhi_WH,1358,6486,5218,2023-05-01,None,None
INV001912,P006,Mumbai_WH,4503,1381,2797,2023-05-01,None,None
INV001913,P006,Bengaluru_WH,2185,832,4723,2023-05-01,None,None
INV001914,P006,Kolkata_WH,1092,4321,9164,2023-05-01,None,None
INV001915,P006,Hyderabad_WH,3574,391,979,2023-05-01,None,None
INV001916,P007,Delhi_WH,1369,442,8037,2023-05-01,None,None
INV001917,P007,Mumbai_WH,1123,2405,4875,2023-05-01,None,None
INV001918,P007,Bengaluru_WH,1734,2042,1978,2023-05-01,None,None
INV001919,P007,Kolkata_WH,2913,7540,9755,2023-05-01,None,None
INV001920,P007,Hyderabad_WH,2599,6874,7909,2023-05-01,None,None
INV001921,P008,Delhi_WH,398,2926,3117,2023-05-01,None,None
INV001922,P008,Mumbai_WH,2388,6070,5987,2023-05-01,None,None
INV001923,P008,Bengaluru_WH,2956,2861,3374,2023-05-01,None,None
INV001924,P008,Kolkata_WH,3984,3968,4513,2023-05-01,None,None
INV001925,P008,Hyderabad_WH,3465,2425,3856,2023-05-01,None,None
INV001926,P009,Delhi_WH,3561,1773,9454,2023-05-01,None,None
INV001927,P009,Mumbai_WH,1692,10633,9367,2023-05-01,None,None
INV001928,P009,Bengaluru_WH,3298,5940,2853,2023-05-01,None,None
INV001929,P009,Kolkata_WH,4181,3128,7144,2023-05-01,None,None
INV001930,P009,Hyderabad_WH,1730,3485,4882,2023-05-01,None,None
INV001931,P010,Delhi_WH,2753,10755,9645,2023-05-01,None,None
INV001932,P010,Mumbai_WH,4132,2029,7433,2023-05-01,None,None
INV001933,P010,Bengaluru_WH,146,994,1060,2023-05-01,None,None
INV001934,P010,Kolkata_WH,2585,4224,9115,2023-05-01,None,None
INV001935,P010,Hyderabad_WH,4244,7149,5499,2023-05-01,None,None
INV001936,P011,Delhi_WH,2636,7785,7478,2023-05-01,None,None
INV001937,P011,Mumbai_WH,900,346,5358,2023-05-01,None,None
INV001938,P011,Bengaluru_WH,4425,2400,6011,2023-05-01,None,None
INV001939,P011,Kolkata_WH,927,3689,6361,2023-05-01,None,None
INV001940,P011,Hyderabad_WH,4126,7374,9033,2023-05-01,None,None
INV001941,P012,Delhi_WH,3279,4736,8420,2023-05-01,None,None
INV001942,P012,Mumbai_WH,224,2477,6598,2023-05-01,None,None
INV001943,P012,Bengaluru_WH,1364,3732,8699,2023-05-01,None,None
INV001944,P012,Kolkata_WH,3879,8789,8155,2023-05-01,None,None
INV001945,P012,Hyderabad_WH,2834,3402,4739,2023-05-01,None,None
INV001946,P013,Delhi_WH,3273,3319,787,2023-05-01,None,None
INV001947,P013,Mumbai_WH,3134,6020,6849,2023-05-01,None,None
INV001948,P013,Bengaluru_WH,1642,1098,4179,2023-05-01,None,None
INV001949,P013,Kolkata_WH,3197,2032,6640,2023-05-01,None,None
INV001950,P013,Hyderabad_WH,4333,1193,5275,2023-05-01,None,None
INV001951,P014,Delhi_WH,3239,5361,5206,2023-05-01,None,None
INV001952,P014,Mumbai_WH,4456,8227,4974,2023-05-01,None,None
INV001953,P014,Bengaluru_WH,4256,1762,8198,2023-05-01,None,None
INV001954,P014,Kolkata_WH,4129,4004,1493,2023-05-01,None,None
INV001955,P014,Hyderabad_WH,4121,11513,8378,2023-05-01,None,None
INV001956,P015,Delhi_WH,3243,2116,1243,2023-05-01,None,None
INV001957,P015,Mumbai_WH,2993,5388,3157,2023-05-01,None,None
INV001958,P015,Bengaluru_WH,2905,4323,7284,2023-05-01,None,None
INV001959,P015,Kolkata_WH,2997,777,8964,2023-05-01,None,None
INV001960,P015,Hyderabad_WH,4756,5323,2270,2023-05-01,None,None
INV001961,P016,Delhi_WH,1575,2883,2036,2023-05-01,None,None
INV001962,P016,Mumbai_WH,551,685,4403,2023-05-01,None,None
INV001963,P016,Bengaluru_WH,1292,6472,8573,2023-05-01,None,None
INV001964,P016,Kolkata_WH,1343,2122,7185,2023-05-01,None,None
INV001965,P016,Hyderabad_WH,175,870,5490,2023-05-01,None,None
INV001966,P017,Delhi_WH,2636,330,9049,2023-05-01,None,None
INV001967,P017,Mumbai_WH,862,311,2861,2023-05-01,None,None
INV001968,P017,Bengaluru_WH,646,4583,5527,2023-05-01,None,None
INV001969,P017,Kolkata_WH,4895,11392,7581,2023-05-01,None,None
INV001970,P017,Hyderabad_WH,4969,4469,5436,2023-05-01,None,None
INV001971,P018,Delhi_WH,4412,2472,7566,2023-05-01,None,None
INV001972,P018,Mumbai_WH,632,262,3119,2023-05-01,None,None
INV001973,P018,Bengaluru_WH,1159,7693,6654,2023-05-01,None,None
INV001974,P018,Kolkata_WH,3888,9261,9589,2023-05-01,None,None
INV001975,P018,Hyderabad_WH,1510,1858,9520,2023-05-01,None,None
INV001976,P001,Delhi_WH,4649,4085,8261,2023-06-01,None,None
INV001977,P001,Mumbai_WH,663,4552,3912,2023-06-01,None,None
INV001978,P001,Bengaluru_WH,263,5523,5423,2023-06-01,None,None
INV001979,P001,Kolkata_WH,606,4540,5127,2023-06-01,None,None
INV001980,P001,Hyderabad_WH,4148,5438,1527,2023-06-01,None,None
INV001981,P002,Delhi_WH,2092,6489,7528,2023-06-01,None,None
INV001982,P002,Mumbai_WH,2955,3259,7046,2023-06-01,None,None
INV001983,P002,Bengaluru_WH,1820,1418,7301,2023-06-01,None,None
INV001984,P002,Kolkata_WH,1896,1154,6144,2023-06-01,None,None
INV001985,P002,Hyderabad_WH,1427,248,4547,2023-06-01,None,None
INV001986,P003,Delhi_WH,4790,5677,4510,2023-06-01,None,None
INV001987,P003,Mumbai_WH,297,3240,3210,2023-06-01,None,None
INV001988,P003,Bengaluru_WH,2904,3106,802,2023-06-01,None,None
INV001989,P003,Kolkata_WH,1158,9796,9601,2023-06-01,None,None
INV001990,P003,Hyderabad_WH,1713,4626,4585,2023-06-01,None,None
INV001991,P004,Delhi_WH,2693,10246,9422,2023-06-01,None,None
INV001992,P004,Mumbai_WH,3337,2500,5114,2023-06-01,None,None
INV001993,P004,Bengaluru_WH,4471,3315,1156,2023-06-01,None,None
INV001994,P004,Kolkata_WH,3725,974,9215,2023-06-01,None,None
INV001995,P004,Hyderabad_WH,2695,2084,1362,2023-06-01,None,None
INV001996,P005,Delhi_WH,3464,7794,6283,2023-06-01,None,None
INV001997,P005,Mumbai_WH,741,6054,7557,2023-06-01,None,None
INV001998,P005,Bengaluru_WH,1698,274,7354,2023-06-01,None,None
INV001999,P005,Kolkata_WH,677,5512,9738,2023-06-01,None,None
INV002000,P005,Hyderabad_WH,1631,3737,2478,2023-06-01,None,None
INV002001,P006,Delhi_WH,4321,4529,3655,2023-06-01,None,None
INV002002,P006,Mumbai_WH,4496,5989,2823,2023-06-01,None,None
INV002003,P006,Bengaluru_WH,1365,1652,729,2023-06-01,None,None
INV002004,P006,Kolkata_WH,3028,3866,9351,2023-06-01,None,None
INV002005,P006,Hyderabad_WH,2500,3477,5768,2023-06-01,None,None
INV002006,P007,Delhi_WH,4000,7181,8029,2023-06-01,None,None
INV002007,P007,Mumbai_WH,4141,1207,1025,2023-06-01,None,None
INV002008,P007,Bengaluru_WH,4309,3607,9325,2023-06-01,None,None
INV002009,P007,Kolkata_WH,2555,1524,2799,2023-06-01,None,None
INV002010,P007,Hyderabad_WH,2870,2734,2279,2023-06-01,None,None
INV002011,P008,Delhi_WH,3336,8448,8807,2023-06-01,None,None
INV002012,P008,Mumbai_WH,4136,1360,5318,2023-06-01,None,None
INV002013,P008,Bengaluru_WH,2034,1742,3168,2023-06-01,None,None
INV002014,P008,Kolkata_WH,701,4516,9560,2023-06-01,None,None
INV002015,P008,Hyderabad_WH,4883,9074,7074,2023-06-01,None,None
INV002016,P009,Delhi_WH,2693,5453,3289,2023-06-01,None,None
INV002017,P009,Mumbai_WH,509,8130,8531,2023-06-01,None,None
INV002018,P009,Bengaluru_WH,3591,1953,862,2023-06-01,None,None
INV002019,P009,Kolkata_WH,4960,1689,1561,2023-06-01,None,None
INV002020,P009,Hyderabad_WH,4318,1415,6773,2023-06-01,None,None
INV002021,P010,Delhi_WH,2939,6896,4109,2023-06-01,None,None
INV002022,P010,Mumbai_WH,2727,1286,3336,2023-06-01,None,None
INV002023,P010,Bengaluru_WH,243,9159,9748,2023-06-01,None,None
INV002024,P010,Kolkata_WH,2612,8051,6235,2023-06-01,None,None
INV002025,P010,Hyderabad_WH,3984,8614,9143,2023-06-01,None,None
INV002026,P011,Delhi_WH,1574,5134,4216,2023-06-01,None,None
INV002027,P011,Mumbai_WH,169,1098,4677,2023-06-01,None,None
INV002028,P011,Bengaluru_WH,3998,6079,6598,2023-06-01,None,None
INV002029,P011,Kolkata_WH,3333,628,3962,2023-06-01,None,None
INV002030,P011,Hyderabad_WH,154,4771,9284,2023-06-01,None,None
INV002031,P012,Delhi_WH,4715,1434,8633,2023-06-01,None,None
INV002032,P012,Mumbai_WH,1974,3188,1505,2023-06-01,None,None
INV002033,P012,Bengaluru_WH,2986,4217,4544,2023-06-01,None,None
INV002034,P012,Kolkata_WH,1908,363,3232,2023-06-01,None,None
INV002035,P012,Hyderabad_WH,429,2166,3884,2023-06-01,None,None
INV002036,P013,Delhi_WH,2781,4061,7440,2023-06-01,None,None
INV002037,P013,Mumbai_WH,2605,6056,3793,2023-06-01,None,None
INV002038,P013,Bengaluru_WH,202,981,941,2023-06-01,None,None
INV002039,P013,Kolkata_WH,654,2747,2687,2023-06-01,None,None
INV002040,P013,Hyderabad_WH,1977,9741,9706,2023-06-01,None,None
INV002041,P014,Delhi_WH,1298,6391,6098,2023-06-01,None,None
INV002042,P014,Mumbai_WH,3259,9822,8030,2023-06-01,None,None
INV002043,P014,Bengaluru_WH,2090,6586,9438,2023-06-01,None,None
INV002044,P014,Kolkata_WH,477,778,808,2023-06-01,None,None
INV002045,P014,Hyderabad_WH,4698,7771,8456,2023-06-01,None,None
INV002046,P015,Delhi_WH,1466,1777,3358,2023-06-01,None,None
INV002047,P015,Mumbai_WH,3461,3601,2183,2023-06-01,None,None
INV002048,P015,Bengaluru_WH,4798,5990,8153,2023-06-01,None,None
INV002049,P015,Kolkata_WH,2268,2396,3946,2023-06-01,None,None
INV002050,P015,Hyderabad_WH,341,427,641,2023-06-01,None,None
INV002051,P016,Delhi_WH,1623,2619,6709,2023-06-01,None,None
INV002052,P016,Mumbai_WH,491,2680,6742,2023-06-01,None,None
INV002053,P016,Bengaluru_WH,4430,13222,8844,2023-06-01,None,None
INV002054,P016,Kolkata_WH,4082,2601,4462,2023-06-01,None,None
INV002055,P016,Hyderabad_WH,819,1992,8392,2023-06-01,None,None
INV002056,P017,Delhi_WH,567,8962,9195,2023-06-01,None,None
INV002057,P017,Mumbai_WH,3382,10063,7435,2023-06-01,None,None
INV002058,P017,Bengaluru_WH,4881,1019,9386,2023-06-01,None,None
INV002059,P017,Kolkata_WH,4608,4989,6082,2023-06-01,None,None
INV002060,P017,Hyderabad_WH,4352,8121,4834,2023-06-01,None,None
INV002061,P018,Delhi_WH,2597,2378,8371,2023-06-01,None,None
INV002062,P018,Mumbai_WH,1384,5311,8396,2023-06-01,None,None
INV002063,P018,Bengaluru_WH,3377,5759,8728,2023-06-01,None,None
INV002064,P018,Kolkata_WH,3316,9297,7370,2023-06-01,None,None
INV002065,P018,Hyderabad_WH,581,1598,4690,2023-06-01,None,None
INV002066,P001,Delhi_WH,4165,4452,2936,2023-07-01,None,None
INV002067,P001,Mumbai_WH,1894,3177,6809,2023-07-01,None,None
INV002068,P001,Bengaluru_WH,2112,2856,6560,2023-07-01,None,None
INV002069,P001,Kolkata_WH,3470,8771,7173,2023-07-01,None,None
INV002070,P001,Hyderabad_WH,3271,6767,4395,2023-07-01,None,None
INV002071,P002,Delhi_WH,4625,3638,1696,2023-07-01,None,None
INV002072,P002,Mumbai_WH,4833,5848,5529,2023-07-01,None,None
INV002073,P002,Bengaluru_WH,3753,74,2633,2023-07-01,None,None
INV002074,P002,Kolkata_WH,754,525,2253,2023-07-01,None,None
INV002075,P002,Hyderabad_WH,370,2714,3611,2023-07-01,None,None
INV002076,P003,Delhi_WH,721,1373,4637,2023-07-01,None,None
INV002077,P003,Mumbai_WH,3571,7571,6403,2023-07-01,None,None
INV002078,P003,Bengaluru_WH,874,3047,2301,2023-07-01,None,None
INV002079,P003,Kolkata_WH,4101,5176,5508,2023-07-01,None,None
INV002080,P003,Hyderabad_WH,3212,4243,3693,2023-07-01,None,None
INV002081,P004,Delhi_WH,187,61,3571,2023-07-01,None,None
INV002082,P004,Mumbai_WH,1725,7922,7643,2023-07-01,None,None
INV002083,P004,Bengaluru_WH,1000,368,561,2023-07-01,None,None
INV002084,P004,Kolkata_WH,353,4298,4133,2023-07-01,None,None
INV002085,P004,Hyderabad_WH,4416,8934,7465,2023-07-01,None,None
INV002086,P005,Delhi_WH,2226,5935,9379,2023-07-01,None,None
INV002087,P005,Mumbai_WH,1500,1700,1969,2023-07-01,None,None
INV002088,P005,Bengaluru_WH,1601,8361,9538,2023-07-01,None,None
INV002089,P005,Kolkata_WH,4202,4483,5056,2023-07-01,None,None
INV002090,P005,Hyderabad_WH,4971,5150,1792,2023-07-01,None,None
INV002091,P006,Delhi_WH,1496,5189,7673,2023-07-01,None,None
INV002092,P006,Mumbai_WH,4981,248,7545,2023-07-01,None,None
INV002093,P006,Bengaluru_WH,3558,3734,1316,2023-07-01,None,None
INV002094,P006,Kolkata_WH,3410,9546,6632,2023-07-01,None,None
INV002095,P006,Hyderabad_WH,1836,1938,1228,2023-07-01,None,None
INV002096,P007,Delhi_WH,1285,5276,8817,2023-07-01,None,None
INV002097,P007,Mumbai_WH,1959,7050,8996,2023-07-01,None,None
INV002098,P007,Bengaluru_WH,4708,3835,2669,2023-07-01,None,None
INV002099,P007,Kolkata_WH,1245,7173,9133,2023-07-01,None,None
INV002100,P007,Hyderabad_WH,3626,5124,2434,2023-07-01,None,None
INV002101,P008,Delhi_WH,2968,3249,3430,2023-07-01,None,None
INV002102,P008,Mumbai_WH,255,3317,7399,2023-07-01,None,None
INV002103,P008,Bengaluru_WH,2982,812,2300,2023-07-01,None,None
INV002104,P008,Kolkata_WH,4933,5141,9228,2023-07-01,None,None
INV002105,P008,Hyderabad_WH,1530,1679,7518,2023-07-01,None,None
INV002106,P009,Delhi_WH,343,1623,7379,2023-07-01,None,None
INV002107,P009,Mumbai_WH,303,6993,8136,2023-07-01,None,None
INV002108,P009,Bengaluru_WH,3036,70,5195,2023-07-01,None,None
INV002109,P009,Kolkata_WH,4061,9546,5592,2023-07-01,None,None
INV002110,P009,Hyderabad_WH,1956,1588,2817,2023-07-01,None,None
INV002111,P010,Delhi_WH,1548,6163,5431,2023-07-01,None,None
INV002112,P010,Mumbai_WH,1286,1239,4969,2023-07-01,None,None
INV002113,P010,Bengaluru_WH,1743,18,7483,2023-07-01,None,None
INV002114,P010,Kolkata_WH,1975,2965,8868,2023-07-01,None,None
INV002115,P010,Hyderabad_WH,562,2209,2255,2023-07-01,None,None
INV002116,P011,Delhi_WH,3243,301,5980,2023-07-01,None,None
INV002117,P011,Mumbai_WH,4565,1305,1580,2023-07-01,None,None
INV002118,P011,Bengaluru_WH,1245,4978,6709,2023-07-01,None,None
INV002119,P011,Kolkata_WH,4292,100,2742,2023-07-01,None,None
INV002120,P011,Hyderabad_WH,4918,362,1018,2023-07-01,None,None
INV002121,P012,Delhi_WH,1272,2351,4019,2023-07-01,None,None
INV002122,P012,Mumbai_WH,4503,5945,2058,2023-07-01,None,None
INV002123,P012,Bengaluru_WH,1053,5974,5375,2023-07-01,None,None
INV002124,P012,Kolkata_WH,955,2312,3672,2023-07-01,None,None
INV002125,P012,Hyderabad_WH,1746,1052,2381,2023-07-01,None,None
INV002126,P013,Delhi_WH,4069,3786,6216,2023-07-01,None,None
INV002127,P013,Mumbai_WH,1683,11061,9870,2023-07-01,None,None
INV002128,P013,Bengaluru_WH,4303,1767,4091,2023-07-01,None,None
INV002129,P013,Kolkata_WH,551,1504,7118,2023-07-01,None,None
INV002130,P013,Hyderabad_WH,2348,3384,4098,2023-07-01,None,None
INV002131,P014,Delhi_WH,160,1662,3216,2023-07-01,None,None
INV002132,P014,Mumbai_WH,2496,1833,9627,2023-07-01,None,None
INV002133,P014,Bengaluru_WH,4857,6652,7843,2023-07-01,None,None
INV002134,P014,Kolkata_WH,1768,316,2257,2023-07-01,None,None
INV002135,P014,Hyderabad_WH,3049,3288,908,2023-07-01,None,None
INV002136,P015,Delhi_WH,3553,2890,4480,2023-07-01,None,None
INV002137,P015,Mumbai_WH,1139,1083,785,2023-07-01,None,None
INV002138,P015,Bengaluru_WH,4260,4994,2240,2023-07-01,None,None
INV002139,P015,Kolkata_WH,4588,4614,1584,2023-07-01,None,None
INV002140,P015,Hyderabad_WH,561,2170,8098,2023-07-01,None,None
INV002141,P016,Delhi_WH,4320,2624,4675,2023-07-01,None,None
INV002142,P016,Mumbai_WH,1385,2222,5263,2023-07-01,None,None
INV002143,P016,Bengaluru_WH,3412,7870,6075,2023-07-01,None,None
INV002144,P016,Kolkata_WH,4716,7354,4323,2023-07-01,None,None
INV002145,P016,Hyderabad_WH,855,2521,2749,2023-07-01,None,None
INV002146,P017,Delhi_WH,1963,4170,7975,2023-07-01,None,None
INV002147,P017,Mumbai_WH,4555,5610,2071,2023-07-01,None,None
INV002148,P017,Bengaluru_WH,4983,1572,841,2023-07-01,None,None
INV002149,P017,Kolkata_WH,2226,1457,811,2023-07-01,None,None
INV002150,P017,Hyderabad_WH,290,5514,6068,2023-07-01,None,None
INV002151,P018,Delhi_WH,3732,3565,4830,2023-07-01,None,None
INV002152,P018,Mumbai_WH,2505,3660,2417,2023-07-01,None,None
INV002153,P018,Bengaluru_WH,4808,269,7969,2023-07-01,None,None
INV002154,P018,Kolkata_WH,3599,2182,791,2023-07-01,None,None
INV002155,P018,Hyderabad_WH,509,4831,5690,2023-07-01,None,None
INV002156,P001,Delhi_WH,1884,6126,4315,2023-08-01,None,None
INV002157,P001,Mumbai_WH,2809,3072,6322,2023-08-01,None,None
INV002158,P001,Bengaluru_WH,2086,1771,4061,2023-08-01,None,None
INV002159,P001,Kolkata_WH,4968,6220,3733,2023-08-01,None,None
INV002160,P001,Hyderabad_WH,1715,3871,3379,2023-08-01,None,None
INV002161,P002,Delhi_WH,2109,2116,5330,2023-08-01,None,None
INV002162,P002,Mumbai_WH,4310,914,2362,2023-08-01,None,None
INV002163,P002,Bengaluru_WH,1908,10,2505,2023-08-01,None,None
INV002164,P002,Kolkata_WH,4564,6011,8249,2023-08-01,None,None
INV002165,P002,Hyderabad_WH,4311,8777,5157,2023-08-01,None,None
INV002166,P003,Delhi_WH,2751,2327,1022,2023-08-01,None,None
INV002167,P003,Mumbai_WH,4778,5760,5473,2023-08-01,None,None
INV002168,P003,Bengaluru_WH,2338,5616,6680,2023-08-01,None,None
INV002169,P003,Kolkata_WH,3931,3007,1242,2023-08-01,None,None
INV002170,P003,Hyderabad_WH,2065,1518,1090,2023-08-01,None,None
INV002171,P004,Delhi_WH,836,1120,6133,2023-08-01,None,None
INV002172,P004,Mumbai_WH,254,2698,7083,2023-08-01,None,None
INV002173,P004,Bengaluru_WH,2430,1145,6253,2023-08-01,None,None
INV002174,P004,Kolkata_WH,2133,5345,3726,2023-08-01,None,None
INV002175,P004,Hyderabad_WH,4656,5633,5028,2023-08-01,None,None
INV002176,P005,Delhi_WH,278,2436,9100,2023-08-01,None,None
INV002177,P005,Mumbai_WH,2664,5966,3632,2023-08-01,None,None
INV002178,P005,Bengaluru_WH,3669,6679,8308,2023-08-01,None,None
INV002179,P005,Kolkata_WH,3551,6365,3525,2023-08-01,None,None
INV002180,P005,Hyderabad_WH,867,1496,1331,2023-08-01,None,None
INV002181,P006,Delhi_WH,4405,1567,3013,2023-08-01,None,None
INV002182,P006,Mumbai_WH,2876,1576,3911,2023-08-01,None,None
INV002183,P006,Bengaluru_WH,1860,630,6896,2023-08-01,None,None
INV002184,P006,Kolkata_WH,2771,507,4570,2023-08-01,None,None
INV002185,P006,Hyderabad_WH,1105,1955,1490,2023-08-01,None,None
INV002186,P007,Delhi_WH,2528,2730,1060,2023-08-01,None,None
INV002187,P007,Mumbai_WH,2939,2638,824,2023-08-01,None,None
INV002188,P007,Bengaluru_WH,1094,6301,7907,2023-08-01,None,None
INV002189,P007,Kolkata_WH,3057,6817,3967,2023-08-01,None,None
INV002190,P007,Hyderabad_WH,2804,5374,4139,2023-08-01,None,None
INV002191,P008,Delhi_WH,2448,3826,9793,2023-08-01,None,None
INV002192,P008,Mumbai_WH,4269,4559,5720,2023-08-01,None,None
INV002193,P008,Bengaluru_WH,3276,8581,9180,2023-08-01,None,None
INV002194,P008,Kolkata_WH,2118,4428,6712,2023-08-01,None,None
INV002195,P008,Hyderabad_WH,4144,9558,7372,2023-08-01,None,None
INV002196,P009,Delhi_WH,1730,3927,9266,2023-08-01,None,None
INV002197,P009,Mumbai_WH,1272,1015,1663,2023-08-01,None,None
INV002198,P009,Bengaluru_WH,3894,3802,7644,2023-08-01,None,None
INV002199,P009,Kolkata_WH,3759,12403,9826,2023-08-01,None,None
INV002200,P009,Hyderabad_WH,387,1528,8446,2023-08-01,None,None
INV002201,P010,Delhi_WH,1624,2807,7910,2023-08-01,None,None
INV002202,P010,Mumbai_WH,4332,1275,5165,2023-08-01,None,None
INV002203,P010,Bengaluru_WH,2650,4380,2928,2023-08-01,None,None
INV002204,P010,Kolkata_WH,4215,346,7192,2023-08-01,None,None
INV002205,P010,Hyderabad_WH,2868,1171,6243,2023-08-01,None,None
INV002206,P011,Delhi_WH,1194,4137,8753,2023-08-01,None,None
INV002207,P011,Mumbai_WH,1108,2283,6558,2023-08-01,None,None
INV002208,P011,Bengaluru_WH,2964,1540,9768,2023-08-01,None,None
INV002209,P011,Kolkata_WH,4422,4849,2891,2023-08-01,None,None
INV002210,P011,Hyderabad_WH,2493,2209,3668,2023-08-01,None,None
INV002211,P012,Delhi_WH,2071,6191,8984,2023-08-01,None,None
INV002212,P012,Mumbai_WH,1438,3101,2016,2023-08-01,None,None
INV002213,P012,Bengaluru_WH,4179,5383,2412,2023-08-01,None,None
INV002214,P012,Kolkata_WH,4369,4389,4558,2023-08-01,None,None
INV002215,P012,Hyderabad_WH,2438,4476,4157,2023-08-01,None,None
INV002216,P013,Delhi_WH,2454,6688,7756,2023-08-01,None,None
INV002217,P013,Mumbai_WH,1637,4315,8568,2023-08-01,None,None
INV002218,P013,Bengaluru_WH,931,4843,7141,2023-08-01,None,None
INV002219,P013,Kolkata_WH,437,3040,3540,2023-08-01,None,None
INV002220,P013,Hyderabad_WH,4980,2167,6826,2023-08-01,None,None
INV002221,P014,Delhi_WH,4514,7942,6325,2023-08-01,None,None
INV002222,P014,Mumbai_WH,201,6936,7551,2023-08-01,None,None
INV002223,P014,Bengaluru_WH,2441,1973,9533,2023-08-01,None,None
INV002224,P014,Kolkata_WH,4530,3227,2500,2023-08-01,None,None
INV002225,P014,Hyderabad_WH,2426,3560,7573,2023-08-01,None,None
INV002226,P015,Delhi_WH,1377,4876,4391,2023-08-01,None,None
INV002227,P015,Mumbai_WH,4853,3516,5473,2023-08-01,None,None
INV002228,P015,Bengaluru_WH,403,416,1789,2023-08-01,None,None
INV002229,P015,Kolkata_WH,3647,5069,5986,2023-08-01,None,None
INV002230,P015,Hyderabad_WH,3342,7703,7073,2023-08-01,None,None
INV002231,P016,Delhi_WH,3481,3681,3349,2023-08-01,None,None
INV002232,P016,Mumbai_WH,1685,1417,5662,2023-08-01,None,None
INV002233,P016,Bengaluru_WH,4637,5123,720,2023-08-01,None,None
INV002234,P016,Kolkata_WH,2249,6486,6131,2023-08-01,None,None
INV002235,P016,Hyderabad_WH,4738,3060,6414,2023-08-01,None,None
INV002236,P017,Delhi_WH,576,2505,7469,2023-08-01,None,None
INV002237,P017,Mumbai_WH,4928,9077,8872,2023-08-01,None,None
INV002238,P017,Bengaluru_WH,3104,5418,2339,2023-08-01,None,None
INV002239,P017,Kolkata_WH,3067,3211,1723,2023-08-01,None,None
INV002240,P017,Hyderabad_WH,4671,4796,5855,2023-08-01,None,None
INV002241,P018,Delhi_WH,3402,698,669,2023-08-01,None,None
INV002242,P018,Mumbai_WH,1051,7002,7328,2023-08-01,None,None
INV002243,P018,Bengaluru_WH,2895,4996,9462,2023-08-01,None,None
INV002244,P018,Kolkata_WH,2661,2105,820,2023-08-01,None,None
INV002245,P018,Hyderabad_WH,3547,456,1150,2023-08-01,None,None
INV002246,P001,Delhi_WH,1436,3247,8474,2023-09-01,None,None
INV002247,P001,Mumbai_WH,4813,6251,2019,2023-09-01,None,None
INV002248,P001,Bengaluru_WH,1383,729,4369,2023-09-01,None,None
INV002249,P001,Kolkata_WH,4328,8323,6414,2023-09-01,None,None
INV002250,P001,Hyderabad_WH,3126,8922,6753,2023-09-01,None,None
INV002251,P002,Delhi_WH,1762,2138,1341,2023-09-01,None,None
INV002252,P002,Mumbai_WH,3936,1615,4654,2023-09-01,None,None
INV002253,P002,Bengaluru_WH,4504,4471,5599,2023-09-01,None,None
INV002254,P002,Kolkata_WH,2232,4777,5271,2023-09-01,None,None
INV002255,P002,Hyderabad_WH,791,2003,8809,2023-09-01,None,None
INV002256,P003,Delhi_WH,1561,1541,4851,2023-09-01,None,None
INV002257,P003,Mumbai_WH,3835,6677,4310,2023-09-01,None,None
INV002258,P003,Bengaluru_WH,265,363,2888,2023-09-01,None,None
INV002259,P003,Kolkata_WH,3861,6533,6014,2023-09-01,None,None
INV002260,P003,Hyderabad_WH,3136,7381,6934,2023-09-01,None,None
INV002261,P004,Delhi_WH,4125,8047,4615,2023-09-01,None,None
INV002262,P004,Mumbai_WH,3953,2701,3676,2023-09-01,None,None
INV002263,P004,Bengaluru_WH,1658,5331,4980,2023-09-01,None,None
INV002264,P004,Kolkata_WH,521,1199,6372,2023-09-01,None,None
INV002265,P004,Hyderabad_WH,4915,5711,4464,2023-09-01,None,None
INV002266,P005,Delhi_WH,2471,5594,4890,2023-09-01,None,None
INV002267,P005,Mumbai_WH,3879,6563,7602,2023-09-01,None,None
INV002268,P005,Bengaluru_WH,3949,3870,4508,2023-09-01,None,None
INV002269,P005,Kolkata_WH,4334,3530,2843,2023-09-01,None,None
INV002270,P005,Hyderabad_WH,4968,1599,4918,2023-09-01,None,None
INV002271,P006,Delhi_WH,3748,4446,902,2023-09-01,None,None
INV002272,P006,Mumbai_WH,1078,2845,2499,2023-09-01,None,None
INV002273,P006,Bengaluru_WH,444,761,4980,2023-09-01,None,None
INV002274,P006,Kolkata_WH,3567,486,7890,2023-09-01,None,None
INV002275,P006,Hyderabad_WH,3521,4140,748,2023-09-01,None,None
INV002276,P007,Delhi_WH,1392,5103,5481,2023-09-01,None,None
INV002277,P007,Mumbai_WH,3901,5421,6764,2023-09-01,None,None
INV002278,P007,Bengaluru_WH,2145,8257,7490,2023-09-01,None,None
INV002279,P007,Kolkata_WH,4477,703,5049,2023-09-01,None,None
INV002280,P007,Hyderabad_WH,3675,4812,6959,2023-09-01,None,None
INV002281,P008,Delhi_WH,4725,9039,9523,2023-09-01,None,None
INV002282,P008,Mumbai_WH,1589,6625,6459,2023-09-01,None,None
INV002283,P008,Bengaluru_WH,890,1589,1522,2023-09-01,None,None
INV002284,P008,Kolkata_WH,2297,2516,4008,2023-09-01,None,None
INV002285,P008,Hyderabad_WH,2725,195,3547,2023-09-01,None,None
INV002286,P009,Delhi_WH,4999,3809,4764,2023-09-01,None,None
INV002287,P009,Mumbai_WH,3035,3040,2524,2023-09-01,None,None
INV002288,P009,Bengaluru_WH,853,300,1282,2023-09-01,None,None
INV002289,P009,Kolkata_WH,1219,5598,4964,2023-09-01,None,None
INV002290,P009,Hyderabad_WH,4214,5331,4966,2023-09-01,None,None
INV002291,P010,Delhi_WH,4315,302,5135,2023-09-01,None,None
INV002292,P010,Mumbai_WH,2025,2982,3746,2023-09-01,None,None
INV002293,P010,Bengaluru_WH,363,2118,4663,2023-09-01,None,None
INV002294,P010,Kolkata_WH,3265,6654,5133,2023-09-01,None,None
INV002295,P010,Hyderabad_WH,4307,298,9803,2023-09-01,None,None
INV002296,P011,Delhi_WH,273,575,2459,2023-09-01,None,None
INV002297,P011,Mumbai_WH,840,5171,6212,2023-09-01,None,None
INV002298,P011,Bengaluru_WH,4777,139,662,2023-09-01,None,None
INV002299,P011,Kolkata_WH,4144,355,830,2023-09-01,None,None
INV002300,P011,Hyderabad_WH,1864,2133,5889,2023-09-01,None,None
INV002301,P012,Delhi_WH,2555,3629,1826,2023-09-01,None,None
INV002302,P012,Mumbai_WH,3697,2664,9882,2023-09-01,None,None
INV002303,P012,Bengaluru_WH,207,4189,4986,2023-09-01,None,None
INV002304,P012,Kolkata_WH,1160,7063,7095,2023-09-01,None,None
INV002305,P012,Hyderabad_WH,4965,7903,7169,2023-09-01,None,None
INV002306,P013,Delhi_WH,2397,1796,9004,2023-09-01,None,None
INV002307,P013,Mumbai_WH,4268,10938,7144,2023-09-01,None,None
INV002308,P013,Bengaluru_WH,4159,3448,8810,2023-09-01,None,None
INV002309,P013,Kolkata_WH,1562,5551,6040,2023-09-01,None,None
INV002310,P013,Hyderabad_WH,618,473,2474,2023-09-01,None,None
INV002311,P014,Delhi_WH,2121,5255,8364,2023-09-01,None,None
INV002312,P014,Mumbai_WH,589,2762,9007,2023-09-01,None,None
INV002313,P014,Bengaluru_WH,2745,2595,6082,2023-09-01,None,None
INV002314,P014,Kolkata_WH,905,8729,8551,2023-09-01,None,None
INV002315,P014,Hyderabad_WH,1432,1504,1132,2023-09-01,None,None
INV002316,P015,Delhi_WH,1633,2103,1882,2023-09-01,None,None
INV002317,P015,Mumbai_WH,162,1345,2220,2023-09-01,None,None
INV002318,P015,Bengaluru_WH,1130,3659,6321,2023-09-01,None,None
INV002319,P015,Kolkata_WH,1147,2615,1925,2023-09-01,None,None
INV002320,P015,Hyderabad_WH,3656,5043,4447,2023-09-01,None,None
INV002321,P016,Delhi_WH,2317,9854,9392,2023-09-01,None,None
INV002322,P016,Mumbai_WH,3242,6039,8946,2023-09-01,None,None
INV002323,P016,Bengaluru_WH,2591,3371,7453,2023-09-01,None,None
INV002324,P016,Kolkata_WH,2149,2953,1263,2023-09-01,None,None
INV002325,P016,Hyderabad_WH,4494,6288,3965,2023-09-01,None,None
INV002326,P017,Delhi_WH,3248,9754,7112,2023-09-01,None,None
INV002327,P017,Mumbai_WH,1609,2747,5945,2023-09-01,None,None
INV002328,P017,Bengaluru_WH,1572,7820,8933,2023-09-01,None,None
INV002329,P017,Kolkata_WH,2940,6188,9796,2023-09-01,None,None
INV002330,P017,Hyderabad_WH,2952,1005,4765,2023-09-01,None,None
INV002331,P018,Delhi_WH,4972,5548,1047,2023-09-01,None,None
INV002332,P018,Mumbai_WH,1916,3177,3370,2023-09-01,None,None
INV002333,P018,Bengaluru_WH,3872,1210,781,2023-09-01,None,None
INV002334,P018,Kolkata_WH,2185,72,7407,2023-09-01,None,None
INV002335,P018,Hyderabad_WH,1019,1876,1927,2023-09-01,None,None
INV002336,P001,Delhi_WH,979,167,2965,2023-10-01,None,None
INV002337,P001,Mumbai_WH,1548,3508,2603,2023-10-01,None,None
INV002338,P001,Bengaluru_WH,1709,1847,6965,2023-10-01,None,None
INV002339,P001,Kolkata_WH,3065,215,766,2023-10-01,None,None
INV002340,P001,Hyderabad_WH,3221,491,9057,2023-10-01,None,None
INV002341,P002,Delhi_WH,3634,842,5609,2023-10-01,None,None
INV002342,P002,Mumbai_WH,4178,9704,5576,2023-10-01,None,None
INV002343,P002,Bengaluru_WH,750,3069,2788,2023-10-01,None,None
INV002344,P002,Kolkata_WH,3158,1026,8006,2023-10-01,None,None
INV002345,P002,Hyderabad_WH,118,7554,8204,2023-10-01,None,None
INV002346,P003,Delhi_WH,2135,2221,3109,2023-10-01,None,None
INV002347,P003,Mumbai_WH,3366,1200,9746,2023-10-01,None,None
INV002348,P003,Bengaluru_WH,419,7091,7793,2023-10-01,None,None
INV002349,P003,Kolkata_WH,4018,8675,9248,2023-10-01,None,None
INV002350,P003,Hyderabad_WH,1100,1581,6639,2023-10-01,None,None
INV002351,P004,Delhi_WH,1096,70,2817,2023-10-01,None,None
INV002352,P004,Mumbai_WH,3803,9273,5528,2023-10-01,None,None
INV002353,P004,Bengaluru_WH,582,6858,6603,2023-10-01,None,None
INV002354,P004,Kolkata_WH,3095,11461,9705,2023-10-01,None,None
INV002355,P004,Hyderabad_WH,3123,10840,8933,2023-10-01,None,None
INV002356,P005,Delhi_WH,3514,190,3313,2023-10-01,None,None
INV002357,P005,Mumbai_WH,1025,513,1231,2023-10-01,None,None
INV002358,P005,Bengaluru_WH,1522,2189,692,2023-10-01,None,None
INV002359,P005,Kolkata_WH,1797,836,2301,2023-10-01,None,None
INV002360,P005,Hyderabad_WH,2118,4210,6800,2023-10-01,None,None
INV002361,P006,Delhi_WH,1330,2401,4135,2023-10-01,None,None
INV002362,P006,Mumbai_WH,4849,6740,8274,2023-10-01,None,None
INV002363,P006,Bengaluru_WH,2194,5245,5949,2023-10-01,None,None
INV002364,P006,Kolkata_WH,2539,4320,6033,2023-10-01,None,None
INV002365,P006,Hyderabad_WH,2076,1006,2708,2023-10-01,None,None
INV002366,P007,Delhi_WH,3702,2940,2073,2023-10-01,None,None
INV002367,P007,Mumbai_WH,2733,2863,5140,2023-10-01,None,None
INV002368,P007,Bengaluru_WH,2981,1761,2986,2023-10-01,None,None
INV002369,P007,Kolkata_WH,845,2070,1404,2023-10-01,None,None
INV002370,P007,Hyderabad_WH,4860,3043,7381,2023-10-01,None,None
INV002371,P008,Delhi_WH,3199,2283,2901,2023-10-01,None,None
INV002372,P008,Mumbai_WH,3701,781,2813,2023-10-01,None,None
INV002373,P008,Bengaluru_WH,2334,2327,886,2023-10-01,None,None
INV002374,P008,Kolkata_WH,778,1688,6437,2023-10-01,None,None
INV002375,P008,Hyderabad_WH,2181,2022,6490,2023-10-01,None,None
INV002376,P009,Delhi_WH,2338,387,1230,2023-10-01,None,None
INV002377,P009,Mumbai_WH,4685,1809,5262,2023-10-01,None,None
INV002378,P009,Bengaluru_WH,1726,3443,7372,2023-10-01,None,None
INV002379,P009,Kolkata_WH,1575,1242,6609,2023-10-01,None,None
INV002380,P009,Hyderabad_WH,4366,149,2160,2023-10-01,None,None
INV002381,P010,Delhi_WH,1885,3470,3827,2023-10-01,None,None
INV002382,P010,Mumbai_WH,4064,3097,3875,2023-10-01,None,None
INV002383,P010,Bengaluru_WH,3672,2226,8117,2023-10-01,None,None
INV002384,P010,Kolkata_WH,2853,5082,2969,2023-10-01,None,None
INV002385,P010,Hyderabad_WH,1348,1091,5564,2023-10-01,None,None
INV002386,P011,Delhi_WH,2418,7393,5205,2023-10-01,None,None
INV002387,P011,Mumbai_WH,4785,173,2040,2023-10-01,None,None
INV002388,P011,Bengaluru_WH,1233,1452,2242,2023-10-01,None,None
INV002389,P011,Kolkata_WH,2166,212,563,2023-10-01,None,None
INV002390,P011,Hyderabad_WH,2508,2316,591,2023-10-01,None,None
INV002391,P012,Delhi_WH,584,2057,9316,2023-10-01,None,None
INV002392,P012,Mumbai_WH,3622,12750,9620,2023-10-01,None,None
INV002393,P012,Bengaluru_WH,4705,2796,4832,2023-10-01,None,None
INV002394,P012,Kolkata_WH,625,2248,2941,2023-10-01,None,None
INV002395,P012,Hyderabad_WH,2674,7001,5882,2023-10-01,None,None
INV002396,P013,Delhi_WH,2884,4136,6205,2023-10-01,None,None
INV002397,P013,Mumbai_WH,4777,5676,5502,2023-10-01,None,None
INV002398,P013,Bengaluru_WH,1433,2763,1689,2023-10-01,None,None
INV002399,P013,Kolkata_WH,4488,1987,2531,2023-10-01,None,None
INV002400,P013,Hyderabad_WH,4902,4748,5467,2023-10-01,None,None
INV002401,P014,Delhi_WH,4340,7610,8236,2023-10-01,None,None
INV002402,P014,Mumbai_WH,1397,4312,4386,2023-10-01,None,None
INV002403,P014,Bengaluru_WH,235,2960,3411,2023-10-01,None,None
INV002404,P014,Kolkata_WH,4125,1148,2228,2023-10-01,None,None
INV002405,P014,Hyderabad_WH,551,1451,3486,2023-10-01,None,None
INV002406,P015,Delhi_WH,3625,402,8501,2023-10-01,None,None
INV002407,P015,Mumbai_WH,1539,1303,9739,2023-10-01,None,None
INV002408,P015,Bengaluru_WH,1610,5435,6920,2023-10-01,None,None
INV002409,P015,Kolkata_WH,432,1298,1610,2023-10-01,None,None
INV002410,P015,Hyderabad_WH,4970,4572,2891,2023-10-01,None,None
INV002411,P016,Delhi_WH,676,3974,6315,2023-10-01,None,None
INV002412,P016,Mumbai_WH,3850,6162,4773,2023-10-01,None,None
INV002413,P016,Bengaluru_WH,1993,4536,2714,2023-10-01,None,None
INV002414,P016,Kolkata_WH,2367,1591,1498,2023-10-01,None,None
INV002415,P016,Hyderabad_WH,4927,7532,6907,2023-10-01,None,None
INV002416,P017,Delhi_WH,4746,1442,8592,2023-10-01,None,None
INV002417,P017,Mumbai_WH,2148,1698,2554,2023-10-01,None,None
INV002418,P017,Bengaluru_WH,2205,265,1115,2023-10-01,None,None
INV002419,P017,Kolkata_WH,749,494,940,2023-10-01,None,None
INV002420,P017,Hyderabad_WH,4549,5165,3147,2023-10-01,None,None
INV002421,P018,Delhi_WH,812,930,4487,2023-10-01,None,None
INV002422,P018,Mumbai_WH,1115,1666,1605,2023-10-01,None,None
INV002423,P018,Bengaluru_WH,1481,8473,9468,2023-10-01,None,None
INV002424,P018,Kolkata_WH,3210,1527,5380,2023-10-01,None,None
INV002425,P018,Hyderabad_WH,2518,6942,4538,2023-10-01,None,None
INV002426,P001,Delhi_WH,3100,5219,2714,2023-11-01,None,None
INV002427,P001,Mumbai_WH,735,4068,9302,2023-11-01,None,None
INV002428,P001,Bengaluru_WH,1727,2220,6169,2023-11-01,None,None
INV002429,P001,Kolkata_WH,3794,6811,6727,2023-11-01,None,None
INV002430,P001,Hyderabad_WH,2664,3311,4975,2023-11-01,None,None
INV002431,P002,Delhi_WH,633,1061,4172,2023-11-01,None,None
INV002432,P002,Mumbai_WH,2729,945,1227,2023-11-01,None,None
INV002433,P002,Bengaluru_WH,1377,2581,5565,2023-11-01,None,None
INV002434,P002,Kolkata_WH,2152,2097,2038,2023-11-01,None,None
INV002435,P002,Hyderabad_WH,741,1232,9476,2023-11-01,None,None
INV002436,P003,Delhi_WH,1632,7657,6473,2023-11-01,None,None
INV002437,P003,Mumbai_WH,4007,5684,2906,2023-11-01,None,None
INV002438,P003,Bengaluru_WH,3846,2157,4906,2023-11-01,None,None
INV002439,P003,Kolkata_WH,3894,8565,5365,2023-11-01,None,None
INV002440,P003,Hyderabad_WH,4209,1739,975,2023-11-01,None,None
INV002441,P004,Delhi_WH,2696,674,3141,2023-11-01,None,None
INV002442,P004,Mumbai_WH,863,891,8337,2023-11-01,None,None
INV002443,P004,Bengaluru_WH,713,574,1064,2023-11-01,None,None
INV002444,P004,Kolkata_WH,1296,5831,6495,2023-11-01,None,None
INV002445,P004,Hyderabad_WH,2763,6802,7593,2023-11-01,None,None
INV002446,P005,Delhi_WH,2791,7890,9164,2023-11-01,None,None
INV002447,P005,Mumbai_WH,2796,603,2468,2023-11-01,None,None
INV002448,P005,Bengaluru_WH,918,7802,9278,2023-11-01,None,None
INV002449,P005,Kolkata_WH,1689,5833,5986,2023-11-01,None,None
INV002450,P005,Hyderabad_WH,4226,3086,1282,2023-11-01,None,None
INV002451,P006,Delhi_WH,3391,3377,5250,2023-11-01,None,None
INV002452,P006,Mumbai_WH,246,1504,1635,2023-11-01,None,None
INV002453,P006,Bengaluru_WH,2343,3677,5435,2023-11-01,None,None
INV002454,P006,Kolkata_WH,2754,6734,5582,2023-11-01,None,None
INV002455,P006,Hyderabad_WH,3450,3374,4586,2023-11-01,None,None
INV002456,P007,Delhi_WH,2930,6257,6096,2023-11-01,None,None
INV002457,P007,Mumbai_WH,2192,6085,8544,2023-11-01,None,None
INV002458,P007,Bengaluru_WH,1227,4660,4628,2023-11-01,None,None
INV002459,P007,Kolkata_WH,1770,4085,6355,2023-11-01,None,None
INV002460,P007,Hyderabad_WH,4797,2734,8482,2023-11-01,None,None
INV002461,P008,Delhi_WH,3417,6097,7329,2023-11-01,None,None
INV002462,P008,Mumbai_WH,912,1567,2890,2023-11-01,None,None
INV002463,P008,Bengaluru_WH,2081,9145,9119,2023-11-01,None,None
INV002464,P008,Kolkata_WH,661,2240,1699,2023-11-01,None,None
INV002465,P008,Hyderabad_WH,3996,3788,1402,2023-11-01,None,None
INV002466,P009,Delhi_WH,426,811,756,2023-11-01,None,None
INV002467,P009,Mumbai_WH,2099,3729,2274,2023-11-01,None,None
INV002468,P009,Bengaluru_WH,4548,4791,1485,2023-11-01,None,None
INV002469,P009,Kolkata_WH,393,3214,7250,2023-11-01,None,None
INV002470,P009,Hyderabad_WH,4186,3478,1980,2023-11-01,None,None
INV002471,P010,Delhi_WH,206,836,3592,2023-11-01,None,None
INV002472,P010,Mumbai_WH,2783,281,3020,2023-11-01,None,None
INV002473,P010,Bengaluru_WH,3152,1641,6523,2023-11-01,None,None
INV002474,P010,Kolkata_WH,1937,2343,7616,2023-11-01,None,None
INV002475,P010,Hyderabad_WH,436,7134,9534,2023-11-01,None,None
INV002476,P011,Delhi_WH,3465,224,2221,2023-11-01,None,None
INV002477,P011,Mumbai_WH,239,1456,1939,2023-11-01,None,None
INV002478,P011,Bengaluru_WH,895,7525,7559,2023-11-01,None,None
INV002479,P011,Kolkata_WH,3546,6707,6535,2023-11-01,None,None
INV002480,P011,Hyderabad_WH,2849,2626,3387,2023-11-01,None,None
INV002481,P012,Delhi_WH,764,2760,3427,2023-11-01,None,None
INV002482,P012,Mumbai_WH,3826,7624,9702,2023-11-01,None,None
INV002483,P012,Bengaluru_WH,193,4200,6257,2023-11-01,None,None
INV002484,P012,Kolkata_WH,4135,6518,2572,2023-11-01,None,None
INV002485,P012,Hyderabad_WH,2460,4904,8373,2023-11-01,None,None
INV002486,P013,Delhi_WH,3196,4294,5697,2023-11-01,None,None
INV002487,P013,Mumbai_WH,4953,8465,7785,2023-11-01,None,None
INV002488,P013,Bengaluru_WH,4394,8247,5422,2023-11-01,None,None
INV002489,P013,Kolkata_WH,3486,1808,5896,2023-11-01,None,None
INV002490,P013,Hyderabad_WH,1893,2177,7666,2023-11-01,None,None
INV002491,P014,Delhi_WH,1015,2438,8006,2023-11-01,None,None
INV002492,P014,Mumbai_WH,109,1701,8277,2023-11-01,None,None
INV002493,P014,Bengaluru_WH,3903,2180,5094,2023-11-01,None,None
INV002494,P014,Kolkata_WH,4099,706,6157,2023-11-01,None,None
INV002495,P014,Hyderabad_WH,805,1733,1451,2023-11-01,None,None
INV002496,P015,Delhi_WH,3850,5536,3023,2023-11-01,None,None
INV002497,P015,Mumbai_WH,4847,7006,8630,2023-11-01,None,None
INV002498,P015,Bengaluru_WH,1809,3058,9777,2023-11-01,None,None
INV002499,P015,Kolkata_WH,1689,393,2586,2023-11-01,None,None
INV002500,P015,Hyderabad_WH,1290,6992,9099,2023-11-01,None,None
INV002501,P016,Delhi_WH,776,3259,7797,2023-11-01,None,None
INV002502,P016,Mumbai_WH,4263,397,2890,2023-11-01,None,None
INV002503,P016,Bengaluru_WH,3138,4024,4430,2023-11-01,None,None
INV002504,P016,Kolkata_WH,1330,850,3640,2023-11-01,None,None
INV002505,P016,Hyderabad_WH,3168,8671,5667,2023-11-01,None,None
INV002506,P017,Delhi_WH,4031,1718,4141,2023-11-01,None,None
INV002507,P017,Mumbai_WH,1443,337,2724,2023-11-01,None,None
INV002508,P017,Bengaluru_WH,4707,267,8927,2023-11-01,None,None
INV002509,P017,Kolkata_WH,889,5615,6290,2023-11-01,None,None
INV002510,P017,Hyderabad_WH,1713,281,4407,2023-11-01,None,None
INV002511,P018,Delhi_WH,3974,7041,4308,2023-11-01,None,None
INV002512,P018,Mumbai_WH,149,655,705,2023-11-01,None,None
INV002513,P018,Bengaluru_WH,140,25,1155,2023-11-01,None,None
INV002514,P018,Kolkata_WH,1851,3880,3272,2023-11-01,None,None
INV002515,P018,Hyderabad_WH,4387,9235,8971,2023-11-01,None,None
INV002516,P001,Delhi_WH,2242,7873,6199,2023-12-01,None,None
INV002517,P001,Mumbai_WH,1242,9513,8297,2023-12-01,None,None
INV002518,P001,Bengaluru_WH,4559,5057,8162,2023-12-01,None,None
INV002519,P001,Kolkata_WH,4985,3168,3616,2023-12-01,None,None
INV002520,P001,Hyderabad_WH,3910,3220,5790,2023-12-01,None,None
INV002521,P002,Delhi_WH,3245,11414,9006,2023-12-01,None,None
INV002522,P002,Mumbai_WH,3628,12544,9174,2023-12-01,None,None
INV002523,P002,Bengaluru_WH,805,1267,556,2023-12-01,None,None
INV002524,P002,Kolkata_WH,1678,3432,5977,2023-12-01,None,None
INV002525,P002,Hyderabad_WH,4867,9891,8507,2023-12-01,None,None
INV002526,P003,Delhi_WH,1318,449,926,2023-12-01,None,None
INV002527,P003,Mumbai_WH,164,2043,8952,2023-12-01,None,None
INV002528,P003,Bengaluru_WH,4647,10072,5824,2023-12-01,None,None
INV002529,P003,Kolkata_WH,2082,3035,2653,2023-12-01,None,None
INV002530,P003,Hyderabad_WH,4221,4321,3333,2023-12-01,None,None
INV002531,P004,Delhi_WH,3278,2358,3432,2023-12-01,None,None
INV002532,P004,Mumbai_WH,4837,13181,9513,2023-12-01,None,None
INV002533,P004,Bengaluru_WH,2262,7281,5512,2023-12-01,None,None
INV002534,P004,Kolkata_WH,2178,6386,6397,2023-12-01,None,None
INV002535,P004,Hyderabad_WH,4212,305,4742,2023-12-01,None,None
INV002536,P005,Delhi_WH,2386,2034,2053,2023-12-01,None,None
INV002537,P005,Mumbai_WH,548,3369,9541,2023-12-01,None,None
INV002538,P005,Bengaluru_WH,2044,4766,4065,2023-12-01,None,None
INV002539,P005,Kolkata_WH,4034,3459,8295,2023-12-01,None,None
INV002540,P005,Hyderabad_WH,3219,1494,664,2023-12-01,None,None
INV002541,P006,Delhi_WH,2669,887,3078,2023-12-01,None,None
INV002542,P006,Mumbai_WH,1689,2165,7100,2023-12-01,None,None
INV002543,P006,Bengaluru_WH,3047,8662,6947,2023-12-01,None,None
INV002544,P006,Kolkata_WH,1754,292,2539,2023-12-01,None,None
INV002545,P006,Hyderabad_WH,1375,7673,6435,2023-12-01,None,None
INV002546,P007,Delhi_WH,2180,595,3069,2023-12-01,None,None
INV002547,P007,Mumbai_WH,3381,2290,3220,2023-12-01,None,None
INV002548,P007,Bengaluru_WH,2016,1051,4143,2023-12-01,None,None
INV002549,P007,Kolkata_WH,1073,4210,4008,2023-12-01,None,None
INV002550,P007,Hyderabad_WH,2482,1052,3287,2023-12-01,None,None
INV002551,P008,Delhi_WH,4223,3399,6421,2023-12-01,None,None
INV002552,P008,Mumbai_WH,2789,4398,2107,2023-12-01,None,None
INV002553,P008,Bengaluru_WH,3998,2314,7315,2023-12-01,None,None
INV002554,P008,Kolkata_WH,4732,6518,4637,2023-12-01,None,None
INV002555,P008,Hyderabad_WH,1927,1492,3650,2023-12-01,None,None
INV002556,P009,Delhi_WH,2275,3827,2282,2023-12-01,None,None
INV002557,P009,Mumbai_WH,3297,556,6006,2023-12-01,None,None
INV002558,P009,Bengaluru_WH,1186,3666,3840,2023-12-01,None,None
INV002559,P009,Kolkata_WH,807,2370,2633,2023-12-01,None,None
INV002560,P009,Hyderabad_WH,3204,7390,6911,2023-12-01,None,None
INV002561,P010,Delhi_WH,3896,9717,8113,2023-12-01,None,None
INV002562,P010,Mumbai_WH,351,8274,8782,2023-12-01,None,None
INV002563,P010,Bengaluru_WH,1393,3345,7825,2023-12-01,None,None
INV002564,P010,Kolkata_WH,229,4765,6185,2023-12-01,None,None
INV002565,P010,Hyderabad_WH,3863,7723,8156,2023-12-01,None,None
INV002566,P011,Delhi_WH,4860,11806,7650,2023-12-01,None,None
INV002567,P011,Mumbai_WH,1536,6964,6352,2023-12-01,None,None
INV002568,P011,Bengaluru_WH,341,4439,6438,2023-12-01,None,None
INV002569,P011,Kolkata_WH,2614,1223,726,2023-12-01,None,None
INV002570,P011,Hyderabad_WH,3291,3585,1161,2023-12-01,None,None
INV002571,P012,Delhi_WH,1939,6372,8584,2023-12-01,None,None
INV002572,P012,Mumbai_WH,4742,5681,5007,2023-12-01,None,None
INV002573,P012,Bengaluru_WH,2717,5272,7639,2023-12-01,None,None
INV002574,P012,Kolkata_WH,1052,2279,3296,2023-12-01,None,None
INV002575,P012,Hyderabad_WH,4763,7149,8300,2023-12-01,None,None
INV002576,P013,Delhi_WH,209,7577,7889,2023-12-01,None,None
INV002577,P013,Mumbai_WH,1677,705,880,2023-12-01,None,None
INV002578,P013,Bengaluru_WH,2539,566,1514,2023-12-01,None,None
INV002579,P013,Kolkata_WH,3389,5905,7834,2023-12-01,None,None
INV002580,P013,Hyderabad_WH,4139,6255,3255,2023-12-01,None,None
INV002581,P014,Delhi_WH,857,4513,7927,2023-12-01,None,None
INV002582,P014,Mumbai_WH,3172,4978,8179,2023-12-01,None,None
INV002583,P014,Bengaluru_WH,4918,3497,6552,2023-12-01,None,None
INV002584,P014,Kolkata_WH,3310,3517,7874,2023-12-01,None,None
INV002585,P014,Hyderabad_WH,1995,3071,3417,2023-12-01,None,None
INV002586,P015,Delhi_WH,3384,8992,8975,2023-12-01,None,None
INV002587,P015,Mumbai_WH,354,6907,7765,2023-12-01,None,None
INV002588,P015,Bengaluru_WH,3597,9258,8140,2023-12-01,None,None
INV002589,P015,Kolkata_WH,4070,8534,7323,2023-12-01,None,None
INV002590,P015,Hyderabad_WH,3413,348,7876,2023-12-01,None,None
INV002591,P016,Delhi_WH,1961,6356,5361,2023-12-01,None,None
INV002592,P016,Mumbai_WH,1167,2078,4679,2023-12-01,None,None
INV002593,P016,Bengaluru_WH,1799,1119,5513,2023-12-01,None,None
INV002594,P016,Kolkata_WH,3754,3766,5911,2023-12-01,None,None
INV002595,P016,Hyderabad_WH,2650,5482,3444,2023-12-01,None,None
INV002596,P017,Delhi_WH,3891,2612,1614,2023-12-01,None,None
INV002597,P017,Mumbai_WH,4917,7399,2683,2023-12-01,None,None
INV002598,P017,Bengaluru_WH,1042,1925,983,2023-12-01,None,None
INV002599,P017,Kolkata_WH,4004,2533,3668,2023-12-01,None,None
INV002600,P017,Hyderabad_WH,4324,713,1465,2023-12-01,None,None
INV002601,P018,Delhi_WH,2505,4039,7843,2023-12-01,None,None
INV002602,P018,Mumbai_WH,929,4853,8928,2023-12-01,None,None
INV002603,P018,Bengaluru_WH,3184,5554,6859,2023-12-01,None,None
INV002604,P018,Kolkata_WH,990,557,1865,2023-12-01,None,None
INV002605,P018,Hyderabad_WH,3801,10254,7902,2023-12-01,None,None
INV002606,P001,Delhi_WH,2342,5411,3958,2024-01-01,None,None
INV002607,P001,Mumbai_WH,630,5116,6882,2024-01-01,None,None
INV002608,P001,Bengaluru_WH,3929,5192,2606,2024-01-01,None,None
INV002609,P001,Kolkata_WH,4394,10959,8485,2024-01-01,None,None
INV002610,P001,Hyderabad_WH,4385,2891,3122,2024-01-01,None,None
INV002611,P002,Delhi_WH,1683,8102,7037,2024-01-01,None,None
INV002612,P002,Mumbai_WH,648,5070,8220,2024-01-01,None,None
INV002613,P002,Bengaluru_WH,2303,6047,4487,2024-01-01,None,None
INV002614,P002,Kolkata_WH,3129,3224,7667,2024-01-01,None,None
INV002615,P002,Hyderabad_WH,2149,1681,1834,2024-01-01,None,None
INV002616,P003,Delhi_WH,1841,3097,3511,2024-01-01,None,None
INV002617,P003,Mumbai_WH,1749,3846,9420,2024-01-01,None,None
INV002618,P003,Bengaluru_WH,1534,9133,9156,2024-01-01,None,None
INV002619,P003,Kolkata_WH,2852,8006,7208,2024-01-01,None,None
INV002620,P003,Hyderabad_WH,1805,2122,2805,2024-01-01,None,None
INV002621,P004,Delhi_WH,151,4384,6947,2024-01-01,None,None
INV002622,P004,Mumbai_WH,505,4799,5835,2024-01-01,None,None
INV002623,P004,Bengaluru_WH,867,7739,8574,2024-01-01,None,None
INV002624,P004,Kolkata_WH,2513,9391,7355,2024-01-01,None,None
INV002625,P004,Hyderabad_WH,4989,2221,1594,2024-01-01,None,None
INV002626,P005,Delhi_WH,1218,370,808,2024-01-01,None,None
INV002627,P005,Mumbai_WH,3730,7188,9246,2024-01-01,None,None
INV002628,P005,Bengaluru_WH,4357,4703,3874,2024-01-01,None,None
INV002629,P005,Kolkata_WH,1921,5986,9690,2024-01-01,None,None
INV002630,P005,Hyderabad_WH,2742,2605,899,2024-01-01,None,None
INV002631,P006,Delhi_WH,4255,3066,3534,2024-01-01,None,None
INV002632,P006,Mumbai_WH,2285,1677,9945,2024-01-01,None,None
INV002633,P006,Bengaluru_WH,2676,4414,8331,2024-01-01,None,None
INV002634,P006,Kolkata_WH,765,917,8474,2024-01-01,None,None
INV002635,P006,Hyderabad_WH,351,5178,5959,2024-01-01,None,None
INV002636,P007,Delhi_WH,2551,1231,6743,2024-01-01,None,None
INV002637,P007,Mumbai_WH,3804,873,3132,2024-01-01,None,None
INV002638,P007,Bengaluru_WH,3147,2344,4375,2024-01-01,None,None
INV002639,P007,Kolkata_WH,2391,5415,7572,2024-01-01,None,None
INV002640,P007,Hyderabad_WH,2336,3285,4014,2024-01-01,None,None
INV002641,P008,Delhi_WH,431,4970,5843,2024-01-01,None,None
INV002642,P008,Mumbai_WH,669,2454,3085,2024-01-01,None,None
INV002643,P008,Bengaluru_WH,153,2155,2274,2024-01-01,None,None
INV002644,P008,Kolkata_WH,1309,4163,5345,2024-01-01,None,None
INV002645,P008,Hyderabad_WH,2249,5561,9032,2024-01-01,None,None
INV002646,P009,Delhi_WH,2440,8529,6182,2024-01-01,None,None
INV002647,P009,Mumbai_WH,4518,5067,8587,2024-01-01,None,None
INV002648,P009,Bengaluru_WH,711,418,599,2024-01-01,None,None
INV002649,P009,Kolkata_WH,4821,11743,7051,2024-01-01,None,None
INV002650,P009,Hyderabad_WH,373,1203,2287,2024-01-01,None,None
INV002651,P010,Delhi_WH,341,127,1611,2024-01-01,None,None
INV002652,P010,Mumbai_WH,2604,2325,561,2024-01-01,None,None
INV002653,P010,Bengaluru_WH,1688,6456,5935,2024-01-01,None,None
INV002654,P010,Kolkata_WH,3881,1836,4902,2024-01-01,None,None
INV002655,P010,Hyderabad_WH,2351,10586,9608,2024-01-01,None,None
INV002656,P011,Delhi_WH,3294,5769,2492,2024-01-01,None,None
INV002657,P011,Mumbai_WH,4273,13660,9895,2024-01-01,None,None
INV002658,P011,Bengaluru_WH,3121,4771,8296,2024-01-01,None,None
INV002659,P011,Kolkata_WH,1905,277,3987,2024-01-01,None,None
INV002660,P011,Hyderabad_WH,712,4368,5378,2024-01-01,None,None
INV002661,P012,Delhi_WH,4994,308,565,2024-01-01,None,None
INV002662,P012,Mumbai_WH,4431,8970,5700,2024-01-01,None,None
INV002663,P012,Bengaluru_WH,4152,2578,694,2024-01-01,None,None
INV002664,P012,Kolkata_WH,4380,1889,4592,2024-01-01,None,None
INV002665,P012,Hyderabad_WH,3203,5474,2934,2024-01-01,None,None
INV002666,P013,Delhi_WH,2575,9046,8413,2024-01-01,None,None
INV002667,P013,Mumbai_WH,2506,6410,4533,2024-01-01,None,None
INV002668,P013,Bengaluru_WH,1004,1566,4797,2024-01-01,None,None
INV002669,P013,Kolkata_WH,2047,3178,3146,2024-01-01,None,None
INV002670,P013,Hyderabad_WH,3949,6489,5643,2024-01-01,None,None
INV002671,P014,Delhi_WH,2885,1292,1007,2024-01-01,None,None
INV002672,P014,Mumbai_WH,2906,1191,3782,2024-01-01,None,None
INV002673,P014,Bengaluru_WH,729,4758,5375,2024-01-01,None,None
INV002674,P014,Kolkata_WH,2492,4045,4253,2024-01-01,None,None
INV002675,P014,Hyderabad_WH,1789,1312,2090,2024-01-01,None,None
INV002676,P015,Delhi_WH,4708,1813,4871,2024-01-01,None,None
INV002677,P015,Mumbai_WH,4927,3882,2512,2024-01-01,None,None
INV002678,P015,Bengaluru_WH,204,4766,5493,2024-01-01,None,None
INV002679,P015,Kolkata_WH,519,43,731,2024-01-01,None,None
INV002680,P015,Hyderabad_WH,592,7755,8693,2024-01-01,None,None
INV002681,P016,Delhi_WH,2378,8299,9142,2024-01-01,None,None
INV002682,P016,Mumbai_WH,409,375,2527,2024-01-01,None,None
INV002683,P016,Bengaluru_WH,1675,1015,1035,2024-01-01,None,None
INV002684,P016,Kolkata_WH,687,5661,6547,2024-01-01,None,None
INV002685,P016,Hyderabad_WH,4088,10356,6476,2024-01-01,None,None
INV002686,P017,Delhi_WH,1857,4468,3237,2024-01-01,None,None
INV002687,P017,Mumbai_WH,4980,10307,9617,2024-01-01,None,None
INV002688,P017,Bengaluru_WH,2836,5164,8005,2024-01-01,None,None
INV002689,P017,Kolkata_WH,2701,4416,8814,2024-01-01,None,None
INV002690,P017,Hyderabad_WH,4867,9120,6826,2024-01-01,None,None
INV002691,P018,Delhi_WH,1469,2435,1602,2024-01-01,None,None
INV002692,P018,Mumbai_WH,747,2517,3636,2024-01-01,None,None
INV002693,P018,Bengaluru_WH,1683,4350,3556,2024-01-01,None,None
INV002694,P018,Kolkata_WH,2835,11630,9714,2024-01-01,None,None
INV002695,P018,Hyderabad_WH,3248,84,2655,2024-01-01,None,None
INV002696,P001,Delhi_WH,1061,2940,5363,2024-02-01,None,None
INV002697,P001,Mumbai_WH,4482,4510,1045,2024-02-01,None,None
INV002698,P001,Bengaluru_WH,1560,3054,4348,2024-02-01,None,None
INV002699,P001,Kolkata_WH,1766,8726,7110,2024-02-01,None,None
INV002700,P001,Hyderabad_WH,3902,5762,4820,2024-02-01,None,None
INV002701,P002,Delhi_WH,492,5044,5374,2024-02-01,None,None
INV002702,P002,Mumbai_WH,2160,1740,2306,2024-02-01,None,None
INV002703,P002,Bengaluru_WH,1157,3357,7962,2024-02-01,None,None
INV002704,P002,Kolkata_WH,1225,3493,3850,2024-02-01,None,None
INV002705,P002,Hyderabad_WH,1245,10352,9367,2024-02-01,None,None
INV002706,P003,Delhi_WH,2836,10963,8857,2024-02-01,None,None
INV002707,P003,Mumbai_WH,3210,9431,6837,2024-02-01,None,None
INV002708,P003,Bengaluru_WH,3494,5438,1996,2024-02-01,None,None
INV002709,P003,Kolkata_WH,4610,1397,6562,2024-02-01,None,None
INV002710,P003,Hyderabad_WH,3556,8071,4952,2024-02-01,None,None
INV002711,P004,Delhi_WH,581,4661,6039,2024-02-01,None,None
INV002712,P004,Mumbai_WH,1621,1334,2921,2024-02-01,None,None
INV002713,P004,Bengaluru_WH,3184,2381,4184,2024-02-01,None,None
INV002714,P004,Kolkata_WH,4399,2205,543,2024-02-01,None,None
INV002715,P004,Hyderabad_WH,1269,3837,3812,2024-02-01,None,None
INV002716,P005,Delhi_WH,1427,4110,2813,2024-02-01,None,None
INV002717,P005,Mumbai_WH,4643,3226,2321,2024-02-01,None,None
INV002718,P005,Bengaluru_WH,4041,8183,9534,2024-02-01,None,None
INV002719,P005,Kolkata_WH,3425,9231,8296,2024-02-01,None,None
INV002720,P005,Hyderabad_WH,3463,2915,1009,2024-02-01,None,None
INV002721,P006,Delhi_WH,3944,1515,1399,2024-02-01,None,None
INV002722,P006,Mumbai_WH,2240,218,3881,2024-02-01,None,None
INV002723,P006,Bengaluru_WH,2814,5141,7425,2024-02-01,None,None
INV002724,P006,Kolkata_WH,3713,12091,8641,2024-02-01,None,None
INV002725,P006,Hyderabad_WH,2901,2049,1044,2024-02-01,None,None
INV002726,P007,Delhi_WH,3504,2266,991,2024-02-01,None,None
INV002727,P007,Mumbai_WH,4628,8192,6737,2024-02-01,None,None
INV002728,P007,Bengaluru_WH,4748,999,897,2024-02-01,None,None
INV002729,P007,Kolkata_WH,4129,6952,4153,2024-02-01,None,None
INV002730,P007,Hyderabad_WH,2643,493,2534,2024-02-01,None,None
INV002731,P008,Delhi_WH,4587,6969,6106,2024-02-01,None,None
INV002732,P008,Mumbai_WH,1455,6607,6342,2024-02-01,None,None
INV002733,P008,Bengaluru_WH,3882,7289,9906,2024-02-01,None,None
INV002734,P008,Kolkata_WH,3911,2186,2528,2024-02-01,None,None
INV002735,P008,Hyderabad_WH,2260,1896,5640,2024-02-01,None,None
INV002736,P009,Delhi_WH,885,2156,2142,2024-02-01,None,None
INV002737,P009,Mumbai_WH,1898,954,4213,2024-02-01,None,None
INV002738,P009,Bengaluru_WH,3684,1513,1390,2024-02-01,None,None
INV002739,P009,Kolkata_WH,3498,1154,5817,2024-02-01,None,None
INV002740,P009,Hyderabad_WH,2298,3159,1944,2024-02-01,None,None
INV002741,P010,Delhi_WH,2310,9375,9891,2024-02-01,None,None
INV002742,P010,Mumbai_WH,4799,6917,8673,2024-02-01,None,None
INV002743,P010,Bengaluru_WH,4035,3765,3612,2024-02-01,None,None
INV002744,P010,Kolkata_WH,1239,4302,5144,2024-02-01,None,None
INV002745,P010,Hyderabad_WH,2030,295,621,2024-02-01,None,None
INV002746,P011,Delhi_WH,3761,1756,9813,2024-02-01,None,None
INV002747,P011,Mumbai_WH,3256,5403,7451,2024-02-01,None,None
INV002748,P011,Bengaluru_WH,3716,1315,5110,2024-02-01,None,None
INV002749,P011,Kolkata_WH,3397,57,9284,2024-02-01,None,None
INV002750,P011,Hyderabad_WH,471,6271,5853,2024-02-01,None,None
INV002751,P012,Delhi_WH,940,3171,7671,2024-02-01,None,None
INV002752,P012,Mumbai_WH,2611,5994,8704,2024-02-01,None,None
INV002753,P012,Bengaluru_WH,3782,9399,6313,2024-02-01,None,None
INV002754,P012,Kolkata_WH,3160,9179,6889,2024-02-01,None,None
INV002755,P012,Hyderabad_WH,4824,10188,9720,2024-02-01,None,None
INV002756,P013,Delhi_WH,1753,2887,1654,2024-02-01,None,None
INV002757,P013,Mumbai_WH,1760,4310,8645,2024-02-01,None,None
INV002758,P013,Bengaluru_WH,3581,2226,1743,2024-02-01,None,None
INV002759,P013,Kolkata_WH,3680,7352,8809,2024-02-01,None,None
INV002760,P013,Hyderabad_WH,1930,310,3383,2024-02-01,None,None
INV002761,P014,Delhi_WH,1417,4480,5535,2024-02-01,None,None
INV002762,P014,Mumbai_WH,999,1832,9351,2024-02-01,None,None
INV002763,P014,Bengaluru_WH,2731,4900,4727,2024-02-01,None,None
INV002764,P014,Kolkata_WH,3665,4489,8741,2024-02-01,None,None
INV002765,P014,Hyderabad_WH,4376,3579,5143,2024-02-01,None,None
INV002766,P015,Delhi_WH,2691,1576,701,2024-02-01,None,None
INV002767,P015,Mumbai_WH,3750,1887,683,2024-02-01,None,None
INV002768,P015,Bengaluru_WH,1988,5385,6779,2024-02-01,None,None
INV002769,P015,Kolkata_WH,760,6724,9789,2024-02-01,None,None
INV002770,P015,Hyderabad_WH,1345,7556,6625,2024-02-01,None,None
INV002771,P016,Delhi_WH,3830,6999,3229,2024-02-01,None,None
INV002772,P016,Mumbai_WH,4003,4100,1891,2024-02-01,None,None
INV002773,P016,Bengaluru_WH,2246,329,4749,2024-02-01,None,None
INV002774,P016,Kolkata_WH,3779,5441,7442,2024-02-01,None,None
INV002775,P016,Hyderabad_WH,345,2886,3534,2024-02-01,None,None
INV002776,P017,Delhi_WH,1658,7522,7535,2024-02-01,None,None
INV002777,P017,Mumbai_WH,3935,4822,8970,2024-02-01,None,None
INV002778,P017,Bengaluru_WH,2998,41,2325,2024-02-01,None,None
INV002779,P017,Kolkata_WH,2461,8136,5888,2024-02-01,None,None
INV002780,P017,Hyderabad_WH,4870,4017,9379,2024-02-01,None,None
INV002781,P018,Delhi_WH,3989,8630,5704,2024-02-01,None,None
INV002782,P018,Mumbai_WH,1268,1087,572,2024-02-01,None,None
INV002783,P018,Bengaluru_WH,3382,1460,9015,2024-02-01,None,None
INV002784,P018,Kolkata_WH,3140,2957,3766,2024-02-01,None,None
INV002785,P018,Hyderabad_WH,2443,5076,6246,2024-02-01,None,None
INV002786,P001,Delhi_WH,4150,3825,830,2024-03-01,None,None
INV002787,P001,Mumbai_WH,3230,195,6886,2024-03-01,None,None
INV002788,P001,Bengaluru_WH,2639,4881,6007,2024-03-01,None,None
INV002789,P001,Kolkata_WH,118,159,8601,2024-03-01,None,None
INV002790,P001,Hyderabad_WH,3707,6448,9107,2024-03-01,None,None
INV002791,P002,Delhi_WH,1392,5817,7258,2024-03-01,None,None
INV002792,P002,Mumbai_WH,1235,1246,2782,2024-03-01,None,None
INV002793,P002,Bengaluru_WH,4647,378,8797,2024-03-01,None,None
INV002794,P002,Kolkata_WH,3012,505,5751,2024-03-01,None,None
INV002795,P002,Hyderabad_WH,1044,2858,2858,2024-03-01,None,None
INV002796,P003,Delhi_WH,3375,7693,6804,2024-03-01,None,None
INV002797,P003,Mumbai_WH,2579,11125,8622,2024-03-01,None,None
INV002798,P003,Bengaluru_WH,285,2208,4532,2024-03-01,None,None
INV002799,P003,Kolkata_WH,2100,657,3759,2024-03-01,None,None
INV002800,P003,Hyderabad_WH,3124,4257,7245,2024-03-01,None,None
INV002801,P004,Delhi_WH,2106,7362,6041,2024-03-01,None,None
INV002802,P004,Mumbai_WH,363,885,3450,2024-03-01,None,None
INV002803,P004,Bengaluru_WH,885,1427,5661,2024-03-01,None,None
INV002804,P004,Kolkata_WH,3230,3977,3174,2024-03-01,None,None
INV002805,P004,Hyderabad_WH,1792,2925,8309,2024-03-01,None,None
INV002806,P005,Delhi_WH,4666,3893,5344,2024-03-01,None,None
INV002807,P005,Mumbai_WH,860,4557,9257,2024-03-01,None,None
INV002808,P005,Bengaluru_WH,1992,1169,2457,2024-03-01,None,None
INV002809,P005,Kolkata_WH,4020,1989,1562,2024-03-01,None,None
INV002810,P005,Hyderabad_WH,404,2106,3454,2024-03-01,None,None
INV002811,P006,Delhi_WH,1716,1497,8744,2024-03-01,None,None
INV002812,P006,Mumbai_WH,3262,3415,1527,2024-03-01,None,None
INV002813,P006,Bengaluru_WH,2396,1695,8641,2024-03-01,None,None
INV002814,P006,Kolkata_WH,3561,6988,6733,2024-03-01,None,None
INV002815,P006,Hyderabad_WH,1608,7552,7704,2024-03-01,None,None
INV002816,P007,Delhi_WH,3947,5301,4886,2024-03-01,None,None
INV002817,P007,Mumbai_WH,1933,3221,1998,2024-03-01,None,None
INV002818,P007,Bengaluru_WH,454,1669,3042,2024-03-01,None,None
INV002819,P007,Kolkata_WH,1917,9905,8249,2024-03-01,None,None
INV002820,P007,Hyderabad_WH,1921,7077,8324,2024-03-01,None,None
INV002821,P008,Delhi_WH,3397,3708,8990,2024-03-01,None,None
INV002822,P008,Mumbai_WH,3597,7176,5060,2024-03-01,None,None
INV002823,P008,Bengaluru_WH,2429,1297,3932,2024-03-01,None,None
INV002824,P008,Kolkata_WH,2038,3392,8765,2024-03-01,None,None
INV002825,P008,Hyderabad_WH,803,1688,1098,2024-03-01,None,None
INV002826,P009,Delhi_WH,4496,250,9289,2024-03-01,None,None
INV002827,P009,Mumbai_WH,3984,5163,2208,2024-03-01,None,None
INV002828,P009,Bengaluru_WH,868,3667,7644,2024-03-01,None,None
INV002829,P009,Kolkata_WH,1458,5092,7248,2024-03-01,None,None
INV002830,P009,Hyderabad_WH,4266,3645,3822,2024-03-01,None,None
INV002831,P010,Delhi_WH,1779,4551,3298,2024-03-01,None,None
INV002832,P010,Mumbai_WH,4131,2425,3422,2024-03-01,None,None
INV002833,P010,Bengaluru_WH,4812,3770,1084,2024-03-01,None,None
INV002834,P010,Kolkata_WH,2013,4806,3543,2024-03-01,None,None
INV002835,P010,Hyderabad_WH,1799,1517,4009,2024-03-01,None,None
INV002836,P011,Delhi_WH,801,733,5834,2024-03-01,None,None
INV002837,P011,Mumbai_WH,1207,6122,8562,2024-03-01,None,None
INV002838,P011,Bengaluru_WH,291,3710,5508,2024-03-01,None,None
INV002839,P011,Kolkata_WH,2758,1322,9587,2024-03-01,None,None
INV002840,P011,Hyderabad_WH,4829,1230,6977,2024-03-01,None,None
INV002841,P012,Delhi_WH,3069,3349,8730,2024-03-01,None,None
INV002842,P012,Mumbai_WH,2960,6332,5729,2024-03-01,None,None
INV002843,P012,Bengaluru_WH,4823,1820,3236,2024-03-01,None,None
INV002844,P012,Kolkata_WH,711,1256,1048,2024-03-01,None,None
INV002845,P012,Hyderabad_WH,2867,2197,5359,2024-03-01,None,None
INV002846,P013,Delhi_WH,4162,8119,4641,2024-03-01,None,None
INV002847,P013,Mumbai_WH,2709,4466,6137,2024-03-01,None,None
INV002848,P013,Bengaluru_WH,3335,777,2014,2024-03-01,None,None
INV002849,P013,Kolkata_WH,2316,4583,5944,2024-03-01,None,None
INV002850,P013,Hyderabad_WH,1240,2110,3709,2024-03-01,None,None
INV002851,P014,Delhi_WH,378,3426,5042,2024-03-01,None,None
INV002852,P014,Mumbai_WH,2989,1613,5367,2024-03-01,None,None
INV002853,P014,Bengaluru_WH,1542,158,3708,2024-03-01,None,None
INV002854,P014,Kolkata_WH,2335,664,8722,2024-03-01,None,None
INV002855,P014,Hyderabad_WH,1239,7806,7428,2024-03-01,None,None
INV002856,P015,Delhi_WH,2897,9036,9199,2024-03-01,None,None
INV002857,P015,Mumbai_WH,2014,2326,4218,2024-03-01,None,None
INV002858,P015,Bengaluru_WH,1632,7881,8881,2024-03-01,None,None
INV002859,P015,Kolkata_WH,2083,6590,5241,2024-03-01,None,None
INV002860,P015,Hyderabad_WH,3621,6050,4457,2024-03-01,None,None
INV002861,P016,Delhi_WH,839,2209,2979,2024-03-01,None,None
INV002862,P016,Mumbai_WH,1310,1552,4118,2024-03-01,None,None
INV002863,P016,Bengaluru_WH,1803,1341,556,2024-03-01,None,None
INV002864,P016,Kolkata_WH,4671,7235,8181,2024-03-01,None,None
INV002865,P016,Hyderabad_WH,286,552,1268,2024-03-01,None,None
INV002866,P017,Delhi_WH,384,1485,1354,2024-03-01,None,None
INV002867,P017,Mumbai_WH,2175,1332,1486,2024-03-01,None,None
INV002868,P017,Bengaluru_WH,1746,1682,779,2024-03-01,None,None
INV002869,P017,Kolkata_WH,3269,481,5723,2024-03-01,None,None
INV002870,P017,Hyderabad_WH,3203,8129,5276,2024-03-01,None,None
INV002871,P018,Delhi_WH,4145,4419,2267,2024-03-01,None,None
INV002872,P018,Mumbai_WH,822,6030,7547,2024-03-01,None,None
INV002873,P018,Bengaluru_WH,642,574,2301,2024-03-01,None,None
INV002874,P018,Kolkata_WH,4893,1195,2521,2024-03-01,None,None
INV002875,P018,Hyderabad_WH,577,689,1350,2024-03-01,None,None
INV002876,P001,Delhi_WH,664,4221,8654,2024-04-01,None,None
INV002877,P001,Mumbai_WH,1207,698,2990,2024-04-01,None,None
INV002878,P001,Bengaluru_WH,996,2094,1751,2024-04-01,None,None
INV002879,P001,Kolkata_WH,4731,8104,8562,2024-04-01,None,None
INV002880,P001,Hyderabad_WH,3906,5914,5335,2024-04-01,None,None
INV002881,P002,Delhi_WH,896,1148,7843,2024-04-01,None,None
INV002882,P002,Mumbai_WH,2372,1365,1714,2024-04-01,None,None
INV002883,P002,Bengaluru_WH,3378,3556,3786,2024-04-01,None,None
INV002884,P002,Kolkata_WH,3735,6170,3389,2024-04-01,None,None
INV002885,P002,Hyderabad_WH,4243,4272,3118,2024-04-01,None,None
INV002886,P003,Delhi_WH,4153,939,7633,2024-04-01,None,None
INV002887,P003,Mumbai_WH,1350,517,790,2024-04-01,None,None
INV002888,P003,Bengaluru_WH,3313,3697,2129,2024-04-01,None,None
INV002889,P003,Kolkata_WH,3132,2443,815,2024-04-01,None,None
INV002890,P003,Hyderabad_WH,2139,737,3835,2024-04-01,None,None
INV002891,P004,Delhi_WH,1685,2120,5881,2024-04-01,None,None
INV002892,P004,Mumbai_WH,3827,10163,7641,2024-04-01,None,None
INV002893,P004,Bengaluru_WH,2745,2302,1619,2024-04-01,None,None
INV002894,P004,Kolkata_WH,2170,5405,6888,2024-04-01,None,None
INV002895,P004,Hyderabad_WH,2174,5362,7036,2024-04-01,None,None
INV002896,P005,Delhi_WH,336,7919,9894,2024-04-01,None,None
INV002897,P005,Mumbai_WH,1807,1358,506,2024-04-01,None,None
INV002898,P005,Bengaluru_WH,4497,3077,6599,2024-04-01,None,None
INV002899,P005,Kolkata_WH,3095,5597,7306,2024-04-01,None,None
INV002900,P005,Hyderabad_WH,821,39,1739,2024-04-01,None,None
INV002901,P006,Delhi_WH,612,378,6386,2024-04-01,None,None
INV002902,P006,Mumbai_WH,3667,3161,1142,2024-04-01,None,None
INV002903,P006,Bengaluru_WH,578,1756,3860,2024-04-01,None,None
INV002904,P006,Kolkata_WH,3904,5646,6613,2024-04-01,None,None
INV002905,P006,Hyderabad_WH,2880,4500,9377,2024-04-01,None,None
INV002906,P007,Delhi_WH,1964,3740,8573,2024-04-01,None,None
INV002907,P007,Mumbai_WH,2496,1040,9703,2024-04-01,None,None
INV002908,P007,Bengaluru_WH,4173,5294,1402,2024-04-01,None,None
INV002909,P007,Kolkata_WH,3130,1040,6246,2024-04-01,None,None
INV002910,P007,Hyderabad_WH,4715,3885,7969,2024-04-01,None,None
INV002911,P008,Delhi_WH,3910,7896,4405,2024-04-01,None,None
INV002912,P008,Mumbai_WH,3190,1029,879,2024-04-01,None,None
INV002913,P008,Bengaluru_WH,4494,5633,9512,2024-04-01,None,None
INV002914,P008,Kolkata_WH,4922,4768,6604,2024-04-01,None,None
INV002915,P008,Hyderabad_WH,4887,7081,4357,2024-04-01,None,None
INV002916,P009,Delhi_WH,3511,1999,2183,2024-04-01,None,None
INV002917,P009,Mumbai_WH,4735,536,5479,2024-04-01,None,None
INV002918,P009,Bengaluru_WH,2505,9239,7972,2024-04-01,None,None
INV002919,P009,Kolkata_WH,4364,2311,9411,2024-04-01,None,None
INV002920,P009,Hyderabad_WH,4095,306,978,2024-04-01,None,None
INV002921,P010,Delhi_WH,787,2117,3574,2024-04-01,None,None
INV002922,P010,Mumbai_WH,3556,907,6109,2024-04-01,None,None
INV002923,P010,Bengaluru_WH,1537,3723,5922,2024-04-01,None,None
INV002924,P010,Kolkata_WH,1019,7595,9790,2024-04-01,None,None
INV002925,P010,Hyderabad_WH,3653,4072,1739,2024-04-01,None,None
INV002926,P011,Delhi_WH,495,3676,4568,2024-04-01,None,None
INV002927,P011,Mumbai_WH,216,581,1700,2024-04-01,None,None
INV002928,P011,Bengaluru_WH,4667,1785,9366,2024-04-01,None,None
INV002929,P011,Kolkata_WH,2892,6347,3799,2024-04-01,None,None
INV002930,P011,Hyderabad_WH,3810,3056,1872,2024-04-01,None,None
INV002931,P012,Delhi_WH,3680,1778,3073,2024-04-01,None,None
INV002932,P012,Mumbai_WH,180,2477,5214,2024-04-01,None,None
INV002933,P012,Bengaluru_WH,3585,1428,5565,2024-04-01,None,None
INV002934,P012,Kolkata_WH,1839,1712,1944,2024-04-01,None,None
INV002935,P012,Hyderabad_WH,4644,2111,6311,2024-04-01,None,None
INV002936,P013,Delhi_WH,1165,3922,3535,2024-04-01,None,None
INV002937,P013,Mumbai_WH,374,2829,3357,2024-04-01,None,None
INV002938,P013,Bengaluru_WH,1224,5022,5233,2024-04-01,None,None
INV002939,P013,Kolkata_WH,2124,4304,5754,2024-04-01,None,None
INV002940,P013,Hyderabad_WH,2095,5721,5165,2024-04-01,None,None
INV002941,P014,Delhi_WH,305,2385,3257,2024-04-01,None,None
INV002942,P014,Mumbai_WH,730,3161,3830,2024-04-01,None,None
INV002943,P014,Bengaluru_WH,4691,13875,9642,2024-04-01,None,None
INV002944,P014,Kolkata_WH,4663,3047,5854,2024-04-01,None,None
INV002945,P014,Hyderabad_WH,3087,10187,8750,2024-04-01,None,None
INV002946,P015,Delhi_WH,4507,6821,4205,2024-04-01,None,None
INV002947,P015,Mumbai_WH,3515,11025,7640,2024-04-01,None,None
INV002948,P015,Bengaluru_WH,1187,4186,8119,2024-04-01,None,None
INV002949,P015,Kolkata_WH,2193,645,9414,2024-04-01,None,None
INV002950,P015,Hyderabad_WH,1220,5198,9997,2024-04-01,None,None
INV002951,P016,Delhi_WH,2414,8111,8594,2024-04-01,None,None
INV002952,P016,Mumbai_WH,1510,663,3207,2024-04-01,None,None
INV002953,P016,Bengaluru_WH,1082,2518,2840,2024-04-01,None,None
INV002954,P016,Kolkata_WH,4341,8500,5504,2024-04-01,None,None
INV002955,P016,Hyderabad_WH,2678,3510,3494,2024-04-01,None,None
INV002956,P017,Delhi_WH,2895,11978,9280,2024-04-01,None,None
INV002957,P017,Mumbai_WH,3964,3510,5207,2024-04-01,None,None
INV002958,P017,Bengaluru_WH,1080,3457,2571,2024-04-01,None,None
INV002959,P017,Kolkata_WH,3601,3394,9054,2024-04-01,None,None
INV002960,P017,Hyderabad_WH,4052,9642,8213,2024-04-01,None,None
INV002961,P018,Delhi_WH,578,6831,8151,2024-04-01,None,None
INV002962,P018,Mumbai_WH,2906,1468,3467,2024-04-01,None,None
INV002963,P018,Bengaluru_WH,3995,7646,7230,2024-04-01,None,None
INV002964,P018,Kolkata_WH,3370,6996,4004,2024-04-01,None,None
INV002965,P018,Hyderabad_WH,2539,4939,2871,2024-04-01,None,None
INV002966,P001,Delhi_WH,1358,3435,3266,2024-05-01,None,None
INV002967,P001,Mumbai_WH,4977,1300,5140,2024-05-01,None,None
INV002968,P001,Bengaluru_WH,3588,2006,3823,2024-05-01,None,None
INV002969,P001,Kolkata_WH,4429,12611,9274,2024-05-01,None,None
INV002970,P001,Hyderabad_WH,1632,2221,2283,2024-05-01,None,None
INV002971,P002,Delhi_WH,2769,652,8854,2024-05-01,None,None
INV002972,P002,Mumbai_WH,2188,3981,7628,2024-05-01,None,None
INV002973,P002,Bengaluru_WH,1724,2035,8113,2024-05-01,None,None
INV002974,P002,Kolkata_WH,3764,8810,7585,2024-05-01,None,None
INV002975,P002,Hyderabad_WH,1429,1365,4501,2024-05-01,None,None
INV002976,P003,Delhi_WH,181,1388,7692,2024-05-01,None,None
INV002977,P003,Mumbai_WH,2806,881,3597,2024-05-01,None,None
INV002978,P003,Bengaluru_WH,3363,1839,8484,2024-05-01,None,None
INV002979,P003,Kolkata_WH,733,2668,7394,2024-05-01,None,None
INV002980,P003,Hyderabad_WH,3525,931,1234,2024-05-01,None,None
INV002981,P004,Delhi_WH,1000,778,553,2024-05-01,None,None
INV002982,P004,Mumbai_WH,2039,5664,5352,2024-05-01,None,None
INV002983,P004,Bengaluru_WH,3608,5675,7792,2024-05-01,None,None
INV002984,P004,Kolkata_WH,1082,652,9217,2024-05-01,None,None
INV002985,P004,Hyderabad_WH,1413,5706,6387,2024-05-01,None,None
INV002986,P005,Delhi_WH,2225,43,8668,2024-05-01,None,None
INV002987,P005,Mumbai_WH,2448,3809,3017,2024-05-01,None,None
INV002988,P005,Bengaluru_WH,477,3447,4249,2024-05-01,None,None
INV002989,P005,Kolkata_WH,3033,1363,3901,2024-05-01,None,None
INV002990,P005,Hyderabad_WH,1148,204,2363,2024-05-01,None,None
INV002991,P006,Delhi_WH,3973,4886,1864,2024-05-01,None,None
INV002992,P006,Mumbai_WH,4431,5383,1626,2024-05-01,None,None
INV002993,P006,Bengaluru_WH,2064,1169,4797,2024-05-01,None,None
INV002994,P006,Kolkata_WH,1504,856,1313,2024-05-01,None,None
INV002995,P006,Hyderabad_WH,735,1118,655,2024-05-01,None,None
INV002996,P007,Delhi_WH,4234,8980,5176,2024-05-01,None,None
INV002997,P007,Mumbai_WH,167,3716,3589,2024-05-01,None,None
INV002998,P007,Bengaluru_WH,2633,8459,9697,2024-05-01,None,None
INV002999,P007,Kolkata_WH,2978,4584,4938,2024-05-01,None,None
INV003000,P007,Hyderabad_WH,2618,5382,6178,2024-05-01,None,None
INV003001,P008,Delhi_WH,109,396,709,2024-05-01,None,None
INV003002,P008,Mumbai_WH,3727,3132,7308,2024-05-01,None,None
INV003003,P008,Bengaluru_WH,444,5702,8575,2024-05-01,None,None
INV003004,P008,Kolkata_WH,1883,4934,5778,2024-05-01,None,None
INV003005,P008,Hyderabad_WH,2979,5872,4940,2024-05-01,None,None
INV003006,P009,Delhi_WH,1790,4710,3631,2024-05-01,None,None
INV003007,P009,Mumbai_WH,138,4265,6965,2024-05-01,None,None
INV003008,P009,Bengaluru_WH,440,797,1742,2024-05-01,None,None
INV003009,P009,Kolkata_WH,1689,629,7524,2024-05-01,None,None
INV003010,P009,Hyderabad_WH,1848,3478,4529,2024-05-01,None,None
INV003011,P010,Delhi_WH,3765,1713,8445,2024-05-01,None,None
INV003012,P010,Mumbai_WH,2501,985,6002,2024-05-01,None,None
INV003013,P010,Bengaluru_WH,331,1026,4185,2024-05-01,None,None
INV003014,P010,Kolkata_WH,3870,112,8790,2024-05-01,None,None
INV003015,P010,Hyderabad_WH,1075,96,1567,2024-05-01,None,None
INV003016,P011,Delhi_WH,2153,6470,6377,2024-05-01,None,None
INV003017,P011,Mumbai_WH,2416,3099,894,2024-05-01,None,None
INV003018,P011,Bengaluru_WH,2793,5294,3053,2024-05-01,None,None
INV003019,P011,Kolkata_WH,826,4120,5736,2024-05-01,None,None
INV003020,P011,Hyderabad_WH,554,2008,1846,2024-05-01,None,None
INV003021,P012,Delhi_WH,4792,2702,5716,2024-05-01,None,None
INV003022,P012,Mumbai_WH,3116,9045,7821,2024-05-01,None,None
INV003023,P012,Bengaluru_WH,3653,1807,1113,2024-05-01,None,None
INV003024,P012,Kolkata_WH,797,3499,4971,2024-05-01,None,None
INV003025,P012,Hyderabad_WH,3172,7159,8170,2024-05-01,None,None
INV003026,P013,Delhi_WH,1023,6653,7116,2024-05-01,None,None
INV003027,P013,Mumbai_WH,2988,289,513,2024-05-01,None,None
INV003028,P013,Bengaluru_WH,2983,1744,3126,2024-05-01,None,None
INV003029,P013,Kolkata_WH,1962,740,8443,2024-05-01,None,None
INV003030,P013,Hyderabad_WH,450,7423,7240,2024-05-01,None,None
INV003031,P014,Delhi_WH,4098,3694,1236,2024-05-01,None,None
INV003032,P014,Mumbai_WH,494,895,883,2024-05-01,None,None
INV003033,P014,Bengaluru_WH,877,1324,3159,2024-05-01,None,None
INV003034,P014,Kolkata_WH,385,1791,2651,2024-05-01,None,None
INV003035,P014,Hyderabad_WH,4492,3105,2630,2024-05-01,None,None
INV003036,P015,Delhi_WH,4664,2391,6401,2024-05-01,None,None
INV003037,P015,Mumbai_WH,4472,5149,4092,2024-05-01,None,None
INV003038,P015,Bengaluru_WH,3080,554,8192,2024-05-01,None,None
INV003039,P015,Kolkata_WH,3036,2389,7956,2024-05-01,None,None
INV003040,P015,Hyderabad_WH,3429,4110,1675,2024-05-01,None,None
INV003041,P016,Delhi_WH,2446,2062,3295,2024-05-01,None,None
INV003042,P016,Mumbai_WH,3828,7440,8013,2024-05-01,None,None
INV003043,P016,Bengaluru_WH,375,1004,1358,2024-05-01,None,None
INV003044,P016,Kolkata_WH,533,1130,1447,2024-05-01,None,None
INV003045,P016,Hyderabad_WH,4770,948,2104,2024-05-01,None,None
INV003046,P017,Delhi_WH,107,1376,9198,2024-05-01,None,None
INV003047,P017,Mumbai_WH,4324,3307,6074,2024-05-01,None,None
INV003048,P017,Bengaluru_WH,2975,9833,9949,2024-05-01,None,None
INV003049,P017,Kolkata_WH,2406,7160,5458,2024-05-01,None,None
INV003050,P017,Hyderabad_WH,1537,877,858,2024-05-01,None,None
INV003051,P018,Delhi_WH,1320,5502,4235,2024-05-01,None,None
INV003052,P018,Mumbai_WH,711,2302,2968,2024-05-01,None,None
INV003053,P018,Bengaluru_WH,2069,9125,7602,2024-05-01,None,None
INV003054,P018,Kolkata_WH,926,2670,4300,2024-05-01,None,None
INV003055,P018,Hyderabad_WH,4383,3010,1123,2024-05-01,None,None
INV003056,P001,Delhi_WH,4785,5112,1469,2024-06-01,None,None
INV003057,P001,Mumbai_WH,3892,7588,8967,2024-06-01,None,None
INV003058,P001,Bengaluru_WH,1993,121,1665,2024-06-01,None,None
INV003059,P001,Kolkata_WH,1816,3150,5494,2024-06-01,None,None
INV003060,P001,Hyderabad_WH,4349,9712,8413,2024-06-01,None,None
INV003061,P002,Delhi_WH,3506,8827,6898,2024-06-01,None,None
INV003062,P002,Mumbai_WH,2127,3571,8456,2024-06-01,None,None
INV003063,P002,Bengaluru_WH,1156,5563,5234,2024-06-01,None,None
INV003064,P002,Kolkata_WH,3723,5870,3810,2024-06-01,None,None
INV003065,P002,Hyderabad_WH,4732,1416,3557,2024-06-01,None,None
INV003066,P003,Delhi_WH,1902,3049,4794,2024-06-01,None,None
INV003067,P003,Mumbai_WH,3018,1797,6960,2024-06-01,None,None
INV003068,P003,Bengaluru_WH,1219,934,4319,2024-06-01,None,None
INV003069,P003,Kolkata_WH,2771,1777,1338,2024-06-01,None,None
INV003070,P003,Hyderabad_WH,1351,2338,4191,2024-06-01,None,None
INV003071,P004,Delhi_WH,3617,5709,4004,2024-06-01,None,None
INV003072,P004,Mumbai_WH,393,5351,8794,2024-06-01,None,None
INV003073,P004,Bengaluru_WH,4668,2997,2594,2024-06-01,None,None
INV003074,P004,Kolkata_WH,2644,1732,5322,2024-06-01,None,None
INV003075,P004,Hyderabad_WH,2761,4284,2477,2024-06-01,None,None
INV003076,P005,Delhi_WH,1488,10694,9849,2024-06-01,None,None
INV003077,P005,Mumbai_WH,2971,4883,6453,2024-06-01,None,None
INV003078,P005,Bengaluru_WH,1144,9727,9179,2024-06-01,None,None
INV003079,P005,Kolkata_WH,639,8226,8514,2024-06-01,None,None
INV003080,P005,Hyderabad_WH,298,1848,3136,2024-06-01,None,None
INV003081,P006,Delhi_WH,1812,3068,9515,2024-06-01,None,None
INV003082,P006,Mumbai_WH,237,546,5386,2024-06-01,None,None
INV003083,P006,Bengaluru_WH,3860,4376,5235,2024-06-01,None,None
INV003084,P006,Kolkata_WH,706,5496,6949,2024-06-01,None,None
INV003085,P006,Hyderabad_WH,4125,8871,6527,2024-06-01,None,None
INV003086,P007,Delhi_WH,2175,4285,4294,2024-06-01,None,None
INV003087,P007,Mumbai_WH,4792,7420,9319,2024-06-01,None,None
INV003088,P007,Bengaluru_WH,2522,2903,6618,2024-06-01,None,None
INV003089,P007,Kolkata_WH,1599,6837,8502,2024-06-01,None,None
INV003090,P007,Hyderabad_WH,1236,4082,7888,2024-06-01,None,None
INV003091,P008,Delhi_WH,1553,6765,7722,2024-06-01,None,None
INV003092,P008,Mumbai_WH,916,1024,6291,2024-06-01,None,None
INV003093,P008,Bengaluru_WH,715,2092,4004,2024-06-01,None,None
INV003094,P008,Kolkata_WH,4021,5711,2823,2024-06-01,None,None
INV003095,P008,Hyderabad_WH,1327,4359,8119,2024-06-01,None,None
INV003096,P009,Delhi_WH,4190,4861,7548,2024-06-01,None,None
INV003097,P009,Mumbai_WH,141,1396,6794,2024-06-01,None,None
INV003098,P009,Bengaluru_WH,4841,10370,6029,2024-06-01,None,None
INV003099,P009,Kolkata_WH,1943,1937,2010,2024-06-01,None,None
INV003100,P009,Hyderabad_WH,503,7796,9419,2024-06-01,None,None
INV003101,P010,Delhi_WH,688,5327,5929,2024-06-01,None,None
INV003102,P010,Mumbai_WH,1084,6945,9296,2024-06-01,None,None
INV003103,P010,Bengaluru_WH,2776,2153,742,2024-06-01,None,None
INV003104,P010,Kolkata_WH,2864,7382,8177,2024-06-01,None,None
INV003105,P010,Hyderabad_WH,3124,3176,4130,2024-06-01,None,None
INV003106,P011,Delhi_WH,3277,9354,9374,2024-06-01,None,None
INV003107,P011,Mumbai_WH,4668,4136,2379,2024-06-01,None,None
INV003108,P011,Bengaluru_WH,1542,3660,6476,2024-06-01,None,None
INV003109,P011,Kolkata_WH,1178,984,639,2024-06-01,None,None
INV003110,P011,Hyderabad_WH,4635,6754,2468,2024-06-01,None,None
INV003111,P012,Delhi_WH,2657,3542,2817,2024-06-01,None,None
INV003112,P012,Mumbai_WH,2925,4933,3309,2024-06-01,None,None
INV003113,P012,Bengaluru_WH,4664,1635,2496,2024-06-01,None,None
INV003114,P012,Kolkata_WH,963,3064,7540,2024-06-01,None,None
INV003115,P012,Hyderabad_WH,4372,858,5978,2024-06-01,None,None
INV003116,P013,Delhi_WH,3790,339,8050,2024-06-01,None,None
INV003117,P013,Mumbai_WH,1691,890,6401,2024-06-01,None,None
INV003118,P013,Bengaluru_WH,4432,1869,1487,2024-06-01,None,None
INV003119,P013,Kolkata_WH,1895,3364,1935,2024-06-01,None,None
INV003120,P013,Hyderabad_WH,4612,1798,6366,2024-06-01,None,None
INV003121,P014,Delhi_WH,3327,6729,9637,2024-06-01,None,None
INV003122,P014,Mumbai_WH,694,4012,6003,2024-06-01,None,None
INV003123,P014,Bengaluru_WH,2904,3242,1342,2024-06-01,None,None
INV003124,P014,Kolkata_WH,3225,2864,4276,2024-06-01,None,None
INV003125,P014,Hyderabad_WH,3263,4012,4293,2024-06-01,None,None
INV003126,P015,Delhi_WH,2665,4188,1555,2024-06-01,None,None
INV003127,P015,Mumbai_WH,4231,1018,1691,2024-06-01,None,None
INV003128,P015,Bengaluru_WH,266,30,5241,2024-06-01,None,None
INV003129,P015,Kolkata_WH,4455,11487,8515,2024-06-01,None,None
INV003130,P015,Hyderabad_WH,2275,1829,6661,2024-06-01,None,None
INV003131,P016,Delhi_WH,1340,1476,7525,2024-06-01,None,None
INV003132,P016,Mumbai_WH,1648,3840,3647,2024-06-01,None,None
INV003133,P016,Bengaluru_WH,348,2228,5506,2024-06-01,None,None
INV003134,P016,Kolkata_WH,2873,5111,6695,2024-06-01,None,None
INV003135,P016,Hyderabad_WH,3276,2819,1829,2024-06-01,None,None
INV003136,P017,Delhi_WH,2047,4147,4176,2024-06-01,None,None
INV003137,P017,Mumbai_WH,2735,1675,1506,2024-06-01,None,None
INV003138,P017,Bengaluru_WH,3496,657,3008,2024-06-01,None,None
INV003139,P017,Kolkata_WH,4679,1552,799,2024-06-01,None,None
INV003140,P017,Hyderabad_WH,904,531,6805,2024-06-01,None,None
INV003141,P018,Delhi_WH,4466,3408,4258,2024-06-01,None,None
INV003142,P018,Mumbai_WH,3775,4498,7654,2024-06-01,None,None
INV003143,P018,Bengaluru_WH,957,5748,5629,2024-06-01,None,None
INV003144,P018,Kolkata_WH,2193,5852,4861,2024-06-01,None,None
INV003145,P018,Hyderabad_WH,409,1736,2963,2024-06-01,None,None
INV003146,P001,Delhi_WH,3865,5666,3124,2024-07-01,None,None
INV003147,P001,Mumbai_WH,2709,2683,5695,2024-07-01,None,None
INV003148,P001,Bengaluru_WH,2956,2022,700,2024-07-01,None,None
INV003149,P001,Kolkata_WH,4414,1719,793,2024-07-01,None,None
INV003150,P001,Hyderabad_WH,1805,1064,9519,2024-07-01,None,None
INV003151,P002,Delhi_WH,2949,5337,3440,2024-07-01,None,None
INV003152,P002,Mumbai_WH,3930,605,1154,2024-07-01,None,None
INV003153,P002,Bengaluru_WH,4647,3462,4718,2024-07-01,None,None
INV003154,P002,Kolkata_WH,4806,11851,8020,2024-07-01,None,None
INV003155,P002,Hyderabad_WH,3813,2632,1105,2024-07-01,None,None
INV003156,P003,Delhi_WH,4026,9633,9173,2024-07-01,None,None
INV003157,P003,Mumbai_WH,2414,3357,1822,2024-07-01,None,None
INV003158,P003,Bengaluru_WH,3160,3292,2033,2024-07-01,None,None
INV003159,P003,Kolkata_WH,2964,4705,4677,2024-07-01,None,None
INV003160,P003,Hyderabad_WH,2526,26,1986,2024-07-01,None,None
INV003161,P004,Delhi_WH,2611,480,3836,2024-07-01,None,None
INV003162,P004,Mumbai_WH,4324,1692,2408,2024-07-01,None,None
INV003163,P004,Bengaluru_WH,4650,2894,2345,2024-07-01,None,None
INV003164,P004,Kolkata_WH,2499,3275,6824,2024-07-01,None,None
INV003165,P004,Hyderabad_WH,3010,4262,2030,2024-07-01,None,None
INV003166,P005,Delhi_WH,1750,6363,5514,2024-07-01,None,None
INV003167,P005,Mumbai_WH,862,279,2451,2024-07-01,None,None
INV003168,P005,Bengaluru_WH,920,5984,5960,2024-07-01,None,None
INV003169,P005,Kolkata_WH,3899,2479,1102,2024-07-01,None,None
INV003170,P005,Hyderabad_WH,2302,2163,1672,2024-07-01,None,None
INV003171,P006,Delhi_WH,2676,1739,1821,2024-07-01,None,None
INV003172,P006,Mumbai_WH,3959,1089,3375,2024-07-01,None,None
INV003173,P006,Bengaluru_WH,2919,2519,3549,2024-07-01,None,None
INV003174,P006,Kolkata_WH,2793,2908,2459,2024-07-01,None,None
INV003175,P006,Hyderabad_WH,2255,3043,2612,2024-07-01,None,None
INV003176,P007,Delhi_WH,2392,474,1770,2024-07-01,None,None
INV003177,P007,Mumbai_WH,4865,5739,9300,2024-07-01,None,None
INV003178,P007,Bengaluru_WH,3838,1991,6710,2024-07-01,None,None
INV003179,P007,Kolkata_WH,4008,2110,4121,2024-07-01,None,None
INV003180,P007,Hyderabad_WH,1294,2520,3332,2024-07-01,None,None
INV003181,P008,Delhi_WH,3807,990,2353,2024-07-01,None,None
INV003182,P008,Mumbai_WH,2584,369,9507,2024-07-01,None,None
INV003183,P008,Bengaluru_WH,2339,1173,3081,2024-07-01,None,None
INV003184,P008,Kolkata_WH,3409,2322,1084,2024-07-01,None,None
INV003185,P008,Hyderabad_WH,806,5754,9068,2024-07-01,None,None
INV003186,P009,Delhi_WH,376,4193,7630,2024-07-01,None,None
INV003187,P009,Mumbai_WH,1107,4150,3972,2024-07-01,None,None
INV003188,P009,Bengaluru_WH,2470,2790,9042,2024-07-01,None,None
INV003189,P009,Kolkata_WH,2467,6951,9788,2024-07-01,None,None
INV003190,P009,Hyderabad_WH,4941,6482,3889,2024-07-01,None,None
INV003191,P010,Delhi_WH,970,5157,5609,2024-07-01,None,None
INV003192,P010,Mumbai_WH,1024,2120,4416,2024-07-01,None,None
INV003193,P010,Bengaluru_WH,1890,7350,9915,2024-07-01,None,None
INV003194,P010,Kolkata_WH,2704,7996,6769,2024-07-01,None,None
INV003195,P010,Hyderabad_WH,2876,3777,8853,2024-07-01,None,None
INV003196,P011,Delhi_WH,2888,2286,8134,2024-07-01,None,None
INV003197,P011,Mumbai_WH,3198,1826,3778,2024-07-01,None,None
INV003198,P011,Bengaluru_WH,1948,12,1095,2024-07-01,None,None
INV003199,P011,Kolkata_WH,3766,7909,8869,2024-07-01,None,None
INV003200,P011,Hyderabad_WH,4416,5509,3164,2024-07-01,None,None
INV003201,P012,Delhi_WH,2639,2068,2071,2024-07-01,None,None
INV003202,P012,Mumbai_WH,4191,5665,3389,2024-07-01,None,None
INV003203,P012,Bengaluru_WH,2147,761,8884,2024-07-01,None,None
INV003204,P012,Kolkata_WH,273,14,1305,2024-07-01,None,None
INV003205,P012,Hyderabad_WH,2138,1850,5572,2024-07-01,None,None
INV003206,P013,Delhi_WH,4138,7928,4157,2024-07-01,None,None
INV003207,P013,Mumbai_WH,4465,5504,5879,2024-07-01,None,None
INV003208,P013,Bengaluru_WH,1462,1558,1133,2024-07-01,None,None
INV003209,P013,Kolkata_WH,4491,1394,6514,2024-07-01,None,None
INV003210,P013,Hyderabad_WH,2246,6938,9621,2024-07-01,None,None
INV003211,P014,Delhi_WH,1429,2177,941,2024-07-01,None,None
INV003212,P014,Mumbai_WH,1398,8692,7525,2024-07-01,None,None
INV003213,P014,Bengaluru_WH,2086,4390,3330,2024-07-01,None,None
INV003214,P014,Kolkata_WH,1510,894,984,2024-07-01,None,None
INV003215,P014,Hyderabad_WH,4638,10521,7787,2024-07-01,None,None
INV003216,P015,Delhi_WH,2483,3869,1621,2024-07-01,None,None
INV003217,P015,Mumbai_WH,765,3496,3107,2024-07-01,None,None
INV003218,P015,Bengaluru_WH,2154,3687,7310,2024-07-01,None,None
INV003219,P015,Kolkata_WH,4153,10380,6232,2024-07-01,None,None
INV003220,P015,Hyderabad_WH,2227,4209,7182,2024-07-01,None,None
INV003221,P016,Delhi_WH,4688,8480,6736,2024-07-01,None,None
INV003222,P016,Mumbai_WH,1239,6237,9136,2024-07-01,None,None
INV003223,P016,Bengaluru_WH,4283,4604,2101,2024-07-01,None,None
INV003224,P016,Kolkata_WH,4530,1597,4128,2024-07-01,None,None
INV003225,P016,Hyderabad_WH,1948,1655,8245,2024-07-01,None,None
INV003226,P017,Delhi_WH,2312,9513,8539,2024-07-01,None,None
INV003227,P017,Mumbai_WH,1908,2317,5147,2024-07-01,None,None
INV003228,P017,Bengaluru_WH,872,5658,7559,2024-07-01,None,None
INV003229,P017,Kolkata_WH,574,6076,5984,2024-07-01,None,None
INV003230,P017,Hyderabad_WH,4041,2004,2969,2024-07-01,None,None
INV003231,P018,Delhi_WH,4374,9542,6471,2024-07-01,None,None
INV003232,P018,Mumbai_WH,808,2510,2644,2024-07-01,None,None
INV003233,P018,Bengaluru_WH,344,3606,5268,2024-07-01,None,None
INV003234,P018,Kolkata_WH,4374,7569,6659,2024-07-01,None,None
INV003235,P018,Hyderabad_WH,2643,4986,7269,2024-07-01,None,None
INV003236,P001,Delhi_WH,1306,5329,6456,2024-08-01,None,None
INV003237,P001,Mumbai_WH,4854,3661,5855,2024-08-01,None,None
INV003238,P001,Bengaluru_WH,2648,8627,7943,2024-08-01,None,None
INV003239,P001,Kolkata_WH,3852,111,3443,2024-08-01,None,None
INV003240,P001,Hyderabad_WH,2597,8805,6692,2024-08-01,None,None
INV003241,P002,Delhi_WH,1533,4883,7907,2024-08-01,None,None
INV003242,P002,Mumbai_WH,2181,2530,5039,2024-08-01,None,None
INV003243,P002,Bengaluru_WH,2577,9913,8858,2024-08-01,None,None
INV003244,P002,Kolkata_WH,3630,5425,2127,2024-08-01,None,None
INV003245,P002,Hyderabad_WH,904,4092,6412,2024-08-01,None,None
INV003246,P003,Delhi_WH,259,7134,6970,2024-08-01,None,None
INV003247,P003,Mumbai_WH,4931,2578,7361,2024-08-01,None,None
INV003248,P003,Bengaluru_WH,879,4768,9399,2024-08-01,None,None
INV003249,P003,Kolkata_WH,4187,6658,4460,2024-08-01,None,None
INV003250,P003,Hyderabad_WH,4407,9829,6848,2024-08-01,None,None
INV003251,P004,Delhi_WH,3446,3950,8811,2024-08-01,None,None
INV003252,P004,Mumbai_WH,2145,5244,8228,2024-08-01,None,None
INV003253,P004,Bengaluru_WH,2504,8935,9951,2024-08-01,None,None
INV003254,P004,Kolkata_WH,637,4615,5875,2024-08-01,None,None
INV003255,P004,Hyderabad_WH,826,3025,5970,2024-08-01,None,None
INV003256,P005,Delhi_WH,3797,1086,1825,2024-08-01,None,None
INV003257,P005,Mumbai_WH,1878,5785,7477,2024-08-01,None,None
INV003258,P005,Bengaluru_WH,1292,4456,7889,2024-08-01,None,None
INV003259,P005,Kolkata_WH,412,1533,3012,2024-08-01,None,None
INV003260,P005,Hyderabad_WH,2228,2181,4298,2024-08-01,None,None
INV003261,P006,Delhi_WH,4589,2439,1804,2024-08-01,None,None
INV003262,P006,Mumbai_WH,2772,6104,4527,2024-08-01,None,None
INV003263,P006,Bengaluru_WH,4252,9769,6879,2024-08-01,None,None
INV003264,P006,Kolkata_WH,2530,9792,9126,2024-08-01,None,None
INV003265,P006,Hyderabad_WH,3987,10557,7508,2024-08-01,None,None
INV003266,P007,Delhi_WH,427,2749,3018,2024-08-01,None,None
INV003267,P007,Mumbai_WH,1786,9925,8807,2024-08-01,None,None
INV003268,P007,Bengaluru_WH,1038,8913,9226,2024-08-01,None,None
INV003269,P007,Kolkata_WH,1247,4473,7872,2024-08-01,None,None
INV003270,P007,Hyderabad_WH,4466,6383,8991,2024-08-01,None,None
INV003271,P008,Delhi_WH,813,3150,2822,2024-08-01,None,None
INV003272,P008,Mumbai_WH,4872,9797,5075,2024-08-01,None,None
INV003273,P008,Bengaluru_WH,712,1419,3152,2024-08-01,None,None
INV003274,P008,Kolkata_WH,2560,5129,6398,2024-08-01,None,None
INV003275,P008,Hyderabad_WH,4408,1386,2434,2024-08-01,None,None
INV003276,P009,Delhi_WH,1626,1923,2331,2024-08-01,None,None
INV003277,P009,Mumbai_WH,387,794,6220,2024-08-01,None,None
INV003278,P009,Bengaluru_WH,818,5624,8859,2024-08-01,None,None
INV003279,P009,Kolkata_WH,2830,9392,6897,2024-08-01,None,None
INV003280,P009,Hyderabad_WH,1341,6877,9758,2024-08-01,None,None
INV003281,P010,Delhi_WH,1960,5428,5675,2024-08-01,None,None
INV003282,P010,Mumbai_WH,920,3901,5663,2024-08-01,None,None
INV003283,P010,Bengaluru_WH,4435,7408,4134,2024-08-01,None,None
INV003284,P010,Kolkata_WH,4573,4027,2468,2024-08-01,None,None
INV003285,P010,Hyderabad_WH,2857,11091,9877,2024-08-01,None,None
INV003286,P011,Delhi_WH,330,1671,2494,2024-08-01,None,None
INV003287,P011,Mumbai_WH,2831,33,518,2024-08-01,None,None
INV003288,P011,Bengaluru_WH,996,2029,1558,2024-08-01,None,None
INV003289,P011,Kolkata_WH,3059,8810,8037,2024-08-01,None,None
INV003290,P011,Hyderabad_WH,2481,4181,8401,2024-08-01,None,None
INV003291,P012,Delhi_WH,2591,4038,1504,2024-08-01,None,None
INV003292,P012,Mumbai_WH,4239,5249,6690,2024-08-01,None,None
INV003293,P012,Bengaluru_WH,4682,3628,1313,2024-08-01,None,None
INV003294,P012,Kolkata_WH,3947,9011,9070,2024-08-01,None,None
INV003295,P012,Hyderabad_WH,4363,677,2148,2024-08-01,None,None
INV003296,P013,Delhi_WH,3097,773,1863,2024-08-01,None,None
INV003297,P013,Mumbai_WH,3470,7597,7175,2024-08-01,None,None
INV003298,P013,Bengaluru_WH,594,7115,7696,2024-08-01,None,None
INV003299,P013,Kolkata_WH,2561,472,4551,2024-08-01,None,None
INV003300,P013,Hyderabad_WH,1356,789,2689,2024-08-01,None,None
INV003301,P014,Delhi_WH,3667,2180,4129,2024-08-01,None,None
INV003302,P014,Mumbai_WH,264,4707,7338,2024-08-01,None,None
INV003303,P014,Bengaluru_WH,641,951,2030,2024-08-01,None,None
INV003304,P014,Kolkata_WH,530,134,4352,2024-08-01,None,None
INV003305,P014,Hyderabad_WH,2782,4337,5015,2024-08-01,None,None
INV003306,P015,Delhi_WH,2079,1823,9749,2024-08-01,None,None
INV003307,P015,Mumbai_WH,2030,4235,2981,2024-08-01,None,None
INV003308,P015,Bengaluru_WH,1654,1064,1614,2024-08-01,None,None
INV003309,P015,Kolkata_WH,2192,1738,5070,2024-08-01,None,None
INV003310,P015,Hyderabad_WH,1512,1335,1217,2024-08-01,None,None
INV003311,P016,Delhi_WH,3150,2683,1348,2024-08-01,None,None
INV003312,P016,Mumbai_WH,4236,7225,5242,2024-08-01,None,None
INV003313,P016,Bengaluru_WH,1652,2154,1084,2024-08-01,None,None
INV003314,P016,Kolkata_WH,2756,3491,4833,2024-08-01,None,None
INV003315,P016,Hyderabad_WH,1098,5703,5844,2024-08-01,None,None
INV003316,P017,Delhi_WH,2902,5422,9412,2024-08-01,None,None
INV003317,P017,Mumbai_WH,2425,4010,1888,2024-08-01,None,None
INV003318,P017,Bengaluru_WH,621,1003,1174,2024-08-01,None,None
INV003319,P017,Kolkata_WH,4388,4609,6171,2024-08-01,None,None
INV003320,P017,Hyderabad_WH,4576,5551,7037,2024-08-01,None,None
INV003321,P018,Delhi_WH,4574,818,3690,2024-08-01,None,None
INV003322,P018,Mumbai_WH,3377,119,5192,2024-08-01,None,None
INV003323,P018,Bengaluru_WH,2033,6774,9020,2024-08-01,None,None
INV003324,P018,Kolkata_WH,1745,839,4062,2024-08-01,None,None
INV003325,P018,Hyderabad_WH,2519,326,9233,2024-08-01,None,None
INV003326,P001,Delhi_WH,2187,3717,4321,2024-09-01,None,None
INV003327,P001,Mumbai_WH,2177,3257,1499,2024-09-01,None,None
INV003328,P001,Bengaluru_WH,2819,1022,730,2024-09-01,None,None
INV003329,P001,Kolkata_WH,4153,1092,513,2024-09-01,None,None
INV003330,P001,Hyderabad_WH,3624,3146,6627,2024-09-01,None,None
INV003331,P002,Delhi_WH,3861,2272,2985,2024-09-01,None,None
INV003332,P002,Mumbai_WH,427,4431,4464,2024-09-01,None,None
INV003333,P002,Bengaluru_WH,2104,921,5433,2024-09-01,None,None
INV003334,P002,Kolkata_WH,1268,2060,5804,2024-09-01,None,None
INV003335,P002,Hyderabad_WH,2343,3445,1281,2024-09-01,None,None
INV003336,P003,Delhi_WH,2619,4898,7311,2024-09-01,None,None
INV003337,P003,Mumbai_WH,3738,453,4832,2024-09-01,None,None
INV003338,P003,Bengaluru_WH,4516,118,6475,2024-09-01,None,None
INV003339,P003,Kolkata_WH,4381,3298,3155,2024-09-01,None,None
INV003340,P003,Hyderabad_WH,4900,3503,1938,2024-09-01,None,None
INV003341,P004,Delhi_WH,2802,7375,9459,2024-09-01,None,None
INV003342,P004,Mumbai_WH,365,1070,6292,2024-09-01,None,None
INV003343,P004,Bengaluru_WH,1031,211,9145,2024-09-01,None,None
INV003344,P004,Kolkata_WH,2246,6486,6746,2024-09-01,None,None
INV003345,P004,Hyderabad_WH,1017,3402,7231,2024-09-01,None,None
INV003346,P005,Delhi_WH,2514,1613,2564,2024-09-01,None,None
INV003347,P005,Mumbai_WH,4984,4977,5852,2024-09-01,None,None
INV003348,P005,Bengaluru_WH,4691,3303,8023,2024-09-01,None,None
INV003349,P005,Kolkata_WH,1608,11224,9990,2024-09-01,None,None
INV003350,P005,Hyderabad_WH,1905,3260,8528,2024-09-01,None,None
INV003351,P006,Delhi_WH,3807,1233,6073,2024-09-01,None,None
INV003352,P006,Mumbai_WH,3002,126,4628,2024-09-01,None,None
INV003353,P006,Bengaluru_WH,4461,1338,4471,2024-09-01,None,None
INV003354,P006,Kolkata_WH,340,659,8461,2024-09-01,None,None
INV003355,P006,Hyderabad_WH,4620,1114,1261,2024-09-01,None,None
INV003356,P007,Delhi_WH,4709,1374,5057,2024-09-01,None,None
INV003357,P007,Mumbai_WH,348,1097,990,2024-09-01,None,None
INV003358,P007,Bengaluru_WH,2587,3876,3977,2024-09-01,None,None
INV003359,P007,Kolkata_WH,4229,2767,5853,2024-09-01,None,None
INV003360,P007,Hyderabad_WH,2245,6032,9061,2024-09-01,None,None
INV003361,P008,Delhi_WH,1696,443,8879,2024-09-01,None,None
INV003362,P008,Mumbai_WH,4649,122,8835,2024-09-01,None,None
INV003363,P008,Bengaluru_WH,4992,13813,9687,2024-09-01,None,None
INV003364,P008,Kolkata_WH,2582,3172,6100,2024-09-01,None,None
INV003365,P008,Hyderabad_WH,1910,971,3096,2024-09-01,None,None
INV003366,P009,Delhi_WH,792,1804,1184,2024-09-01,None,None
INV003367,P009,Mumbai_WH,4533,5957,2698,2024-09-01,None,None
INV003368,P009,Bengaluru_WH,4833,7648,5514,2024-09-01,None,None
INV003369,P009,Kolkata_WH,1332,529,5811,2024-09-01,None,None
INV003370,P009,Hyderabad_WH,1862,679,2542,2024-09-01,None,None
INV003371,P010,Delhi_WH,3763,3020,8265,2024-09-01,None,None
INV003372,P010,Mumbai_WH,296,2412,3097,2024-09-01,None,None
INV003373,P010,Bengaluru_WH,4918,4374,8876,2024-09-01,None,None
INV003374,P010,Kolkata_WH,328,4113,6224,2024-09-01,None,None
INV003375,P010,Hyderabad_WH,3554,7896,7610,2024-09-01,None,None
INV003376,P011,Delhi_WH,1316,1712,691,2024-09-01,None,None
INV003377,P011,Mumbai_WH,3034,3683,5846,2024-09-01,None,None
INV003378,P011,Bengaluru_WH,3672,1831,9811,2024-09-01,None,None
INV003379,P011,Kolkata_WH,2614,3271,4205,2024-09-01,None,None
INV003380,P011,Hyderabad_WH,452,259,7196,2024-09-01,None,None
INV003381,P012,Delhi_WH,393,2403,2562,2024-09-01,None,None
INV003382,P012,Mumbai_WH,4092,9515,9491,2024-09-01,None,None
INV003383,P012,Bengaluru_WH,4762,2254,7857,2024-09-01,None,None
INV003384,P012,Kolkata_WH,1803,7971,7518,2024-09-01,None,None
INV003385,P012,Hyderabad_WH,3129,1431,6815,2024-09-01,None,None
INV003386,P013,Delhi_WH,2985,7888,9012,2024-09-01,None,None
INV003387,P013,Mumbai_WH,601,3567,5980,2024-09-01,None,None
INV003388,P013,Bengaluru_WH,716,3132,3712,2024-09-01,None,None
INV003389,P013,Kolkata_WH,3684,12498,9354,2024-09-01,None,None
INV003390,P013,Hyderabad_WH,4909,4196,1842,2024-09-01,None,None
INV003391,P014,Delhi_WH,3678,4221,5510,2024-09-01,None,None
INV003392,P014,Mumbai_WH,4091,1620,5285,2024-09-01,None,None
INV003393,P014,Bengaluru_WH,3702,3764,1643,2024-09-01,None,None
INV003394,P014,Kolkata_WH,2636,5974,9944,2024-09-01,None,None
INV003395,P014,Hyderabad_WH,1544,5963,6090,2024-09-01,None,None
INV003396,P015,Delhi_WH,3321,5176,1985,2024-09-01,None,None
INV003397,P015,Mumbai_WH,1248,5129,4002,2024-09-01,None,None
INV003398,P015,Bengaluru_WH,3304,2731,9525,2024-09-01,None,None
INV003399,P015,Kolkata_WH,159,2696,3133,2024-09-01,None,None
INV003400,P015,Hyderabad_WH,3342,1805,4005,2024-09-01,None,None
INV003401,P016,Delhi_WH,3536,3083,1726,2024-09-01,None,None
INV003402,P016,Mumbai_WH,467,8146,8793,2024-09-01,None,None
INV003403,P016,Bengaluru_WH,4741,639,9725,2024-09-01,None,None
INV003404,P016,Kolkata_WH,2590,1718,4711,2024-09-01,None,None
INV003405,P016,Hyderabad_WH,2780,381,4172,2024-09-01,None,None
INV003406,P017,Delhi_WH,3301,659,1537,2024-09-01,None,None
INV003407,P017,Mumbai_WH,1289,5101,4942,2024-09-01,None,None
INV003408,P017,Bengaluru_WH,3740,677,2989,2024-09-01,None,None
INV003409,P017,Kolkata_WH,1185,2447,3491,2024-09-01,None,None
INV003410,P017,Hyderabad_WH,3783,7191,5086,2024-09-01,None,None
INV003411,P018,Delhi_WH,3058,2808,4123,2024-09-01,None,None
INV003412,P018,Mumbai_WH,3891,9258,6838,2024-09-01,None,None
INV003413,P018,Bengaluru_WH,1895,107,3487,2024-09-01,None,None
INV003414,P018,Kolkata_WH,1904,9778,8919,2024-09-01,None,None
INV003415,P018,Hyderabad_WH,1666,4562,5238,2024-09-01,None,None
INV003416,P001,Delhi_WH,2503,2830,7154,2024-10-01,None,None
INV003417,P001,Mumbai_WH,938,2235,4286,2024-10-01,None,None
INV003418,P001,Bengaluru_WH,2523,7280,8379,2024-10-01,None,None
INV003419,P001,Kolkata_WH,4116,2484,7415,2024-10-01,None,None
INV003420,P001,Hyderabad_WH,598,7553,8306,2024-10-01,None,None
INV003421,P002,Delhi_WH,336,1428,3870,2024-10-01,None,None
INV003422,P002,Mumbai_WH,754,1254,3504,2024-10-01,None,None
INV003423,P002,Bengaluru_WH,1593,2266,9596,2024-10-01,None,None
INV003424,P002,Kolkata_WH,697,3582,3647,2024-10-01,None,None
INV003425,P002,Hyderabad_WH,3746,3338,3493,2024-10-01,None,None
INV003426,P003,Delhi_WH,2791,3730,5004,2024-10-01,None,None
INV003427,P003,Mumbai_WH,1508,1896,2155,2024-10-01,None,None
INV003428,P003,Bengaluru_WH,2712,9661,8878,2024-10-01,None,None
INV003429,P003,Kolkata_WH,2967,4752,2149,2024-10-01,None,None
INV003430,P003,Hyderabad_WH,1417,1331,1893,2024-10-01,None,None
INV003431,P004,Delhi_WH,3537,868,6455,2024-10-01,None,None
INV003432,P004,Mumbai_WH,4774,1581,2536,2024-10-01,None,None
INV003433,P004,Bengaluru_WH,4153,5960,8638,2024-10-01,None,None
INV003434,P004,Kolkata_WH,4792,9281,4919,2024-10-01,None,None
INV003435,P004,Hyderabad_WH,4972,1738,997,2024-10-01,None,None
INV003436,P005,Delhi_WH,333,5175,9475,2024-10-01,None,None
INV003437,P005,Mumbai_WH,2131,241,3297,2024-10-01,None,None
INV003438,P005,Bengaluru_WH,480,566,1257,2024-10-01,None,None
INV003439,P005,Kolkata_WH,3498,1261,2116,2024-10-01,None,None
INV003440,P005,Hyderabad_WH,1722,5694,5658,2024-10-01,None,None
INV003441,P006,Delhi_WH,2104,3239,7203,2024-10-01,None,None
INV003442,P006,Mumbai_WH,1028,4053,8271,2024-10-01,None,None
INV003443,P006,Bengaluru_WH,4827,6575,3618,2024-10-01,None,None
INV003444,P006,Kolkata_WH,718,1765,2219,2024-10-01,None,None
INV003445,P006,Hyderabad_WH,4887,9209,4388,2024-10-01,None,None
INV003446,P007,Delhi_WH,1118,1153,4162,2024-10-01,None,None
INV003447,P007,Mumbai_WH,4755,676,3424,2024-10-01,None,None
INV003448,P007,Bengaluru_WH,1573,1232,6398,2024-10-01,None,None
INV003449,P007,Kolkata_WH,3854,6385,7015,2024-10-01,None,None
INV003450,P007,Hyderabad_WH,4989,6288,3226,2024-10-01,None,None
INV003451,P008,Delhi_WH,2769,3343,2306,2024-10-01,None,None
INV003452,P008,Mumbai_WH,190,4757,4831,2024-10-01,None,None
INV003453,P008,Bengaluru_WH,2889,4147,7612,2024-10-01,None,None
INV003454,P008,Kolkata_WH,3261,762,1755,2024-10-01,None,None
INV003455,P008,Hyderabad_WH,3069,3017,2132,2024-10-01,None,None
INV003456,P009,Delhi_WH,475,5312,6333,2024-10-01,None,None
INV003457,P009,Mumbai_WH,4795,2845,5780,2024-10-01,None,None
INV003458,P009,Bengaluru_WH,3088,2656,4422,2024-10-01,None,None
INV003459,P009,Kolkata_WH,3125,6028,6133,2024-10-01,None,None
INV003460,P009,Hyderabad_WH,2032,3906,8605,2024-10-01,None,None
INV003461,P010,Delhi_WH,4276,10258,9453,2024-10-01,None,None
INV003462,P010,Mumbai_WH,1822,351,1424,2024-10-01,None,None
INV003463,P010,Bengaluru_WH,919,1814,3521,2024-10-01,None,None
INV003464,P010,Kolkata_WH,1339,2451,3392,2024-10-01,None,None
INV003465,P010,Hyderabad_WH,4830,12193,8507,2024-10-01,None,None
INV003466,P011,Delhi_WH,159,1331,1294,2024-10-01,None,None
INV003467,P011,Mumbai_WH,307,3803,5825,2024-10-01,None,None
INV003468,P011,Bengaluru_WH,3611,1919,4792,2024-10-01,None,None
INV003469,P011,Kolkata_WH,2014,1906,3816,2024-10-01,None,None
INV003470,P011,Hyderabad_WH,1628,1515,1707,2024-10-01,None,None
INV003471,P012,Delhi_WH,1819,4030,5768,2024-10-01,None,None
INV003472,P012,Mumbai_WH,313,2861,2890,2024-10-01,None,None
INV003473,P012,Bengaluru_WH,4673,2960,765,2024-10-01,None,None
INV003474,P012,Kolkata_WH,1638,2146,1983,2024-10-01,None,None
INV003475,P012,Hyderabad_WH,3843,4263,6691,2024-10-01,None,None
INV003476,P013,Delhi_WH,2649,11622,9762,2024-10-01,None,None
INV003477,P013,Mumbai_WH,1930,2654,3500,2024-10-01,None,None
INV003478,P013,Bengaluru_WH,610,3209,7518,2024-10-01,None,None
INV003479,P013,Kolkata_WH,165,1527,2229,2024-10-01,None,None
INV003480,P013,Hyderabad_WH,1574,88,851,2024-10-01,None,None
INV003481,P014,Delhi_WH,3390,3773,6970,2024-10-01,None,None
INV003482,P014,Mumbai_WH,3046,1985,3617,2024-10-01,None,None
INV003483,P014,Bengaluru_WH,3618,6324,3659,2024-10-01,None,None
INV003484,P014,Kolkata_WH,2741,5392,4326,2024-10-01,None,None
INV003485,P014,Hyderabad_WH,982,3715,5142,2024-10-01,None,None
INV003486,P015,Delhi_WH,925,2348,8586,2024-10-01,None,None
INV003487,P015,Mumbai_WH,3763,3436,3228,2024-10-01,None,None
INV003488,P015,Bengaluru_WH,2897,3221,2010,2024-10-01,None,None
INV003489,P015,Kolkata_WH,3262,481,3379,2024-10-01,None,None
INV003490,P015,Hyderabad_WH,646,619,5404,2024-10-01,None,None
INV003491,P016,Delhi_WH,1791,3236,6496,2024-10-01,None,None
INV003492,P016,Mumbai_WH,4829,6959,5215,2024-10-01,None,None
INV003493,P016,Bengaluru_WH,4841,3599,2875,2024-10-01,None,None
INV003494,P016,Kolkata_WH,2313,1509,1481,2024-10-01,None,None
INV003495,P016,Hyderabad_WH,4733,1495,3499,2024-10-01,None,None
INV003496,P017,Delhi_WH,1984,3642,8886,2024-10-01,None,None
INV003497,P017,Mumbai_WH,4729,9150,6231,2024-10-01,None,None
INV003498,P017,Bengaluru_WH,4337,7084,8706,2024-10-01,None,None
INV003499,P017,Kolkata_WH,3788,4144,4090,2024-10-01,None,None
INV003500,P017,Hyderabad_WH,1330,124,8374,2024-10-01,None,None
INV003501,P018,Delhi_WH,2384,3257,7453,2024-10-01,None,None
INV003502,P018,Mumbai_WH,1082,6649,6194,2024-10-01,None,None
INV003503,P018,Bengaluru_WH,1521,1705,3466,2024-10-01,None,None
INV003504,P018,Kolkata_WH,4481,737,9860,2024-10-01,None,None
INV003505,P018,Hyderabad_WH,1991,4603,3006,2024-10-01,None,None
INV003506,P001,Delhi_WH,483,641,601,2024-11-01,None,None
INV003507,P001,Mumbai_WH,4434,6204,2354,2024-11-01,None,None
INV003508,P001,Bengaluru_WH,4891,3329,3119,2024-11-01,None,None
INV003509,P001,Kolkata_WH,4593,12563,8359,2024-11-01,None,None
INV003510,P001,Hyderabad_WH,754,2013,7462,2024-11-01,None,None
INV003511,P002,Delhi_WH,239,2273,2423,2024-11-01,None,None
INV003512,P002,Mumbai_WH,4740,373,6903,2024-11-01,None,None
INV003513,P002,Bengaluru_WH,4694,4249,3636,2024-11-01,None,None
INV003514,P002,Kolkata_WH,2300,2233,1443,2024-11-01,None,None
INV003515,P002,Hyderabad_WH,2083,1065,3082,2024-11-01,None,None
INV003516,P003,Delhi_WH,4306,2087,7478,2024-11-01,None,None
INV003517,P003,Mumbai_WH,2379,4211,6050,2024-11-01,None,None
INV003518,P003,Bengaluru_WH,1467,2904,2066,2024-11-01,None,None
INV003519,P003,Kolkata_WH,1992,930,9671,2024-11-01,None,None
INV003520,P003,Hyderabad_WH,471,5248,6877,2024-11-01,None,None
INV003521,P004,Delhi_WH,3584,1395,1614,2024-11-01,None,None
INV003522,P004,Mumbai_WH,219,1698,4363,2024-11-01,None,None
INV003523,P004,Bengaluru_WH,3312,1299,7012,2024-11-01,None,None
INV003524,P004,Kolkata_WH,4536,3905,1647,2024-11-01,None,None
INV003525,P004,Hyderabad_WH,4776,5214,7694,2024-11-01,None,None
INV003526,P005,Delhi_WH,1172,1371,1217,2024-11-01,None,None
INV003527,P005,Mumbai_WH,4194,4696,1163,2024-11-01,None,None
INV003528,P005,Bengaluru_WH,4348,4200,797,2024-11-01,None,None
INV003529,P005,Kolkata_WH,3966,1949,9814,2024-11-01,None,None
INV003530,P005,Hyderabad_WH,2935,7272,5098,2024-11-01,None,None
INV003531,P006,Delhi_WH,3503,7427,9210,2024-11-01,None,None
INV003532,P006,Mumbai_WH,2028,3214,8104,2024-11-01,None,None
INV003533,P006,Bengaluru_WH,3214,1545,7540,2024-11-01,None,None
INV003534,P006,Kolkata_WH,4102,7239,6334,2024-11-01,None,None
INV003535,P006,Hyderabad_WH,1680,1588,9029,2024-11-01,None,None
INV003536,P007,Delhi_WH,2392,5561,3516,2024-11-01,None,None
INV003537,P007,Mumbai_WH,4802,10126,6095,2024-11-01,None,None
INV003538,P007,Bengaluru_WH,2864,12744,9933,2024-11-01,None,None
INV003539,P007,Kolkata_WH,2208,168,7031,2024-11-01,None,None
INV003540,P007,Hyderabad_WH,4369,8465,4880,2024-11-01,None,None
INV003541,P008,Delhi_WH,2999,6736,7154,2024-11-01,None,None
INV003542,P008,Mumbai_WH,3893,3295,3509,2024-11-01,None,None
INV003543,P008,Bengaluru_WH,448,960,2637,2024-11-01,None,None
INV003544,P008,Kolkata_WH,1130,1125,1908,2024-11-01,None,None
INV003545,P008,Hyderabad_WH,2488,4153,9012,2024-11-01,None,None
INV003546,P009,Delhi_WH,1999,2281,820,2024-11-01,None,None
INV003547,P009,Mumbai_WH,2156,342,1037,2024-11-01,None,None
INV003548,P009,Bengaluru_WH,1914,3043,2702,2024-11-01,None,None
INV003549,P009,Kolkata_WH,3989,6366,7922,2024-11-01,None,None
INV003550,P009,Hyderabad_WH,906,1741,1005,2024-11-01,None,None
INV003551,P010,Delhi_WH,1867,8123,9040,2024-11-01,None,None
INV003552,P010,Mumbai_WH,468,2131,1784,2024-11-01,None,None
INV003553,P010,Bengaluru_WH,4196,1558,1561,2024-11-01,None,None
INV003554,P010,Kolkata_WH,103,2915,5992,2024-11-01,None,None
INV003555,P010,Hyderabad_WH,459,913,7701,2024-11-01,None,None
INV003556,P011,Delhi_WH,1261,9398,9477,2024-11-01,None,None
INV003557,P011,Mumbai_WH,4012,6564,6113,2024-11-01,None,None
INV003558,P011,Bengaluru_WH,4623,4361,5724,2024-11-01,None,None
INV003559,P011,Kolkata_WH,4112,6514,8885,2024-11-01,None,None
INV003560,P011,Hyderabad_WH,4837,6538,5354,2024-11-01,None,None
INV003561,P012,Delhi_WH,962,1564,7667,2024-11-01,None,None
INV003562,P012,Mumbai_WH,2875,1521,703,2024-11-01,None,None
INV003563,P012,Bengaluru_WH,2979,3259,6941,2024-11-01,None,None
INV003564,P012,Kolkata_WH,2863,10415,9093,2024-11-01,None,None
INV003565,P012,Hyderabad_WH,4715,1418,7148,2024-11-01,None,None
INV003566,P013,Delhi_WH,3350,2987,8765,2024-11-01,None,None
INV003567,P013,Mumbai_WH,242,3823,3932,2024-11-01,None,None
INV003568,P013,Bengaluru_WH,4058,5119,6538,2024-11-01,None,None
INV003569,P013,Kolkata_WH,2634,2192,2391,2024-11-01,None,None
INV003570,P013,Hyderabad_WH,2909,653,8062,2024-11-01,None,None
INV003571,P014,Delhi_WH,540,337,2507,2024-11-01,None,None
INV003572,P014,Mumbai_WH,4577,130,4981,2024-11-01,None,None
INV003573,P014,Bengaluru_WH,3205,2762,689,2024-11-01,None,None
INV003574,P014,Kolkata_WH,3193,1980,8527,2024-11-01,None,None
INV003575,P014,Hyderabad_WH,4123,9784,6522,2024-11-01,None,None
INV003576,P015,Delhi_WH,606,1615,7754,2024-11-01,None,None
INV003577,P015,Mumbai_WH,4809,242,7535,2024-11-01,None,None
INV003578,P015,Bengaluru_WH,4493,952,6646,2024-11-01,None,None
INV003579,P015,Kolkata_WH,1124,5364,7128,2024-11-01,None,None
INV003580,P015,Hyderabad_WH,2001,6819,7813,2024-11-01,None,None
INV003581,P016,Delhi_WH,4811,7603,5427,2024-11-01,None,None
INV003582,P016,Mumbai_WH,1847,4147,7293,2024-11-01,None,None
INV003583,P016,Bengaluru_WH,1678,7032,8013,2024-11-01,None,None
INV003584,P016,Kolkata_WH,3704,1684,1061,2024-11-01,None,None
INV003585,P016,Hyderabad_WH,2706,3186,6025,2024-11-01,None,None
INV003586,P017,Delhi_WH,829,6479,6392,2024-11-01,None,None
INV003587,P017,Mumbai_WH,1766,1739,7724,2024-11-01,None,None
INV003588,P017,Bengaluru_WH,1958,1689,7116,2024-11-01,None,None
INV003589,P017,Kolkata_WH,4398,9441,6320,2024-11-01,None,None
INV003590,P017,Hyderabad_WH,3198,307,7914,2024-11-01,None,None
INV003591,P018,Delhi_WH,831,560,782,2024-11-01,None,None
INV003592,P018,Mumbai_WH,3177,4322,2244,2024-11-01,None,None
INV003593,P018,Bengaluru_WH,3904,1596,4124,2024-11-01,None,None
INV003594,P018,Kolkata_WH,1920,6774,8207,2024-11-01,None,None
INV003595,P018,Hyderabad_WH,756,1884,5280,2024-11-01,None,None
INV003596,P001,Delhi_WH,4070,3398,7306,2024-12-01,None,None
INV003597,P001,Mumbai_WH,3192,2830,4716,2024-12-01,None,None
INV003598,P001,Bengaluru_WH,724,7404,7770,2024-12-01,None,None
INV003599,P001,Kolkata_WH,1667,3376,5660,2024-12-01,None,None
INV003600,P001,Hyderabad_WH,4689,2268,6964,2024-12-01,None,None
INV003601,P002,Delhi_WH,898,4717,7991,2024-12-01,None,None
INV003602,P002,Mumbai_WH,2231,6848,8612,2024-12-01,None,None
INV003603,P002,Bengaluru_WH,673,6954,6877,2024-12-01,None,None
INV003604,P002,Kolkata_WH,3690,5300,7480,2024-12-01,None,None
INV003605,P002,Hyderabad_WH,234,501,1229,2024-12-01,None,None
INV003606,P003,Delhi_WH,4992,10447,6448,2024-12-01,None,None
INV003607,P003,Mumbai_WH,4620,756,9840,2024-12-01,None,None
INV003608,P003,Bengaluru_WH,4316,7448,9591,2024-12-01,None,None
INV003609,P003,Kolkata_WH,3208,4264,3434,2024-12-01,None,None
INV003610,P003,Hyderabad_WH,4956,2506,3139,2024-12-01,None,None
INV003611,P004,Delhi_WH,2082,5097,4213,2024-12-01,None,None
INV003612,P004,Mumbai_WH,1087,9118,9214,2024-12-01,None,None
INV003613,P004,Bengaluru_WH,4728,418,4040,2024-12-01,None,None
INV003614,P004,Kolkata_WH,689,7790,7145,2024-12-01,None,None
INV003615,P004,Hyderabad_WH,4859,6887,3655,2024-12-01,None,None
INV003616,P005,Delhi_WH,3049,8333,8474,2024-12-01,None,None
INV003617,P005,Mumbai_WH,760,4141,6032,2024-12-01,None,None
INV003618,P005,Bengaluru_WH,2903,81,4535,2024-12-01,None,None
INV003619,P005,Kolkata_WH,667,7216,8008,2024-12-01,None,None
INV003620,P005,Hyderabad_WH,1182,2454,9059,2024-12-01,None,None
INV003621,P006,Delhi_WH,4956,5951,9070,2024-12-01,None,None
INV003622,P006,Mumbai_WH,1243,306,4004,2024-12-01,None,None
INV003623,P006,Bengaluru_WH,2161,313,3805,2024-12-01,None,None
INV003624,P006,Kolkata_WH,643,5716,5644,2024-12-01,None,None
INV003625,P006,Hyderabad_WH,2315,316,4097,2024-12-01,None,None
INV003626,P007,Delhi_WH,4763,331,2312,2024-12-01,None,None
INV003627,P007,Mumbai_WH,3856,4758,1391,2024-12-01,None,None
INV003628,P007,Bengaluru_WH,4446,5583,2305,2024-12-01,None,None
INV003629,P007,Kolkata_WH,1822,332,6660,2024-12-01,None,None
INV003630,P007,Hyderabad_WH,4760,10799,7389,2024-12-01,None,None
INV003631,P008,Delhi_WH,1558,5840,5921,2024-12-01,None,None
INV003632,P008,Mumbai_WH,3623,7178,3933,2024-12-01,None,None
INV003633,P008,Bengaluru_WH,2418,1966,5716,2024-12-01,None,None
INV003634,P008,Kolkata_WH,1690,5057,9072,2024-12-01,None,None
INV003635,P008,Hyderabad_WH,696,3483,9197,2024-12-01,None,None
INV003636,P009,Delhi_WH,3411,5160,2320,2024-12-01,None,None
INV003637,P009,Mumbai_WH,3058,6340,4252,2024-12-01,None,None
INV003638,P009,Bengaluru_WH,2299,5210,3896,2024-12-01,None,None
INV003639,P009,Kolkata_WH,3554,3905,807,2024-12-01,None,None
INV003640,P009,Hyderabad_WH,2726,4892,5181,2024-12-01,None,None
INV003641,P010,Delhi_WH,3384,965,3235,2024-12-01,None,None
INV003642,P010,Mumbai_WH,3064,3456,4293,2024-12-01,None,None
INV003643,P010,Bengaluru_WH,687,1422,4435,2024-12-01,None,None
INV003644,P010,Kolkata_WH,3331,2625,8687,2024-12-01,None,None
INV003645,P010,Hyderabad_WH,2739,2902,5909,2024-12-01,None,None
INV003646,P011,Delhi_WH,220,1133,3304,2024-12-01,None,None
INV003647,P011,Mumbai_WH,222,222,6758,2024-12-01,None,None
INV003648,P011,Bengaluru_WH,3584,2879,6453,2024-12-01,None,None
INV003649,P011,Kolkata_WH,2857,7845,9919,2024-12-01,None,None
INV003650,P011,Hyderabad_WH,1847,4467,8871,2024-12-01,None,None
INV003651,P012,Delhi_WH,348,3947,7455,2024-12-01,None,None
INV003652,P012,Mumbai_WH,2892,4088,4794,2024-12-01,None,None
INV003653,P012,Bengaluru_WH,1462,3222,6848,2024-12-01,None,None
INV003654,P012,Kolkata_WH,3904,8413,6457,2024-12-01,None,None
INV003655,P012,Hyderabad_WH,3845,1422,8043,2024-12-01,None,None
INV003656,P013,Delhi_WH,549,3990,8118,2024-12-01,None,None
INV003657,P013,Mumbai_WH,1815,2315,4045,2024-12-01,None,None
INV003658,P013,Bengaluru_WH,2774,3118,3703,2024-12-01,None,None
INV003659,P013,Kolkata_WH,2284,105,669,2024-12-01,None,None
INV003660,P013,Hyderabad_WH,834,3739,9696,2024-12-01,None,None
INV003661,P014,Delhi_WH,442,476,2238,2024-12-01,None,None
INV003662,P014,Mumbai_WH,3706,3823,729,2024-12-01,None,None
INV003663,P014,Bengaluru_WH,3785,9120,7046,2024-12-01,None,None
INV003664,P014,Kolkata_WH,3445,3821,662,2024-12-01,None,None
INV003665,P014,Hyderabad_WH,4132,6546,5370,2024-12-01,None,None
INV003666,P015,Delhi_WH,1758,7139,6115,2024-12-01,None,None
INV003667,P015,Mumbai_WH,2075,4421,6398,2024-12-01,None,None
INV003668,P015,Bengaluru_WH,1584,2871,4580,2024-12-01,None,None
INV003669,P015,Kolkata_WH,2374,2007,5942,2024-12-01,None,None
INV003670,P015,Hyderabad_WH,120,1345,1936,2024-12-01,None,None
INV003671,P016,Delhi_WH,1853,4027,4693,2024-12-01,None,None
INV003672,P016,Mumbai_WH,2918,2556,897,2024-12-01,None,None
INV003673,P016,Bengaluru_WH,646,4534,6576,2024-12-01,None,None
INV003674,P016,Kolkata_WH,2329,7028,9666,2024-12-01,None,None
INV003675,P016,Hyderabad_WH,4510,2045,7732,2024-12-01,None,None
INV003676,P017,Delhi_WH,713,968,9112,2024-12-01,None,None
INV003677,P017,Mumbai_WH,3736,4923,7651,2024-12-01,None,None
INV003678,P017,Bengaluru_WH,165,8763,8603,2024-12-01,None,None
INV003679,P017,Kolkata_WH,3906,7146,4604,2024-12-01,None,None
INV003680,P017,Hyderabad_WH,1739,1339,9834,2024-12-01,None,None
INV003681,P018,Delhi_WH,3663,2884,5969,2024-12-01,None,None
INV003682,P018,Mumbai_WH,3186,289,1681,2024-12-01,None,None
INV003683,P018,Bengaluru_WH,4447,9043,5986,2024-12-01,None,None
INV003684,P018,Kolkata_WH,3067,4457,9760,2024-12-01,None,None
INV003685,P018,Hyderabad_WH,3894,7737,4352,2024-12-01,None,None
